0
SECTION
2
TABLES
0
TABLE
2
LAYER
70
4
0
LAYER
100
AcDbSymbolTableRecord
100
AcDbLayerTableRecord
2
0
70
0
62
7
6
Continuous
0
LAYER
100
AcDbSymbolTableRecord
100
AcDbLayerTableRecord
2
Panels
70
0
62
7
6
Continuous
0
LAYER
100
AcDbSymbolTableRecord
100
AcDbLayerTableRecord
2
Panel Groups
70
0
62
7
6
Continuous
0
LAYER
100
AcDbSymbolTableRecord
100
AcDbLayerTableRecord
2
Defpoints
70
0
62
7
6
Continuous
0
ENDTAB
0
ENDSEC
0
SECTION
2
ENTITIES
0
LWPOLYLINE
5
9462
100
AcDbEntity
8
Panels
100
AcDbPolyline
90
4
70
1
38
-25.296
10
14323.816
20
2836.126
10
14400.816
20
2836.126
10
14400.816
20
2874.595
10
14323.816
20
2874.595
0
LWPOLYLINE
5
9461
100
AcDbEntity
8
Panels
100
AcDbPolyline
90
4
70
1
38
-25.296
10
14246.566
20
2836.126
10
14323.566
20
2836.126
10
14323.566
20
2874.595
10
14246.566
20
2874.595
0
LWPOLYLINE
5
9460
100
AcDbEntity
8
Panels
100
AcDbPolyline
90
4
70
1
38
-25.296
10
14169.316
20
2836.126
10
14246.316
20
2836.126
10
14246.316
20
2874.595
10
14169.316
20
2874.595
0
LWPOLYLINE
5
945F
100
AcDbEntity
8
Panels
100
AcDbPolyline
90
4
70
1
38
-25.296
10
14092.066
20
2836.126
10
14169.066
20
2836.126
10
14169.066
20
2874.595
10
14092.066
20
2874.595
0
LWPOLYLINE
5
945E
100
AcDbEntity
8
Panels
100
AcDbPolyline
90
4
70
1
38
-25.296
10
14401.066
20
2836.126
10
14478.066
20
2836.126
10
14478.066
20
2874.595
10
14401.066
20
2874.595
0
LWPOLYLINE
5
945D
100
AcDbEntity
8
Panels
100
AcDbPolyline
90
4
70
1
38
-25.296
10
15328.316
20
2893.933
10
15405.316
20
2893.933
10
15405.316
20
2932.402
10
15328.316
20
2932.402
0
LWPOLYLINE
5
945C
100
AcDbEntity
8
Panels
100
AcDbPolyline
90
4
70
1
38
-25.296
10
15251.066
20
2893.933
10
15328.066
20
2893.933
10
15328.066
20
2932.402
10
15251.066
20
2932.402
0
LWPOLYLINE
5
945B
100
AcDbEntity
8
Panels
100
AcDbPolyline
90
4
70
1
38
-25.296
10
14710.066
20
2836.126
10
14787.066
20
2836.126
10
14787.066
20
2874.595
10
14710.066
20
2874.595
0
LWPOLYLINE
5
945A
100
AcDbEntity
8
Panels
100
AcDbPolyline
90
4
70
1
38
-25.296
10
14632.816
20
2836.126
10
14709.816
20
2836.126
10
14709.816
20
2874.595
10
14632.816
20
2874.595
0
LWPOLYLINE
5
9459
100
AcDbEntity
8
Panels
100
AcDbPolyline
90
4
70
1
38
-25.296
10
14555.566
20
2836.126
10
14632.566
20
2836.126
10
14632.566
20
2874.595
10
14555.566
20
2874.595
0
LWPOLYLINE
5
9458
100
AcDbEntity
8
Panels
100
AcDbPolyline
90
4
70
1
38
-25.296
10
14478.316
20
2836.126
10
14555.316
20
2836.126
10
14555.316
20
2874.595
10
14478.316
20
2874.595
0
LWPOLYLINE
5
9457
100
AcDbEntity
8
Panels
100
AcDbPolyline
90
4
70
1
38
-25.296
10
15559.816
20
2893.933
10
15636.816
20
2893.933
10
15636.816
20
2932.402
10
15559.816
20
2932.402
0
LWPOLYLINE
5
9456
100
AcDbEntity
8
Panels
100
AcDbPolyline
90
4
70
1
38
-25.296
10
15482.566
20
2893.933
10
15559.566
20
2893.933
10
15559.566
20
2932.402
10
15482.566
20
2932.402
0
LWPOLYLINE
5
9455
100
AcDbEntity
8
Panels
100
AcDbPolyline
90
4
70
1
38
-25.296
10
15405.316
20
2893.933
10
15482.316
20
2893.933
10
15482.316
20
2932.402
10
15405.316
20
2932.402
0
LWPOLYLINE
5
9454
100
AcDbEntity
8
Panels
100
AcDbPolyline
90
4
70
1
38
-25.296
10
15482.566
20
2778.32
10
15559.566
20
2778.32
10
15559.566
20
2816.788
10
15482.566
20
2816.788
0
LWPOLYLINE
5
9453
100
AcDbEntity
8
Panels
100
AcDbPolyline
90
4
70
1
38
-25.296
10
15482.566
20
2547.092
10
15559.566
20
2547.092
10
15559.566
20
2585.561
10
15482.566
20
2585.561
0
LWPOLYLINE
5
9452
100
AcDbEntity
8
Panels
100
AcDbPolyline
90
4
70
1
38
-25.296
10
15482.566
20
2604.899
10
15559.566
20
2604.899
10
15559.566
20
2643.368
10
15482.566
20
2643.368
0
LWPOLYLINE
5
9451
100
AcDbEntity
8
Panels
100
AcDbPolyline
90
4
70
1
38
-25.296
10
15482.566
20
2662.706
10
15559.566
20
2662.706
10
15559.566
20
2701.175
10
15482.566
20
2701.175
0
LWPOLYLINE
5
9450
100
AcDbEntity
8
Panels
100
AcDbPolyline
90
4
70
1
38
-25.296
10
15482.566
20
2720.513
10
15559.566
20
2720.513
10
15559.566
20
2758.982
10
15482.566
20
2758.982
0
LWPOLYLINE
5
944F
100
AcDbEntity
8
Panels
100
AcDbPolyline
90
4
70
1
38
-25.296
10
15482.566
20
2836.126
10
15559.566
20
2836.126
10
15559.566
20
2874.595
10
15482.566
20
2874.595
0
LWPOLYLINE
5
944E
100
AcDbEntity
8
Panels
100
AcDbPolyline
90
4
70
1
38
-25.296
10
15559.816
20
2778.32
10
15636.816
20
2778.32
10
15636.816
20
2816.788
10
15559.816
20
2816.788
0
LWPOLYLINE
5
944D
100
AcDbEntity
8
Panels
100
AcDbPolyline
90
4
70
1
38
-25.296
10
15405.316
20
2778.32
10
15482.316
20
2778.32
10
15482.316
20
2816.788
10
15405.316
20
2816.788
0
LWPOLYLINE
5
944C
100
AcDbEntity
8
Panels
100
AcDbPolyline
90
4
70
1
38
-25.296
10
15328.066
20
2778.32
10
15405.066
20
2778.32
10
15405.066
20
2816.788
10
15328.066
20
2816.788
0
LWPOLYLINE
5
944B
100
AcDbEntity
8
Panels
100
AcDbPolyline
90
4
70
1
38
-25.296
10
15250.816
20
2778.32
10
15327.816
20
2778.32
10
15327.816
20
2816.788
10
15250.816
20
2816.788
0
LWPOLYLINE
5
944A
100
AcDbEntity
8
Panels
100
AcDbPolyline
90
4
70
1
38
-25.296
10
15173.566
20
2778.32
10
15250.566
20
2778.32
10
15250.566
20
2816.788
10
15173.566
20
2816.788
0
LWPOLYLINE
5
9449
100
AcDbEntity
8
Panels
100
AcDbPolyline
90
4
70
1
38
-25.296
10
15096.316
20
2778.32
10
15173.316
20
2778.32
10
15173.316
20
2816.788
10
15096.316
20
2816.788
0
LWPOLYLINE
5
9448
100
AcDbEntity
8
Panels
100
AcDbPolyline
90
4
70
1
38
-25.296
10
14941.816
20
2778.32
10
15018.816
20
2778.32
10
15018.816
20
2816.788
10
14941.816
20
2816.788
0
LWPOLYLINE
5
9447
100
AcDbEntity
8
Panels
100
AcDbPolyline
90
4
70
1
38
-25.296
10
14864.566
20
2778.32
10
14941.566
20
2778.32
10
14941.566
20
2816.788
10
14864.566
20
2816.788
0
LWPOLYLINE
5
9446
100
AcDbEntity
8
Panels
100
AcDbPolyline
90
4
70
1
38
-25.296
10
14787.316
20
2778.32
10
14864.316
20
2778.32
10
14864.316
20
2816.788
10
14787.316
20
2816.788
0
LWPOLYLINE
5
9445
100
AcDbEntity
8
Panels
100
AcDbPolyline
90
4
70
1
38
-25.296
10
14710.066
20
2778.32
10
14787.066
20
2778.32
10
14787.066
20
2816.788
10
14710.066
20
2816.788
0
LWPOLYLINE
5
9444
100
AcDbEntity
8
Panels
100
AcDbPolyline
90
4
70
1
38
-25.296
10
14632.816
20
2778.32
10
14709.816
20
2778.32
10
14709.816
20
2816.788
10
14632.816
20
2816.788
0
LWPOLYLINE
5
9443
100
AcDbEntity
8
Panels
100
AcDbPolyline
90
4
70
1
38
-25.296
10
14555.566
20
2778.32
10
14632.566
20
2778.32
10
14632.566
20
2816.788
10
14555.566
20
2816.788
0
LWPOLYLINE
5
9442
100
AcDbEntity
8
Panels
100
AcDbPolyline
90
4
70
1
38
-25.296
10
14478.316
20
2778.32
10
14555.316
20
2778.32
10
14555.316
20
2816.788
10
14478.316
20
2816.788
0
LWPOLYLINE
5
9441
100
AcDbEntity
8
Panels
100
AcDbPolyline
90
4
70
1
38
-25.296
10
14401.066
20
2778.32
10
14478.066
20
2778.32
10
14478.066
20
2816.788
10
14401.066
20
2816.788
0
LWPOLYLINE
5
9440
100
AcDbEntity
8
Panels
100
AcDbPolyline
90
4
70
1
38
-25.296
10
14323.816
20
2778.32
10
14400.816
20
2778.32
10
14400.816
20
2816.788
10
14323.816
20
2816.788
0
LWPOLYLINE
5
943F
100
AcDbEntity
8
Panels
100
AcDbPolyline
90
4
70
1
38
-25.296
10
14246.566
20
2778.32
10
14323.566
20
2778.32
10
14323.566
20
2816.788
10
14246.566
20
2816.788
0
LWPOLYLINE
5
943E
100
AcDbEntity
8
Panels
100
AcDbPolyline
90
4
70
1
38
-25.296
10
14169.316
20
2778.32
10
14246.316
20
2778.32
10
14246.316
20
2816.788
10
14169.316
20
2816.788
0
LWPOLYLINE
5
943D
100
AcDbEntity
8
Panels
100
AcDbPolyline
90
4
70
1
38
-25.296
10
14092.066
20
2778.32
10
14169.066
20
2778.32
10
14169.066
20
2816.788
10
14092.066
20
2816.788
0
LWPOLYLINE
5
943C
100
AcDbEntity
8
Panels
100
AcDbPolyline
90
4
70
1
38
-25.296
10
15559.816
20
2547.092
10
15636.816
20
2547.092
10
15636.816
20
2585.561
10
15559.816
20
2585.561
0
LWPOLYLINE
5
943B
100
AcDbEntity
8
Panels
100
AcDbPolyline
90
4
70
1
38
-25.296
10
15405.316
20
2547.092
10
15482.316
20
2547.092
10
15482.316
20
2585.561
10
15405.316
20
2585.561
0
LWPOLYLINE
5
943A
100
AcDbEntity
8
Panels
100
AcDbPolyline
90
4
70
1
38
-25.296
10
15328.066
20
2547.092
10
15405.066
20
2547.092
10
15405.066
20
2585.561
10
15328.066
20
2585.561
0
LWPOLYLINE
5
9439
100
AcDbEntity
8
Panels
100
AcDbPolyline
90
4
70
1
38
-25.296
10
15250.816
20
2547.092
10
15327.816
20
2547.092
10
15327.816
20
2585.561
10
15250.816
20
2585.561
0
LWPOLYLINE
5
9438
100
AcDbEntity
8
Panels
100
AcDbPolyline
90
4
70
1
38
-25.296
10
14941.816
20
2547.092
10
15018.816
20
2547.092
10
15018.816
20
2585.561
10
14941.816
20
2585.561
0
LWPOLYLINE
5
9437
100
AcDbEntity
8
Panels
100
AcDbPolyline
90
4
70
1
38
-25.296
10
14864.566
20
2547.092
10
14941.566
20
2547.092
10
14941.566
20
2585.561
10
14864.566
20
2585.561
0
LWPOLYLINE
5
9436
100
AcDbEntity
8
Panels
100
AcDbPolyline
90
4
70
1
38
-25.296
10
14787.316
20
2547.092
10
14864.316
20
2547.092
10
14864.316
20
2585.561
10
14787.316
20
2585.561
0
LWPOLYLINE
5
9435
100
AcDbEntity
8
Panels
100
AcDbPolyline
90
4
70
1
38
-25.296
10
14710.066
20
2547.092
10
14787.066
20
2547.092
10
14787.066
20
2585.561
10
14710.066
20
2585.561
0
LWPOLYLINE
5
9434
100
AcDbEntity
8
Panels
100
AcDbPolyline
90
4
70
1
38
-25.296
10
14632.816
20
2547.092
10
14709.816
20
2547.092
10
14709.816
20
2585.561
10
14632.816
20
2585.561
0
LWPOLYLINE
5
9433
100
AcDbEntity
8
Panels
100
AcDbPolyline
90
4
70
1
38
-25.296
10
14555.566
20
2547.092
10
14632.566
20
2547.092
10
14632.566
20
2585.561
10
14555.566
20
2585.561
0
LWPOLYLINE
5
9432
100
AcDbEntity
8
Panels
100
AcDbPolyline
90
4
70
1
38
-25.296
10
15559.816
20
2604.899
10
15636.816
20
2604.899
10
15636.816
20
2643.368
10
15559.816
20
2643.368
0
LWPOLYLINE
5
9431
100
AcDbEntity
8
Panels
100
AcDbPolyline
90
4
70
1
38
-25.296
10
15405.316
20
2604.899
10
15482.316
20
2604.899
10
15482.316
20
2643.368
10
15405.316
20
2643.368
0
LWPOLYLINE
5
9430
100
AcDbEntity
8
Panels
100
AcDbPolyline
90
4
70
1
38
-25.296
10
15328.066
20
2604.899
10
15405.066
20
2604.899
10
15405.066
20
2643.368
10
15328.066
20
2643.368
0
LWPOLYLINE
5
942F
100
AcDbEntity
8
Panels
100
AcDbPolyline
90
4
70
1
38
-25.296
10
15250.816
20
2604.899
10
15327.816
20
2604.899
10
15327.816
20
2643.368
10
15250.816
20
2643.368
0
LWPOLYLINE
5
942E
100
AcDbEntity
8
Panels
100
AcDbPolyline
90
4
70
1
38
-25.296
10
15173.566
20
2604.899
10
15250.566
20
2604.899
10
15250.566
20
2643.368
10
15173.566
20
2643.368
0
LWPOLYLINE
5
942D
100
AcDbEntity
8
Panels
100
AcDbPolyline
90
4
70
1
38
-25.296
10
15096.316
20
2604.899
10
15173.316
20
2604.899
10
15173.316
20
2643.368
10
15096.316
20
2643.368
0
LWPOLYLINE
5
942C
100
AcDbEntity
8
Panels
100
AcDbPolyline
90
4
70
1
38
-25.296
10
14710.066
20
2604.899
10
14787.066
20
2604.899
10
14787.066
20
2643.368
10
14710.066
20
2643.368
0
LWPOLYLINE
5
942B
100
AcDbEntity
8
Panels
100
AcDbPolyline
90
4
70
1
38
-25.296
10
14632.816
20
2604.899
10
14709.816
20
2604.899
10
14709.816
20
2643.368
10
14632.816
20
2643.368
0
LWPOLYLINE
5
942A
100
AcDbEntity
8
Panels
100
AcDbPolyline
90
4
70
1
38
-25.296
10
14555.566
20
2604.899
10
14632.566
20
2604.899
10
14632.566
20
2643.368
10
14555.566
20
2643.368
0
LWPOLYLINE
5
9429
100
AcDbEntity
8
Panels
100
AcDbPolyline
90
4
70
1
38
-25.296
10
14478.316
20
2604.899
10
14555.316
20
2604.899
10
14555.316
20
2643.368
10
14478.316
20
2643.368
0
LWPOLYLINE
5
9428
100
AcDbEntity
8
Panels
100
AcDbPolyline
90
4
70
1
38
-25.296
10
14401.066
20
2604.899
10
14478.066
20
2604.899
10
14478.066
20
2643.368
10
14401.066
20
2643.368
0
LWPOLYLINE
5
9427
100
AcDbEntity
8
Panels
100
AcDbPolyline
90
4
70
1
38
-25.296
10
14323.816
20
2604.899
10
14400.816
20
2604.899
10
14400.816
20
2643.368
10
14323.816
20
2643.368
0
LWPOLYLINE
5
9426
100
AcDbEntity
8
Panels
100
AcDbPolyline
90
4
70
1
38
-25.296
10
14246.566
20
2604.899
10
14323.566
20
2604.899
10
14323.566
20
2643.368
10
14246.566
20
2643.368
0
LWPOLYLINE
5
9425
100
AcDbEntity
8
Panels
100
AcDbPolyline
90
4
70
1
38
-25.296
10
14169.316
20
2604.899
10
14246.316
20
2604.899
10
14246.316
20
2643.368
10
14169.316
20
2643.368
0
LWPOLYLINE
5
9424
100
AcDbEntity
8
Panels
100
AcDbPolyline
90
4
70
1
38
-25.296
10
14092.066
20
2604.899
10
14169.066
20
2604.899
10
14169.066
20
2643.368
10
14092.066
20
2643.368
0
LWPOLYLINE
5
9423
100
AcDbEntity
8
Panels
100
AcDbPolyline
90
4
70
1
38
-25.296
10
15559.816
20
2662.706
10
15636.816
20
2662.706
10
15636.816
20
2701.175
10
15559.816
20
2701.175
0
LWPOLYLINE
5
9422
100
AcDbEntity
8
Panels
100
AcDbPolyline
90
4
70
1
38
-25.296
10
15405.316
20
2662.706
10
15482.316
20
2662.706
10
15482.316
20
2701.175
10
15405.316
20
2701.175
0
LWPOLYLINE
5
9421
100
AcDbEntity
8
Panels
100
AcDbPolyline
90
4
70
1
38
-25.296
10
15328.066
20
2662.706
10
15405.066
20
2662.706
10
15405.066
20
2701.175
10
15328.066
20
2701.175
0
LWPOLYLINE
5
9420
100
AcDbEntity
8
Panels
100
AcDbPolyline
90
4
70
1
38
-25.296
10
15250.816
20
2662.706
10
15327.816
20
2662.706
10
15327.816
20
2701.175
10
15250.816
20
2701.175
0
LWPOLYLINE
5
941F
100
AcDbEntity
8
Panels
100
AcDbPolyline
90
4
70
1
38
-25.296
10
15173.566
20
2662.706
10
15250.566
20
2662.706
10
15250.566
20
2701.175
10
15173.566
20
2701.175
0
LWPOLYLINE
5
941E
100
AcDbEntity
8
Panels
100
AcDbPolyline
90
4
70
1
38
-25.296
10
15096.316
20
2662.706
10
15173.316
20
2662.706
10
15173.316
20
2701.175
10
15096.316
20
2701.175
0
LWPOLYLINE
5
941D
100
AcDbEntity
8
Panels
100
AcDbPolyline
90
4
70
1
38
-25.296
10
14710.066
20
2662.706
10
14787.066
20
2662.706
10
14787.066
20
2701.175
10
14710.066
20
2701.175
0
LWPOLYLINE
5
941C
100
AcDbEntity
8
Panels
100
AcDbPolyline
90
4
70
1
38
-25.296
10
14632.816
20
2662.706
10
14709.816
20
2662.706
10
14709.816
20
2701.175
10
14632.816
20
2701.175
0
LWPOLYLINE
5
941B
100
AcDbEntity
8
Panels
100
AcDbPolyline
90
4
70
1
38
-25.296
10
14555.566
20
2662.706
10
14632.566
20
2662.706
10
14632.566
20
2701.175
10
14555.566
20
2701.175
0
LWPOLYLINE
5
941A
100
AcDbEntity
8
Panels
100
AcDbPolyline
90
4
70
1
38
-25.296
10
14478.316
20
2662.706
10
14555.316
20
2662.706
10
14555.316
20
2701.175
10
14478.316
20
2701.175
0
LWPOLYLINE
5
9419
100
AcDbEntity
8
Panels
100
AcDbPolyline
90
4
70
1
38
-25.296
10
14401.066
20
2662.706
10
14478.066
20
2662.706
10
14478.066
20
2701.175
10
14401.066
20
2701.175
0
LWPOLYLINE
5
9418
100
AcDbEntity
8
Panels
100
AcDbPolyline
90
4
70
1
38
-25.296
10
14323.816
20
2662.706
10
14400.816
20
2662.706
10
14400.816
20
2701.175
10
14323.816
20
2701.175
0
LWPOLYLINE
5
9417
100
AcDbEntity
8
Panels
100
AcDbPolyline
90
4
70
1
38
-25.296
10
14246.566
20
2662.706
10
14323.566
20
2662.706
10
14323.566
20
2701.175
10
14246.566
20
2701.175
0
LWPOLYLINE
5
9416
100
AcDbEntity
8
Panels
100
AcDbPolyline
90
4
70
1
38
-25.296
10
14169.316
20
2662.706
10
14246.316
20
2662.706
10
14246.316
20
2701.175
10
14169.316
20
2701.175
0
LWPOLYLINE
5
9415
100
AcDbEntity
8
Panels
100
AcDbPolyline
90
4
70
1
38
-25.296
10
14092.066
20
2662.706
10
14169.066
20
2662.706
10
14169.066
20
2701.175
10
14092.066
20
2701.175
0
LWPOLYLINE
5
9414
100
AcDbEntity
8
Panels
100
AcDbPolyline
90
4
70
1
38
-25.296
10
15559.816
20
2720.513
10
15636.816
20
2720.513
10
15636.816
20
2758.982
10
15559.816
20
2758.982
0
LWPOLYLINE
5
9413
100
AcDbEntity
8
Panels
100
AcDbPolyline
90
4
70
1
38
-25.296
10
15405.316
20
2720.513
10
15482.316
20
2720.513
10
15482.316
20
2758.982
10
15405.316
20
2758.982
0
LWPOLYLINE
5
9412
100
AcDbEntity
8
Panels
100
AcDbPolyline
90
4
70
1
38
-25.296
10
15328.066
20
2720.513
10
15405.066
20
2720.513
10
15405.066
20
2758.982
10
15328.066
20
2758.982
0
LWPOLYLINE
5
9411
100
AcDbEntity
8
Panels
100
AcDbPolyline
90
4
70
1
38
-25.296
10
15250.816
20
2720.513
10
15327.816
20
2720.513
10
15327.816
20
2758.982
10
15250.816
20
2758.982
0
LWPOLYLINE
5
9410
100
AcDbEntity
8
Panels
100
AcDbPolyline
90
4
70
1
38
-25.296
10
15173.566
20
2720.513
10
15250.566
20
2720.513
10
15250.566
20
2758.982
10
15173.566
20
2758.982
0
LWPOLYLINE
5
940F
100
AcDbEntity
8
Panels
100
AcDbPolyline
90
4
70
1
38
-25.296
10
15096.316
20
2720.513
10
15173.316
20
2720.513
10
15173.316
20
2758.982
10
15096.316
20
2758.982
0
LWPOLYLINE
5
940E
100
AcDbEntity
8
Panels
100
AcDbPolyline
90
4
70
1
38
-25.296
10
14710.066
20
2720.513
10
14787.066
20
2720.513
10
14787.066
20
2758.982
10
14710.066
20
2758.982
0
LWPOLYLINE
5
940D
100
AcDbEntity
8
Panels
100
AcDbPolyline
90
4
70
1
38
-25.296
10
14632.816
20
2720.513
10
14709.816
20
2720.513
10
14709.816
20
2758.982
10
14632.816
20
2758.982
0
LWPOLYLINE
5
940C
100
AcDbEntity
8
Panels
100
AcDbPolyline
90
4
70
1
38
-25.296
10
14555.566
20
2720.513
10
14632.566
20
2720.513
10
14632.566
20
2758.982
10
14555.566
20
2758.982
0
LWPOLYLINE
5
940B
100
AcDbEntity
8
Panels
100
AcDbPolyline
90
4
70
1
38
-25.296
10
14478.316
20
2720.513
10
14555.316
20
2720.513
10
14555.316
20
2758.982
10
14478.316
20
2758.982
0
LWPOLYLINE
5
940A
100
AcDbEntity
8
Panels
100
AcDbPolyline
90
4
70
1
38
-25.296
10
14401.066
20
2720.513
10
14478.066
20
2720.513
10
14478.066
20
2758.982
10
14401.066
20
2758.982
0
LWPOLYLINE
5
9409
100
AcDbEntity
8
Panels
100
AcDbPolyline
90
4
70
1
38
-25.296
10
14323.816
20
2720.513
10
14400.816
20
2720.513
10
14400.816
20
2758.982
10
14323.816
20
2758.982
0
LWPOLYLINE
5
9408
100
AcDbEntity
8
Panels
100
AcDbPolyline
90
4
70
1
38
-25.296
10
14246.566
20
2720.513
10
14323.566
20
2720.513
10
14323.566
20
2758.982
10
14246.566
20
2758.982
0
LWPOLYLINE
5
9407
100
AcDbEntity
8
Panels
100
AcDbPolyline
90
4
70
1
38
-25.296
10
14169.316
20
2720.513
10
14246.316
20
2720.513
10
14246.316
20
2758.982
10
14169.316
20
2758.982
0
LWPOLYLINE
5
9406
100
AcDbEntity
8
Panels
100
AcDbPolyline
90
4
70
1
38
-25.296
10
14092.066
20
2720.513
10
14169.066
20
2720.513
10
14169.066
20
2758.982
10
14092.066
20
2758.982
0
LWPOLYLINE
5
9405
100
AcDbEntity
8
Panels
100
AcDbPolyline
90
4
70
1
38
-25.296
10
15559.816
20
2836.126
10
15636.816
20
2836.126
10
15636.816
20
2874.595
10
15559.816
20
2874.595
0
LWPOLYLINE
5
9404
100
AcDbEntity
8
Panels
100
AcDbPolyline
90
4
70
1
38
-25.296
10
15405.316
20
2836.126
10
15482.316
20
2836.126
10
15482.316
20
2874.595
10
15405.316
20
2874.595
0
LWPOLYLINE
5
9403
100
AcDbEntity
8
Panels
100
AcDbPolyline
90
4
70
1
38
-25.296
10
15328.066
20
2836.126
10
15405.066
20
2836.126
10
15405.066
20
2874.595
10
15328.066
20
2874.595
0
LWPOLYLINE
5
9402
100
AcDbEntity
8
Panels
100
AcDbPolyline
90
4
70
1
38
-25.296
10
15250.816
20
2836.126
10
15327.816
20
2836.126
10
15327.816
20
2874.595
10
15250.816
20
2874.595
0
LWPOLYLINE
5
9401
100
AcDbEntity
8
Panels
100
AcDbPolyline
90
4
70
1
38
-25.296
10
15173.566
20
2836.126
10
15250.566
20
2836.126
10
15250.566
20
2874.595
10
15173.566
20
2874.595
0
LWPOLYLINE
5
9400
100
AcDbEntity
8
Panels
100
AcDbPolyline
90
4
70
1
38
-25.296
10
15096.316
20
2836.126
10
15173.316
20
2836.126
10
15173.316
20
2874.595
10
15096.316
20
2874.595
0
LWPOLYLINE
5
93FF
100
AcDbEntity
8
Panels
100
AcDbPolyline
90
4
70
1
38
-25.296
10
14941.816
20
2836.126
10
15018.816
20
2836.126
10
15018.816
20
2874.595
10
14941.816
20
2874.595
0
LWPOLYLINE
5
93FE
100
AcDbEntity
8
Panels
100
AcDbPolyline
90
4
70
1
38
-25.296
10
14864.566
20
2836.126
10
14941.566
20
2836.126
10
14941.566
20
2874.595
10
14864.566
20
2874.595
0
LWPOLYLINE
5
93FD
100
AcDbEntity
8
Panels
100
AcDbPolyline
90
4
70
1
38
-25.296
10
14787.316
20
2836.126
10
14864.316
20
2836.126
10
14864.316
20
2874.595
10
14787.316
20
2874.595
0
LWPOLYLINE
5
93FC
100
AcDbEntity
8
Panels
100
AcDbPolyline
90
4
70
1
38
-25.296
10
15482.566
20
1159.73
10
15559.566
20
1159.73
10
15559.566
20
1198.199
10
15482.566
20
1198.199
0
LWPOLYLINE
5
93FB
100
AcDbEntity
8
Panels
100
AcDbPolyline
90
4
70
1
38
-25.296
10
15482.566
20
1217.537
10
15559.566
20
1217.537
10
15559.566
20
1256.005
10
15482.566
20
1256.005
0
LWPOLYLINE
5
93FA
100
AcDbEntity
8
Panels
100
AcDbPolyline
90
4
70
1
38
-25.296
10
15482.566
20
1275.343
10
15559.566
20
1275.343
10
15559.566
20
1313.812
10
15482.566
20
1313.812
0
LWPOLYLINE
5
93F9
100
AcDbEntity
8
Panels
100
AcDbPolyline
90
4
70
1
38
-25.296
10
15482.566
20
1333.15
10
15559.566
20
1333.15
10
15559.566
20
1371.619
10
15482.566
20
1371.619
0
LWPOLYLINE
5
93F8
100
AcDbEntity
8
Panels
100
AcDbPolyline
90
4
70
1
38
-25.296
10
15482.566
20
1390.957
10
15559.566
20
1390.957
10
15559.566
20
1429.426
10
15482.566
20
1429.426
0
LWPOLYLINE
5
93F7
100
AcDbEntity
8
Panels
100
AcDbPolyline
90
4
70
1
38
-25.296
10
15482.566
20
1448.764
10
15559.566
20
1448.764
10
15559.566
20
1487.232
10
15482.566
20
1487.232
0
LWPOLYLINE
5
93F6
100
AcDbEntity
8
Panels
100
AcDbPolyline
90
4
70
1
38
-25.296
10
15482.566
20
1737.798
10
15559.566
20
1737.798
10
15559.566
20
1776.266
10
15482.566
20
1776.266
0
LWPOLYLINE
5
93F5
100
AcDbEntity
8
Panels
100
AcDbPolyline
90
4
70
1
38
-25.296
10
15482.566
20
1795.604
10
15559.566
20
1795.604
10
15559.566
20
1834.073
10
15482.566
20
1834.073
0
LWPOLYLINE
5
93F4
100
AcDbEntity
8
Panels
100
AcDbPolyline
90
4
70
1
38
-25.296
10
15482.566
20
1853.411
10
15559.566
20
1853.411
10
15559.566
20
1891.88
10
15482.566
20
1891.88
0
LWPOLYLINE
5
93F3
100
AcDbEntity
8
Panels
100
AcDbPolyline
90
4
70
1
38
-25.296
10
15482.566
20
1911.218
10
15559.566
20
1911.218
10
15559.566
20
1949.687
10
15482.566
20
1949.687
0
LWPOLYLINE
5
93F2
100
AcDbEntity
8
Panels
100
AcDbPolyline
90
4
70
1
38
-25.296
10
15482.566
20
1969.025
10
15559.566
20
1969.025
10
15559.566
20
2007.493
10
15482.566
20
2007.493
0
LWPOLYLINE
5
93F1
100
AcDbEntity
8
Panels
100
AcDbPolyline
90
4
70
1
38
-25.296
10
15482.566
20
2026.831
10
15559.566
20
2026.831
10
15559.566
20
2065.3
10
15482.566
20
2065.3
0
LWPOLYLINE
5
93F0
100
AcDbEntity
8
Panels
100
AcDbPolyline
90
4
70
1
38
-25.296
10
15482.566
20
2084.638
10
15559.566
20
2084.638
10
15559.566
20
2123.107
10
15482.566
20
2123.107
0
LWPOLYLINE
5
93EF
100
AcDbEntity
8
Panels
100
AcDbPolyline
90
4
70
1
38
-25.296
10
15482.566
20
2142.445
10
15559.566
20
2142.445
10
15559.566
20
2180.914
10
15482.566
20
2180.914
0
LWPOLYLINE
5
93EE
100
AcDbEntity
8
Panels
100
AcDbPolyline
90
4
70
1
38
-25.296
10
15482.566
20
2200.252
10
15559.566
20
2200.252
10
15559.566
20
2238.721
10
15482.566
20
2238.721
0
LWPOLYLINE
5
93ED
100
AcDbEntity
8
Panels
100
AcDbPolyline
90
4
70
1
38
-25.296
10
15482.566
20
2258.059
10
15559.566
20
2258.059
10
15559.566
20
2296.527
10
15482.566
20
2296.527
0
LWPOLYLINE
5
93EC
100
AcDbEntity
8
Panels
100
AcDbPolyline
90
4
70
1
38
-25.296
10
15482.566
20
2315.865
10
15559.566
20
2315.865
10
15559.566
20
2354.334
10
15482.566
20
2354.334
0
LWPOLYLINE
5
93EB
100
AcDbEntity
8
Panels
100
AcDbPolyline
90
4
70
1
38
-25.296
10
15482.566
20
2373.672
10
15559.566
20
2373.672
10
15559.566
20
2412.141
10
15482.566
20
2412.141
0
LWPOLYLINE
5
93EA
100
AcDbEntity
8
Panels
100
AcDbPolyline
90
4
70
1
38
-25.296
10
15482.566
20
2431.479
10
15559.566
20
2431.479
10
15559.566
20
2469.948
10
15482.566
20
2469.948
0
LWPOLYLINE
5
93E9
100
AcDbEntity
8
Panels
100
AcDbPolyline
90
4
70
1
38
-25.296
10
15482.566
20
2489.286
10
15559.566
20
2489.286
10
15559.566
20
2527.754
10
15482.566
20
2527.754
0
LWPOLYLINE
5
93E8
100
AcDbEntity
8
Panels
100
AcDbPolyline
90
4
70
1
38
-25.296
10
15559.816
20
1159.73
10
15636.816
20
1159.73
10
15636.816
20
1198.199
10
15559.816
20
1198.199
0
LWPOLYLINE
5
93E7
100
AcDbEntity
8
Panels
100
AcDbPolyline
90
4
70
1
38
-25.296
10
15405.316
20
1159.73
10
15482.316
20
1159.73
10
15482.316
20
1198.199
10
15405.316
20
1198.199
0
LWPOLYLINE
5
93E6
100
AcDbEntity
8
Panels
100
AcDbPolyline
90
4
70
1
38
-25.296
10
15328.066
20
1159.73
10
15405.066
20
1159.73
10
15405.066
20
1198.199
10
15328.066
20
1198.199
0
LWPOLYLINE
5
93E5
100
AcDbEntity
8
Panels
100
AcDbPolyline
90
4
70
1
38
-25.296
10
15250.816
20
1159.73
10
15327.816
20
1159.73
10
15327.816
20
1198.199
10
15250.816
20
1198.199
0
LWPOLYLINE
5
93E4
100
AcDbEntity
8
Panels
100
AcDbPolyline
90
4
70
1
38
-25.296
10
15173.566
20
1159.73
10
15250.566
20
1159.73
10
15250.566
20
1198.199
10
15173.566
20
1198.199
0
LWPOLYLINE
5
93E3
100
AcDbEntity
8
Panels
100
AcDbPolyline
90
4
70
1
38
-25.296
10
15096.316
20
1159.73
10
15173.316
20
1159.73
10
15173.316
20
1198.199
10
15096.316
20
1198.199
0
LWPOLYLINE
5
93E2
100
AcDbEntity
8
Panels
100
AcDbPolyline
90
4
70
1
38
-25.296
10
15019.066
20
1159.73
10
15096.066
20
1159.73
10
15096.066
20
1198.199
10
15019.066
20
1198.199
0
LWPOLYLINE
5
93E1
100
AcDbEntity
8
Panels
100
AcDbPolyline
90
4
70
1
38
-25.296
10
14941.816
20
1159.73
10
15018.816
20
1159.73
10
15018.816
20
1198.199
10
14941.816
20
1198.199
0
LWPOLYLINE
5
93E0
100
AcDbEntity
8
Panels
100
AcDbPolyline
90
4
70
1
38
-25.296
10
14864.566
20
1159.73
10
14941.566
20
1159.73
10
14941.566
20
1198.199
10
14864.566
20
1198.199
0
LWPOLYLINE
5
93DF
100
AcDbEntity
8
Panels
100
AcDbPolyline
90
4
70
1
38
-25.296
10
14787.316
20
1159.73
10
14864.316
20
1159.73
10
14864.316
20
1198.199
10
14787.316
20
1198.199
0
LWPOLYLINE
5
93DE
100
AcDbEntity
8
Panels
100
AcDbPolyline
90
4
70
1
38
-25.296
10
14710.066
20
1159.73
10
14787.066
20
1159.73
10
14787.066
20
1198.199
10
14710.066
20
1198.199
0
LWPOLYLINE
5
93DD
100
AcDbEntity
8
Panels
100
AcDbPolyline
90
4
70
1
38
-25.296
10
14632.816
20
1159.73
10
14709.816
20
1159.73
10
14709.816
20
1198.199
10
14632.816
20
1198.199
0
LWPOLYLINE
5
93DC
100
AcDbEntity
8
Panels
100
AcDbPolyline
90
4
70
1
38
-25.296
10
14555.566
20
1159.73
10
14632.566
20
1159.73
10
14632.566
20
1198.199
10
14555.566
20
1198.199
0
LWPOLYLINE
5
93DB
100
AcDbEntity
8
Panels
100
AcDbPolyline
90
4
70
1
38
-25.296
10
14478.316
20
1159.73
10
14555.316
20
1159.73
10
14555.316
20
1198.199
10
14478.316
20
1198.199
0
LWPOLYLINE
5
93DA
100
AcDbEntity
8
Panels
100
AcDbPolyline
90
4
70
1
38
-25.296
10
14401.066
20
1159.73
10
14478.066
20
1159.73
10
14478.066
20
1198.199
10
14401.066
20
1198.199
0
LWPOLYLINE
5
93D9
100
AcDbEntity
8
Panels
100
AcDbPolyline
90
4
70
1
38
-25.296
10
14323.816
20
1159.73
10
14400.816
20
1159.73
10
14400.816
20
1198.199
10
14323.816
20
1198.199
0
LWPOLYLINE
5
93D8
100
AcDbEntity
8
Panels
100
AcDbPolyline
90
4
70
1
38
-25.296
10
14246.566
20
1159.73
10
14323.566
20
1159.73
10
14323.566
20
1198.199
10
14246.566
20
1198.199
0
LWPOLYLINE
5
93D7
100
AcDbEntity
8
Panels
100
AcDbPolyline
90
4
70
1
38
-25.296
10
14169.316
20
1159.73
10
14246.316
20
1159.73
10
14246.316
20
1198.199
10
14169.316
20
1198.199
0
LWPOLYLINE
5
93D6
100
AcDbEntity
8
Panels
100
AcDbPolyline
90
4
70
1
38
-25.296
10
14092.066
20
1159.73
10
14169.066
20
1159.73
10
14169.066
20
1198.199
10
14092.066
20
1198.199
0
LWPOLYLINE
5
93D5
100
AcDbEntity
8
Panels
100
AcDbPolyline
90
4
70
1
38
-25.296
10
15559.816
20
1217.537
10
15636.816
20
1217.537
10
15636.816
20
1256.005
10
15559.816
20
1256.005
0
LWPOLYLINE
5
93D4
100
AcDbEntity
8
Panels
100
AcDbPolyline
90
4
70
1
38
-25.296
10
15405.316
20
1217.537
10
15482.316
20
1217.537
10
15482.316
20
1256.005
10
15405.316
20
1256.005
0
LWPOLYLINE
5
93D3
100
AcDbEntity
8
Panels
100
AcDbPolyline
90
4
70
1
38
-25.296
10
15328.066
20
1217.537
10
15405.066
20
1217.537
10
15405.066
20
1256.005
10
15328.066
20
1256.005
0
LWPOLYLINE
5
93D2
100
AcDbEntity
8
Panels
100
AcDbPolyline
90
4
70
1
38
-25.296
10
15250.816
20
1217.537
10
15327.816
20
1217.537
10
15327.816
20
1256.005
10
15250.816
20
1256.005
0
LWPOLYLINE
5
93D1
100
AcDbEntity
8
Panels
100
AcDbPolyline
90
4
70
1
38
-25.296
10
15173.566
20
1217.537
10
15250.566
20
1217.537
10
15250.566
20
1256.005
10
15173.566
20
1256.005
0
LWPOLYLINE
5
93D0
100
AcDbEntity
8
Panels
100
AcDbPolyline
90
4
70
1
38
-25.296
10
15096.316
20
1217.537
10
15173.316
20
1217.537
10
15173.316
20
1256.005
10
15096.316
20
1256.005
0
LWPOLYLINE
5
93CF
100
AcDbEntity
8
Panels
100
AcDbPolyline
90
4
70
1
38
-25.296
10
15019.066
20
1217.537
10
15096.066
20
1217.537
10
15096.066
20
1256.005
10
15019.066
20
1256.005
0
LWPOLYLINE
5
93CE
100
AcDbEntity
8
Panels
100
AcDbPolyline
90
4
70
1
38
-25.296
10
14941.816
20
1217.537
10
15018.816
20
1217.537
10
15018.816
20
1256.005
10
14941.816
20
1256.005
0
LWPOLYLINE
5
93CD
100
AcDbEntity
8
Panels
100
AcDbPolyline
90
4
70
1
38
-25.296
10
14864.566
20
1217.537
10
14941.566
20
1217.537
10
14941.566
20
1256.005
10
14864.566
20
1256.005
0
LWPOLYLINE
5
93CC
100
AcDbEntity
8
Panels
100
AcDbPolyline
90
4
70
1
38
-25.296
10
14787.316
20
1217.537
10
14864.316
20
1217.537
10
14864.316
20
1256.005
10
14787.316
20
1256.005
0
LWPOLYLINE
5
93CB
100
AcDbEntity
8
Panels
100
AcDbPolyline
90
4
70
1
38
-25.296
10
14710.066
20
1217.537
10
14787.066
20
1217.537
10
14787.066
20
1256.005
10
14710.066
20
1256.005
0
LWPOLYLINE
5
93CA
100
AcDbEntity
8
Panels
100
AcDbPolyline
90
4
70
1
38
-25.296
10
14632.816
20
1217.537
10
14709.816
20
1217.537
10
14709.816
20
1256.005
10
14632.816
20
1256.005
0
LWPOLYLINE
5
93C9
100
AcDbEntity
8
Panels
100
AcDbPolyline
90
4
70
1
38
-25.296
10
14555.566
20
1217.537
10
14632.566
20
1217.537
10
14632.566
20
1256.005
10
14555.566
20
1256.005
0
LWPOLYLINE
5
93C8
100
AcDbEntity
8
Panels
100
AcDbPolyline
90
4
70
1
38
-25.296
10
14478.316
20
1217.537
10
14555.316
20
1217.537
10
14555.316
20
1256.005
10
14478.316
20
1256.005
0
LWPOLYLINE
5
93C7
100
AcDbEntity
8
Panels
100
AcDbPolyline
90
4
70
1
38
-25.296
10
14401.066
20
1217.537
10
14478.066
20
1217.537
10
14478.066
20
1256.005
10
14401.066
20
1256.005
0
LWPOLYLINE
5
93C6
100
AcDbEntity
8
Panels
100
AcDbPolyline
90
4
70
1
38
-25.296
10
14323.816
20
1217.537
10
14400.816
20
1217.537
10
14400.816
20
1256.005
10
14323.816
20
1256.005
0
LWPOLYLINE
5
93C5
100
AcDbEntity
8
Panels
100
AcDbPolyline
90
4
70
1
38
-25.296
10
14246.566
20
1217.537
10
14323.566
20
1217.537
10
14323.566
20
1256.005
10
14246.566
20
1256.005
0
LWPOLYLINE
5
93C4
100
AcDbEntity
8
Panels
100
AcDbPolyline
90
4
70
1
38
-25.296
10
14169.316
20
1217.537
10
14246.316
20
1217.537
10
14246.316
20
1256.005
10
14169.316
20
1256.005
0
LWPOLYLINE
5
93C3
100
AcDbEntity
8
Panels
100
AcDbPolyline
90
4
70
1
38
-25.296
10
14092.066
20
1217.537
10
14169.066
20
1217.537
10
14169.066
20
1256.005
10
14092.066
20
1256.005
0
LWPOLYLINE
5
93C2
100
AcDbEntity
8
Panels
100
AcDbPolyline
90
4
70
1
38
-25.296
10
15559.816
20
1275.343
10
15636.816
20
1275.343
10
15636.816
20
1313.812
10
15559.816
20
1313.812
0
LWPOLYLINE
5
93C1
100
AcDbEntity
8
Panels
100
AcDbPolyline
90
4
70
1
38
-25.296
10
15405.316
20
1275.343
10
15482.316
20
1275.343
10
15482.316
20
1313.812
10
15405.316
20
1313.812
0
LWPOLYLINE
5
93C0
100
AcDbEntity
8
Panels
100
AcDbPolyline
90
4
70
1
38
-25.296
10
15328.066
20
1275.343
10
15405.066
20
1275.343
10
15405.066
20
1313.812
10
15328.066
20
1313.812
0
LWPOLYLINE
5
93BF
100
AcDbEntity
8
Panels
100
AcDbPolyline
90
4
70
1
38
-25.296
10
15250.816
20
1275.343
10
15327.816
20
1275.343
10
15327.816
20
1313.812
10
15250.816
20
1313.812
0
LWPOLYLINE
5
93BE
100
AcDbEntity
8
Panels
100
AcDbPolyline
90
4
70
1
38
-25.296
10
15173.566
20
1275.343
10
15250.566
20
1275.343
10
15250.566
20
1313.812
10
15173.566
20
1313.812
0
LWPOLYLINE
5
93BD
100
AcDbEntity
8
Panels
100
AcDbPolyline
90
4
70
1
38
-25.296
10
15096.316
20
1275.343
10
15173.316
20
1275.343
10
15173.316
20
1313.812
10
15096.316
20
1313.812
0
LWPOLYLINE
5
93BC
100
AcDbEntity
8
Panels
100
AcDbPolyline
90
4
70
1
38
-25.296
10
15019.066
20
1275.343
10
15096.066
20
1275.343
10
15096.066
20
1313.812
10
15019.066
20
1313.812
0
LWPOLYLINE
5
93BB
100
AcDbEntity
8
Panels
100
AcDbPolyline
90
4
70
1
38
-25.296
10
14941.816
20
1275.343
10
15018.816
20
1275.343
10
15018.816
20
1313.812
10
14941.816
20
1313.812
0
LWPOLYLINE
5
93BA
100
AcDbEntity
8
Panels
100
AcDbPolyline
90
4
70
1
38
-25.296
10
14864.566
20
1275.343
10
14941.566
20
1275.343
10
14941.566
20
1313.812
10
14864.566
20
1313.812
0
LWPOLYLINE
5
93B9
100
AcDbEntity
8
Panels
100
AcDbPolyline
90
4
70
1
38
-25.296
10
14787.316
20
1275.343
10
14864.316
20
1275.343
10
14864.316
20
1313.812
10
14787.316
20
1313.812
0
LWPOLYLINE
5
93B8
100
AcDbEntity
8
Panels
100
AcDbPolyline
90
4
70
1
38
-25.296
10
14710.066
20
1275.343
10
14787.066
20
1275.343
10
14787.066
20
1313.812
10
14710.066
20
1313.812
0
LWPOLYLINE
5
93B7
100
AcDbEntity
8
Panels
100
AcDbPolyline
90
4
70
1
38
-25.296
10
14632.816
20
1275.343
10
14709.816
20
1275.343
10
14709.816
20
1313.812
10
14632.816
20
1313.812
0
LWPOLYLINE
5
93B6
100
AcDbEntity
8
Panels
100
AcDbPolyline
90
4
70
1
38
-25.296
10
14555.566
20
1275.343
10
14632.566
20
1275.343
10
14632.566
20
1313.812
10
14555.566
20
1313.812
0
LWPOLYLINE
5
93B5
100
AcDbEntity
8
Panels
100
AcDbPolyline
90
4
70
1
38
-25.296
10
14478.316
20
1275.343
10
14555.316
20
1275.343
10
14555.316
20
1313.812
10
14478.316
20
1313.812
0
LWPOLYLINE
5
93B4
100
AcDbEntity
8
Panels
100
AcDbPolyline
90
4
70
1
38
-25.296
10
14401.066
20
1275.343
10
14478.066
20
1275.343
10
14478.066
20
1313.812
10
14401.066
20
1313.812
0
LWPOLYLINE
5
93B3
100
AcDbEntity
8
Panels
100
AcDbPolyline
90
4
70
1
38
-25.296
10
14323.816
20
1275.343
10
14400.816
20
1275.343
10
14400.816
20
1313.812
10
14323.816
20
1313.812
0
LWPOLYLINE
5
93B2
100
AcDbEntity
8
Panels
100
AcDbPolyline
90
4
70
1
38
-25.296
10
14246.566
20
1275.343
10
14323.566
20
1275.343
10
14323.566
20
1313.812
10
14246.566
20
1313.812
0
LWPOLYLINE
5
93B1
100
AcDbEntity
8
Panels
100
AcDbPolyline
90
4
70
1
38
-25.296
10
14169.316
20
1275.343
10
14246.316
20
1275.343
10
14246.316
20
1313.812
10
14169.316
20
1313.812
0
LWPOLYLINE
5
93B0
100
AcDbEntity
8
Panels
100
AcDbPolyline
90
4
70
1
38
-25.296
10
14092.066
20
1275.343
10
14169.066
20
1275.343
10
14169.066
20
1313.812
10
14092.066
20
1313.812
0
LWPOLYLINE
5
93AF
100
AcDbEntity
8
Panels
100
AcDbPolyline
90
4
70
1
38
-25.296
10
15559.816
20
1333.15
10
15636.816
20
1333.15
10
15636.816
20
1371.619
10
15559.816
20
1371.619
0
LWPOLYLINE
5
93AE
100
AcDbEntity
8
Panels
100
AcDbPolyline
90
4
70
1
38
-25.296
10
15405.316
20
1333.15
10
15482.316
20
1333.15
10
15482.316
20
1371.619
10
15405.316
20
1371.619
0
LWPOLYLINE
5
93AD
100
AcDbEntity
8
Panels
100
AcDbPolyline
90
4
70
1
38
-25.296
10
15328.066
20
1333.15
10
15405.066
20
1333.15
10
15405.066
20
1371.619
10
15328.066
20
1371.619
0
LWPOLYLINE
5
93AC
100
AcDbEntity
8
Panels
100
AcDbPolyline
90
4
70
1
38
-25.296
10
15250.816
20
1333.15
10
15327.816
20
1333.15
10
15327.816
20
1371.619
10
15250.816
20
1371.619
0
LWPOLYLINE
5
93AB
100
AcDbEntity
8
Panels
100
AcDbPolyline
90
4
70
1
38
-25.296
10
15173.566
20
1333.15
10
15250.566
20
1333.15
10
15250.566
20
1371.619
10
15173.566
20
1371.619
0
LWPOLYLINE
5
93AA
100
AcDbEntity
8
Panels
100
AcDbPolyline
90
4
70
1
38
-25.296
10
15096.316
20
1333.15
10
15173.316
20
1333.15
10
15173.316
20
1371.619
10
15096.316
20
1371.619
0
LWPOLYLINE
5
93A9
100
AcDbEntity
8
Panels
100
AcDbPolyline
90
4
70
1
38
-25.296
10
15019.066
20
1333.15
10
15096.066
20
1333.15
10
15096.066
20
1371.619
10
15019.066
20
1371.619
0
LWPOLYLINE
5
93A8
100
AcDbEntity
8
Panels
100
AcDbPolyline
90
4
70
1
38
-25.296
10
14941.816
20
1333.15
10
15018.816
20
1333.15
10
15018.816
20
1371.619
10
14941.816
20
1371.619
0
LWPOLYLINE
5
93A7
100
AcDbEntity
8
Panels
100
AcDbPolyline
90
4
70
1
38
-25.296
10
14864.566
20
1333.15
10
14941.566
20
1333.15
10
14941.566
20
1371.619
10
14864.566
20
1371.619
0
LWPOLYLINE
5
93A6
100
AcDbEntity
8
Panels
100
AcDbPolyline
90
4
70
1
38
-25.296
10
14787.316
20
1333.15
10
14864.316
20
1333.15
10
14864.316
20
1371.619
10
14787.316
20
1371.619
0
LWPOLYLINE
5
93A5
100
AcDbEntity
8
Panels
100
AcDbPolyline
90
4
70
1
38
-25.296
10
14710.066
20
1333.15
10
14787.066
20
1333.15
10
14787.066
20
1371.619
10
14710.066
20
1371.619
0
LWPOLYLINE
5
93A4
100
AcDbEntity
8
Panels
100
AcDbPolyline
90
4
70
1
38
-25.296
10
14632.816
20
1333.15
10
14709.816
20
1333.15
10
14709.816
20
1371.619
10
14632.816
20
1371.619
0
LWPOLYLINE
5
93A3
100
AcDbEntity
8
Panels
100
AcDbPolyline
90
4
70
1
38
-25.296
10
14555.566
20
1333.15
10
14632.566
20
1333.15
10
14632.566
20
1371.619
10
14555.566
20
1371.619
0
LWPOLYLINE
5
93A2
100
AcDbEntity
8
Panels
100
AcDbPolyline
90
4
70
1
38
-25.296
10
14478.316
20
1333.15
10
14555.316
20
1333.15
10
14555.316
20
1371.619
10
14478.316
20
1371.619
0
LWPOLYLINE
5
93A1
100
AcDbEntity
8
Panels
100
AcDbPolyline
90
4
70
1
38
-25.296
10
14401.066
20
1333.15
10
14478.066
20
1333.15
10
14478.066
20
1371.619
10
14401.066
20
1371.619
0
LWPOLYLINE
5
93A0
100
AcDbEntity
8
Panels
100
AcDbPolyline
90
4
70
1
38
-25.296
10
14323.816
20
1333.15
10
14400.816
20
1333.15
10
14400.816
20
1371.619
10
14323.816
20
1371.619
0
LWPOLYLINE
5
939F
100
AcDbEntity
8
Panels
100
AcDbPolyline
90
4
70
1
38
-25.296
10
14246.566
20
1333.15
10
14323.566
20
1333.15
10
14323.566
20
1371.619
10
14246.566
20
1371.619
0
LWPOLYLINE
5
939E
100
AcDbEntity
8
Panels
100
AcDbPolyline
90
4
70
1
38
-25.296
10
14169.316
20
1333.15
10
14246.316
20
1333.15
10
14246.316
20
1371.619
10
14169.316
20
1371.619
0
LWPOLYLINE
5
939D
100
AcDbEntity
8
Panels
100
AcDbPolyline
90
4
70
1
38
-25.296
10
14092.066
20
1333.15
10
14169.066
20
1333.15
10
14169.066
20
1371.619
10
14092.066
20
1371.619
0
LWPOLYLINE
5
939C
100
AcDbEntity
8
Panels
100
AcDbPolyline
90
4
70
1
38
-25.296
10
15559.816
20
1390.957
10
15636.816
20
1390.957
10
15636.816
20
1429.426
10
15559.816
20
1429.426
0
LWPOLYLINE
5
939B
100
AcDbEntity
8
Panels
100
AcDbPolyline
90
4
70
1
38
-25.296
10
15405.316
20
1390.957
10
15482.316
20
1390.957
10
15482.316
20
1429.426
10
15405.316
20
1429.426
0
LWPOLYLINE
5
939A
100
AcDbEntity
8
Panels
100
AcDbPolyline
90
4
70
1
38
-25.296
10
15328.066
20
1390.957
10
15405.066
20
1390.957
10
15405.066
20
1429.426
10
15328.066
20
1429.426
0
LWPOLYLINE
5
9399
100
AcDbEntity
8
Panels
100
AcDbPolyline
90
4
70
1
38
-25.296
10
15250.816
20
1390.957
10
15327.816
20
1390.957
10
15327.816
20
1429.426
10
15250.816
20
1429.426
0
LWPOLYLINE
5
9398
100
AcDbEntity
8
Panels
100
AcDbPolyline
90
4
70
1
38
-25.296
10
15173.566
20
1390.957
10
15250.566
20
1390.957
10
15250.566
20
1429.426
10
15173.566
20
1429.426
0
LWPOLYLINE
5
9397
100
AcDbEntity
8
Panels
100
AcDbPolyline
90
4
70
1
38
-25.296
10
15096.316
20
1390.957
10
15173.316
20
1390.957
10
15173.316
20
1429.426
10
15096.316
20
1429.426
0
LWPOLYLINE
5
9396
100
AcDbEntity
8
Panels
100
AcDbPolyline
90
4
70
1
38
-25.296
10
15019.066
20
1390.957
10
15096.066
20
1390.957
10
15096.066
20
1429.426
10
15019.066
20
1429.426
0
LWPOLYLINE
5
9395
100
AcDbEntity
8
Panels
100
AcDbPolyline
90
4
70
1
38
-25.296
10
14941.816
20
1390.957
10
15018.816
20
1390.957
10
15018.816
20
1429.426
10
14941.816
20
1429.426
0
LWPOLYLINE
5
9394
100
AcDbEntity
8
Panels
100
AcDbPolyline
90
4
70
1
38
-25.296
10
14864.566
20
1390.957
10
14941.566
20
1390.957
10
14941.566
20
1429.426
10
14864.566
20
1429.426
0
LWPOLYLINE
5
9393
100
AcDbEntity
8
Panels
100
AcDbPolyline
90
4
70
1
38
-25.296
10
14787.316
20
1390.957
10
14864.316
20
1390.957
10
14864.316
20
1429.426
10
14787.316
20
1429.426
0
LWPOLYLINE
5
9392
100
AcDbEntity
8
Panels
100
AcDbPolyline
90
4
70
1
38
-25.296
10
14710.066
20
1390.957
10
14787.066
20
1390.957
10
14787.066
20
1429.426
10
14710.066
20
1429.426
0
LWPOLYLINE
5
9391
100
AcDbEntity
8
Panels
100
AcDbPolyline
90
4
70
1
38
-25.296
10
14632.816
20
1390.957
10
14709.816
20
1390.957
10
14709.816
20
1429.426
10
14632.816
20
1429.426
0
LWPOLYLINE
5
9390
100
AcDbEntity
8
Panels
100
AcDbPolyline
90
4
70
1
38
-25.296
10
14555.566
20
1390.957
10
14632.566
20
1390.957
10
14632.566
20
1429.426
10
14555.566
20
1429.426
0
LWPOLYLINE
5
938F
100
AcDbEntity
8
Panels
100
AcDbPolyline
90
4
70
1
38
-25.296
10
14478.316
20
1390.957
10
14555.316
20
1390.957
10
14555.316
20
1429.426
10
14478.316
20
1429.426
0
LWPOLYLINE
5
938E
100
AcDbEntity
8
Panels
100
AcDbPolyline
90
4
70
1
38
-25.296
10
14401.066
20
1390.957
10
14478.066
20
1390.957
10
14478.066
20
1429.426
10
14401.066
20
1429.426
0
LWPOLYLINE
5
938D
100
AcDbEntity
8
Panels
100
AcDbPolyline
90
4
70
1
38
-25.296
10
14323.816
20
1390.957
10
14400.816
20
1390.957
10
14400.816
20
1429.426
10
14323.816
20
1429.426
0
LWPOLYLINE
5
938C
100
AcDbEntity
8
Panels
100
AcDbPolyline
90
4
70
1
38
-25.296
10
14246.566
20
1390.957
10
14323.566
20
1390.957
10
14323.566
20
1429.426
10
14246.566
20
1429.426
0
LWPOLYLINE
5
938B
100
AcDbEntity
8
Panels
100
AcDbPolyline
90
4
70
1
38
-25.296
10
14169.316
20
1390.957
10
14246.316
20
1390.957
10
14246.316
20
1429.426
10
14169.316
20
1429.426
0
LWPOLYLINE
5
938A
100
AcDbEntity
8
Panels
100
AcDbPolyline
90
4
70
1
38
-25.296
10
14092.066
20
1390.957
10
14169.066
20
1390.957
10
14169.066
20
1429.426
10
14092.066
20
1429.426
0
LWPOLYLINE
5
9389
100
AcDbEntity
8
Panels
100
AcDbPolyline
90
4
70
1
38
-25.296
10
15559.816
20
1448.764
10
15636.816
20
1448.764
10
15636.816
20
1487.232
10
15559.816
20
1487.232
0
LWPOLYLINE
5
9388
100
AcDbEntity
8
Panels
100
AcDbPolyline
90
4
70
1
38
-25.296
10
15405.316
20
1448.764
10
15482.316
20
1448.764
10
15482.316
20
1487.232
10
15405.316
20
1487.232
0
LWPOLYLINE
5
9387
100
AcDbEntity
8
Panels
100
AcDbPolyline
90
4
70
1
38
-25.296
10
15328.066
20
1448.764
10
15405.066
20
1448.764
10
15405.066
20
1487.232
10
15328.066
20
1487.232
0
LWPOLYLINE
5
9386
100
AcDbEntity
8
Panels
100
AcDbPolyline
90
4
70
1
38
-25.296
10
15250.816
20
1448.764
10
15327.816
20
1448.764
10
15327.816
20
1487.232
10
15250.816
20
1487.232
0
LWPOLYLINE
5
9385
100
AcDbEntity
8
Panels
100
AcDbPolyline
90
4
70
1
38
-25.296
10
15173.566
20
1448.764
10
15250.566
20
1448.764
10
15250.566
20
1487.232
10
15173.566
20
1487.232
0
LWPOLYLINE
5
9384
100
AcDbEntity
8
Panels
100
AcDbPolyline
90
4
70
1
38
-25.296
10
15096.316
20
1448.764
10
15173.316
20
1448.764
10
15173.316
20
1487.232
10
15096.316
20
1487.232
0
LWPOLYLINE
5
9383
100
AcDbEntity
8
Panels
100
AcDbPolyline
90
4
70
1
38
-25.296
10
15019.066
20
1448.764
10
15096.066
20
1448.764
10
15096.066
20
1487.232
10
15019.066
20
1487.232
0
LWPOLYLINE
5
9382
100
AcDbEntity
8
Panels
100
AcDbPolyline
90
4
70
1
38
-25.296
10
14941.816
20
1448.764
10
15018.816
20
1448.764
10
15018.816
20
1487.232
10
14941.816
20
1487.232
0
LWPOLYLINE
5
9381
100
AcDbEntity
8
Panels
100
AcDbPolyline
90
4
70
1
38
-25.296
10
14864.566
20
1448.764
10
14941.566
20
1448.764
10
14941.566
20
1487.232
10
14864.566
20
1487.232
0
LWPOLYLINE
5
9380
100
AcDbEntity
8
Panels
100
AcDbPolyline
90
4
70
1
38
-25.296
10
14787.316
20
1448.764
10
14864.316
20
1448.764
10
14864.316
20
1487.232
10
14787.316
20
1487.232
0
LWPOLYLINE
5
937F
100
AcDbEntity
8
Panels
100
AcDbPolyline
90
4
70
1
38
-25.296
10
14710.066
20
1448.764
10
14787.066
20
1448.764
10
14787.066
20
1487.232
10
14710.066
20
1487.232
0
LWPOLYLINE
5
937E
100
AcDbEntity
8
Panels
100
AcDbPolyline
90
4
70
1
38
-25.296
10
14632.816
20
1448.764
10
14709.816
20
1448.764
10
14709.816
20
1487.232
10
14632.816
20
1487.232
0
LWPOLYLINE
5
937D
100
AcDbEntity
8
Panels
100
AcDbPolyline
90
4
70
1
38
-25.296
10
14555.566
20
1448.764
10
14632.566
20
1448.764
10
14632.566
20
1487.232
10
14555.566
20
1487.232
0
LWPOLYLINE
5
937C
100
AcDbEntity
8
Panels
100
AcDbPolyline
90
4
70
1
38
-25.296
10
14478.316
20
1448.764
10
14555.316
20
1448.764
10
14555.316
20
1487.232
10
14478.316
20
1487.232
0
LWPOLYLINE
5
937B
100
AcDbEntity
8
Panels
100
AcDbPolyline
90
4
70
1
38
-25.296
10
14401.066
20
1448.764
10
14478.066
20
1448.764
10
14478.066
20
1487.232
10
14401.066
20
1487.232
0
LWPOLYLINE
5
937A
100
AcDbEntity
8
Panels
100
AcDbPolyline
90
4
70
1
38
-25.296
10
14323.816
20
1448.764
10
14400.816
20
1448.764
10
14400.816
20
1487.232
10
14323.816
20
1487.232
0
LWPOLYLINE
5
9379
100
AcDbEntity
8
Panels
100
AcDbPolyline
90
4
70
1
38
-25.296
10
14246.566
20
1448.764
10
14323.566
20
1448.764
10
14323.566
20
1487.232
10
14246.566
20
1487.232
0
LWPOLYLINE
5
9378
100
AcDbEntity
8
Panels
100
AcDbPolyline
90
4
70
1
38
-25.296
10
14169.316
20
1448.764
10
14246.316
20
1448.764
10
14246.316
20
1487.232
10
14169.316
20
1487.232
0
LWPOLYLINE
5
9377
100
AcDbEntity
8
Panels
100
AcDbPolyline
90
4
70
1
38
-25.296
10
14092.066
20
1448.764
10
14169.066
20
1448.764
10
14169.066
20
1487.232
10
14092.066
20
1487.232
0
LWPOLYLINE
5
9376
100
AcDbEntity
8
Panels
100
AcDbPolyline
90
4
70
1
38
-25.296
10
15405.316
20
1506.57
10
15482.316
20
1506.57
10
15482.316
20
1545.039
10
15405.316
20
1545.039
0
LWPOLYLINE
5
9375
100
AcDbEntity
8
Panels
100
AcDbPolyline
90
4
70
1
38
-25.296
10
15328.066
20
1506.57
10
15405.066
20
1506.57
10
15405.066
20
1545.039
10
15328.066
20
1545.039
0
LWPOLYLINE
5
9374
100
AcDbEntity
8
Panels
100
AcDbPolyline
90
4
70
1
38
-25.296
10
15250.816
20
1506.57
10
15327.816
20
1506.57
10
15327.816
20
1545.039
10
15250.816
20
1545.039
0
LWPOLYLINE
5
9373
100
AcDbEntity
8
Panels
100
AcDbPolyline
90
4
70
1
38
-25.296
10
15173.566
20
1506.57
10
15250.566
20
1506.57
10
15250.566
20
1545.039
10
15173.566
20
1545.039
0
LWPOLYLINE
5
9372
100
AcDbEntity
8
Panels
100
AcDbPolyline
90
4
70
1
38
-25.296
10
15096.316
20
1506.57
10
15173.316
20
1506.57
10
15173.316
20
1545.039
10
15096.316
20
1545.039
0
LWPOLYLINE
5
9371
100
AcDbEntity
8
Panels
100
AcDbPolyline
90
4
70
1
38
-25.296
10
15019.066
20
1506.57
10
15096.066
20
1506.57
10
15096.066
20
1545.039
10
15019.066
20
1545.039
0
LWPOLYLINE
5
9370
100
AcDbEntity
8
Panels
100
AcDbPolyline
90
4
70
1
38
-25.296
10
14941.816
20
1506.57
10
15018.816
20
1506.57
10
15018.816
20
1545.039
10
14941.816
20
1545.039
0
LWPOLYLINE
5
936F
100
AcDbEntity
8
Panels
100
AcDbPolyline
90
4
70
1
38
-25.296
10
14864.566
20
1506.57
10
14941.566
20
1506.57
10
14941.566
20
1545.039
10
14864.566
20
1545.039
0
LWPOLYLINE
5
936E
100
AcDbEntity
8
Panels
100
AcDbPolyline
90
4
70
1
38
-25.296
10
14787.316
20
1506.57
10
14864.316
20
1506.57
10
14864.316
20
1545.039
10
14787.316
20
1545.039
0
LWPOLYLINE
5
936D
100
AcDbEntity
8
Panels
100
AcDbPolyline
90
4
70
1
38
-25.296
10
14710.066
20
1506.57
10
14787.066
20
1506.57
10
14787.066
20
1545.039
10
14710.066
20
1545.039
0
LWPOLYLINE
5
936C
100
AcDbEntity
8
Panels
100
AcDbPolyline
90
4
70
1
38
-25.296
10
14632.816
20
1506.57
10
14709.816
20
1506.57
10
14709.816
20
1545.039
10
14632.816
20
1545.039
0
LWPOLYLINE
5
936B
100
AcDbEntity
8
Panels
100
AcDbPolyline
90
4
70
1
38
-25.296
10
14555.566
20
1506.57
10
14632.566
20
1506.57
10
14632.566
20
1545.039
10
14555.566
20
1545.039
0
LWPOLYLINE
5
936A
100
AcDbEntity
8
Panels
100
AcDbPolyline
90
4
70
1
38
-25.296
10
14478.316
20
1506.57
10
14555.316
20
1506.57
10
14555.316
20
1545.039
10
14478.316
20
1545.039
0
LWPOLYLINE
5
9369
100
AcDbEntity
8
Panels
100
AcDbPolyline
90
4
70
1
38
-25.296
10
14401.066
20
1506.57
10
14478.066
20
1506.57
10
14478.066
20
1545.039
10
14401.066
20
1545.039
0
LWPOLYLINE
5
9368
100
AcDbEntity
8
Panels
100
AcDbPolyline
90
4
70
1
38
-25.296
10
14092.066
20
1506.57
10
14169.066
20
1506.57
10
14169.066
20
1545.039
10
14092.066
20
1545.039
0
LWPOLYLINE
5
9367
100
AcDbEntity
8
Panels
100
AcDbPolyline
90
4
70
1
38
-25.296
10
15405.316
20
1564.377
10
15482.316
20
1564.377
10
15482.316
20
1602.846
10
15405.316
20
1602.846
0
LWPOLYLINE
5
9366
100
AcDbEntity
8
Panels
100
AcDbPolyline
90
4
70
1
38
-25.296
10
15328.066
20
1564.377
10
15405.066
20
1564.377
10
15405.066
20
1602.846
10
15328.066
20
1602.846
0
LWPOLYLINE
5
9365
100
AcDbEntity
8
Panels
100
AcDbPolyline
90
4
70
1
38
-25.296
10
15250.816
20
1564.377
10
15327.816
20
1564.377
10
15327.816
20
1602.846
10
15250.816
20
1602.846
0
LWPOLYLINE
5
9364
100
AcDbEntity
8
Panels
100
AcDbPolyline
90
4
70
1
38
-25.296
10
15173.566
20
1564.377
10
15250.566
20
1564.377
10
15250.566
20
1602.846
10
15173.566
20
1602.846
0
LWPOLYLINE
5
9363
100
AcDbEntity
8
Panels
100
AcDbPolyline
90
4
70
1
38
-25.296
10
15096.316
20
1564.377
10
15173.316
20
1564.377
10
15173.316
20
1602.846
10
15096.316
20
1602.846
0
LWPOLYLINE
5
9362
100
AcDbEntity
8
Panels
100
AcDbPolyline
90
4
70
1
38
-25.296
10
15019.066
20
1564.377
10
15096.066
20
1564.377
10
15096.066
20
1602.846
10
15019.066
20
1602.846
0
LWPOLYLINE
5
9361
100
AcDbEntity
8
Panels
100
AcDbPolyline
90
4
70
1
38
-25.296
10
14941.816
20
1564.377
10
15018.816
20
1564.377
10
15018.816
20
1602.846
10
14941.816
20
1602.846
0
LWPOLYLINE
5
9360
100
AcDbEntity
8
Panels
100
AcDbPolyline
90
4
70
1
38
-25.296
10
14864.566
20
1564.377
10
14941.566
20
1564.377
10
14941.566
20
1602.846
10
14864.566
20
1602.846
0
LWPOLYLINE
5
935F
100
AcDbEntity
8
Panels
100
AcDbPolyline
90
4
70
1
38
-25.296
10
14787.316
20
1564.377
10
14864.316
20
1564.377
10
14864.316
20
1602.846
10
14787.316
20
1602.846
0
LWPOLYLINE
5
935E
100
AcDbEntity
8
Panels
100
AcDbPolyline
90
4
70
1
38
-25.296
10
14710.066
20
1564.377
10
14787.066
20
1564.377
10
14787.066
20
1602.846
10
14710.066
20
1602.846
0
LWPOLYLINE
5
935D
100
AcDbEntity
8
Panels
100
AcDbPolyline
90
4
70
1
38
-25.296
10
14632.816
20
1564.377
10
14709.816
20
1564.377
10
14709.816
20
1602.846
10
14632.816
20
1602.846
0
LWPOLYLINE
5
935C
100
AcDbEntity
8
Panels
100
AcDbPolyline
90
4
70
1
38
-25.296
10
14555.566
20
1564.377
10
14632.566
20
1564.377
10
14632.566
20
1602.846
10
14555.566
20
1602.846
0
LWPOLYLINE
5
935B
100
AcDbEntity
8
Panels
100
AcDbPolyline
90
4
70
1
38
-25.296
10
14478.316
20
1564.377
10
14555.316
20
1564.377
10
14555.316
20
1602.846
10
14478.316
20
1602.846
0
LWPOLYLINE
5
935A
100
AcDbEntity
8
Panels
100
AcDbPolyline
90
4
70
1
38
-25.296
10
14401.066
20
1564.377
10
14478.066
20
1564.377
10
14478.066
20
1602.846
10
14401.066
20
1602.846
0
LWPOLYLINE
5
9359
100
AcDbEntity
8
Panels
100
AcDbPolyline
90
4
70
1
38
-25.296
10
15405.316
20
1622.184
10
15482.316
20
1622.184
10
15482.316
20
1660.653
10
15405.316
20
1660.653
0
LWPOLYLINE
5
9358
100
AcDbEntity
8
Panels
100
AcDbPolyline
90
4
70
1
38
-25.296
10
15328.066
20
1622.184
10
15405.066
20
1622.184
10
15405.066
20
1660.653
10
15328.066
20
1660.653
0
LWPOLYLINE
5
9357
100
AcDbEntity
8
Panels
100
AcDbPolyline
90
4
70
1
38
-25.296
10
15250.816
20
1622.184
10
15327.816
20
1622.184
10
15327.816
20
1660.653
10
15250.816
20
1660.653
0
LWPOLYLINE
5
9356
100
AcDbEntity
8
Panels
100
AcDbPolyline
90
4
70
1
38
-25.296
10
15173.566
20
1622.184
10
15250.566
20
1622.184
10
15250.566
20
1660.653
10
15173.566
20
1660.653
0
LWPOLYLINE
5
9355
100
AcDbEntity
8
Panels
100
AcDbPolyline
90
4
70
1
38
-25.296
10
15096.316
20
1622.184
10
15173.316
20
1622.184
10
15173.316
20
1660.653
10
15096.316
20
1660.653
0
LWPOLYLINE
5
9354
100
AcDbEntity
8
Panels
100
AcDbPolyline
90
4
70
1
38
-25.296
10
15019.066
20
1622.184
10
15096.066
20
1622.184
10
15096.066
20
1660.653
10
15019.066
20
1660.653
0
LWPOLYLINE
5
9353
100
AcDbEntity
8
Panels
100
AcDbPolyline
90
4
70
1
38
-25.296
10
14941.816
20
1622.184
10
15018.816
20
1622.184
10
15018.816
20
1660.653
10
14941.816
20
1660.653
0
LWPOLYLINE
5
9352
100
AcDbEntity
8
Panels
100
AcDbPolyline
90
4
70
1
38
-25.296
10
14864.566
20
1622.184
10
14941.566
20
1622.184
10
14941.566
20
1660.653
10
14864.566
20
1660.653
0
LWPOLYLINE
5
9351
100
AcDbEntity
8
Panels
100
AcDbPolyline
90
4
70
1
38
-25.296
10
14787.316
20
1622.184
10
14864.316
20
1622.184
10
14864.316
20
1660.653
10
14787.316
20
1660.653
0
LWPOLYLINE
5
9350
100
AcDbEntity
8
Panels
100
AcDbPolyline
90
4
70
1
38
-25.296
10
14710.066
20
1622.184
10
14787.066
20
1622.184
10
14787.066
20
1660.653
10
14710.066
20
1660.653
0
LWPOLYLINE
5
934F
100
AcDbEntity
8
Panels
100
AcDbPolyline
90
4
70
1
38
-25.296
10
14632.816
20
1622.184
10
14709.816
20
1622.184
10
14709.816
20
1660.653
10
14632.816
20
1660.653
0
LWPOLYLINE
5
934E
100
AcDbEntity
8
Panels
100
AcDbPolyline
90
4
70
1
38
-25.296
10
14555.566
20
1622.184
10
14632.566
20
1622.184
10
14632.566
20
1660.653
10
14555.566
20
1660.653
0
LWPOLYLINE
5
934D
100
AcDbEntity
8
Panels
100
AcDbPolyline
90
4
70
1
38
-25.296
10
14478.316
20
1622.184
10
14555.316
20
1622.184
10
14555.316
20
1660.653
10
14478.316
20
1660.653
0
LWPOLYLINE
5
934C
100
AcDbEntity
8
Panels
100
AcDbPolyline
90
4
70
1
38
-25.296
10
14401.066
20
1622.184
10
14478.066
20
1622.184
10
14478.066
20
1660.653
10
14401.066
20
1660.653
0
LWPOLYLINE
5
934B
100
AcDbEntity
8
Panels
100
AcDbPolyline
90
4
70
1
38
-25.296
10
15405.316
20
1679.991
10
15482.316
20
1679.991
10
15482.316
20
1718.46
10
15405.316
20
1718.46
0
LWPOLYLINE
5
934A
100
AcDbEntity
8
Panels
100
AcDbPolyline
90
4
70
1
38
-25.296
10
15328.066
20
1679.991
10
15405.066
20
1679.991
10
15405.066
20
1718.46
10
15328.066
20
1718.46
0
LWPOLYLINE
5
9349
100
AcDbEntity
8
Panels
100
AcDbPolyline
90
4
70
1
38
-25.296
10
15250.816
20
1679.991
10
15327.816
20
1679.991
10
15327.816
20
1718.46
10
15250.816
20
1718.46
0
LWPOLYLINE
5
9348
100
AcDbEntity
8
Panels
100
AcDbPolyline
90
4
70
1
38
-25.296
10
15173.566
20
1679.991
10
15250.566
20
1679.991
10
15250.566
20
1718.46
10
15173.566
20
1718.46
0
LWPOLYLINE
5
9347
100
AcDbEntity
8
Panels
100
AcDbPolyline
90
4
70
1
38
-25.296
10
15096.316
20
1679.991
10
15173.316
20
1679.991
10
15173.316
20
1718.46
10
15096.316
20
1718.46
0
LWPOLYLINE
5
9346
100
AcDbEntity
8
Panels
100
AcDbPolyline
90
4
70
1
38
-25.296
10
15019.066
20
1679.991
10
15096.066
20
1679.991
10
15096.066
20
1718.46
10
15019.066
20
1718.46
0
LWPOLYLINE
5
9345
100
AcDbEntity
8
Panels
100
AcDbPolyline
90
4
70
1
38
-25.296
10
14941.816
20
1679.991
10
15018.816
20
1679.991
10
15018.816
20
1718.46
10
14941.816
20
1718.46
0
LWPOLYLINE
5
9344
100
AcDbEntity
8
Panels
100
AcDbPolyline
90
4
70
1
38
-25.296
10
14864.566
20
1679.991
10
14941.566
20
1679.991
10
14941.566
20
1718.46
10
14864.566
20
1718.46
0
LWPOLYLINE
5
9343
100
AcDbEntity
8
Panels
100
AcDbPolyline
90
4
70
1
38
-25.296
10
14787.316
20
1679.991
10
14864.316
20
1679.991
10
14864.316
20
1718.46
10
14787.316
20
1718.46
0
LWPOLYLINE
5
9342
100
AcDbEntity
8
Panels
100
AcDbPolyline
90
4
70
1
38
-25.296
10
14710.066
20
1679.991
10
14787.066
20
1679.991
10
14787.066
20
1718.46
10
14710.066
20
1718.46
0
LWPOLYLINE
5
9341
100
AcDbEntity
8
Panels
100
AcDbPolyline
90
4
70
1
38
-25.296
10
14632.816
20
1679.991
10
14709.816
20
1679.991
10
14709.816
20
1718.46
10
14632.816
20
1718.46
0
LWPOLYLINE
5
9340
100
AcDbEntity
8
Panels
100
AcDbPolyline
90
4
70
1
38
-25.296
10
14555.566
20
1679.991
10
14632.566
20
1679.991
10
14632.566
20
1718.46
10
14555.566
20
1718.46
0
LWPOLYLINE
5
933F
100
AcDbEntity
8
Panels
100
AcDbPolyline
90
4
70
1
38
-25.296
10
14478.316
20
1679.991
10
14555.316
20
1679.991
10
14555.316
20
1718.46
10
14478.316
20
1718.46
0
LWPOLYLINE
5
933E
100
AcDbEntity
8
Panels
100
AcDbPolyline
90
4
70
1
38
-25.296
10
14401.066
20
1679.991
10
14478.066
20
1679.991
10
14478.066
20
1718.46
10
14401.066
20
1718.46
0
LWPOLYLINE
5
933D
100
AcDbEntity
8
Panels
100
AcDbPolyline
90
4
70
1
38
-25.296
10
14092.066
20
1679.991
10
14169.066
20
1679.991
10
14169.066
20
1718.46
10
14092.066
20
1718.46
0
LWPOLYLINE
5
933C
100
AcDbEntity
8
Panels
100
AcDbPolyline
90
4
70
1
38
-25.296
10
15559.816
20
1737.798
10
15636.816
20
1737.798
10
15636.816
20
1776.266
10
15559.816
20
1776.266
0
LWPOLYLINE
5
933B
100
AcDbEntity
8
Panels
100
AcDbPolyline
90
4
70
1
38
-25.296
10
15405.316
20
1737.798
10
15482.316
20
1737.798
10
15482.316
20
1776.266
10
15405.316
20
1776.266
0
LWPOLYLINE
5
933A
100
AcDbEntity
8
Panels
100
AcDbPolyline
90
4
70
1
38
-25.296
10
15328.066
20
1737.798
10
15405.066
20
1737.798
10
15405.066
20
1776.266
10
15328.066
20
1776.266
0
LWPOLYLINE
5
9339
100
AcDbEntity
8
Panels
100
AcDbPolyline
90
4
70
1
38
-25.296
10
15250.816
20
1737.798
10
15327.816
20
1737.798
10
15327.816
20
1776.266
10
15250.816
20
1776.266
0
LWPOLYLINE
5
9338
100
AcDbEntity
8
Panels
100
AcDbPolyline
90
4
70
1
38
-25.296
10
15173.566
20
1737.798
10
15250.566
20
1737.798
10
15250.566
20
1776.266
10
15173.566
20
1776.266
0
LWPOLYLINE
5
9337
100
AcDbEntity
8
Panels
100
AcDbPolyline
90
4
70
1
38
-25.296
10
15096.316
20
1737.798
10
15173.316
20
1737.798
10
15173.316
20
1776.266
10
15096.316
20
1776.266
0
LWPOLYLINE
5
9336
100
AcDbEntity
8
Panels
100
AcDbPolyline
90
4
70
1
38
-25.296
10
15019.066
20
1737.798
10
15096.066
20
1737.798
10
15096.066
20
1776.266
10
15019.066
20
1776.266
0
LWPOLYLINE
5
9335
100
AcDbEntity
8
Panels
100
AcDbPolyline
90
4
70
1
38
-25.296
10
14941.816
20
1737.798
10
15018.816
20
1737.798
10
15018.816
20
1776.266
10
14941.816
20
1776.266
0
LWPOLYLINE
5
9334
100
AcDbEntity
8
Panels
100
AcDbPolyline
90
4
70
1
38
-25.296
10
14864.566
20
1737.798
10
14941.566
20
1737.798
10
14941.566
20
1776.266
10
14864.566
20
1776.266
0
LWPOLYLINE
5
9333
100
AcDbEntity
8
Panels
100
AcDbPolyline
90
4
70
1
38
-25.296
10
14787.316
20
1737.798
10
14864.316
20
1737.798
10
14864.316
20
1776.266
10
14787.316
20
1776.266
0
LWPOLYLINE
5
9332
100
AcDbEntity
8
Panels
100
AcDbPolyline
90
4
70
1
38
-25.296
10
14710.066
20
1737.798
10
14787.066
20
1737.798
10
14787.066
20
1776.266
10
14710.066
20
1776.266
0
LWPOLYLINE
5
9331
100
AcDbEntity
8
Panels
100
AcDbPolyline
90
4
70
1
38
-25.296
10
14632.816
20
1737.798
10
14709.816
20
1737.798
10
14709.816
20
1776.266
10
14632.816
20
1776.266
0
LWPOLYLINE
5
9330
100
AcDbEntity
8
Panels
100
AcDbPolyline
90
4
70
1
38
-25.296
10
14555.566
20
1737.798
10
14632.566
20
1737.798
10
14632.566
20
1776.266
10
14555.566
20
1776.266
0
LWPOLYLINE
5
932F
100
AcDbEntity
8
Panels
100
AcDbPolyline
90
4
70
1
38
-25.296
10
14478.316
20
1737.798
10
14555.316
20
1737.798
10
14555.316
20
1776.266
10
14478.316
20
1776.266
0
LWPOLYLINE
5
932E
100
AcDbEntity
8
Panels
100
AcDbPolyline
90
4
70
1
38
-25.296
10
14401.066
20
1737.798
10
14478.066
20
1737.798
10
14478.066
20
1776.266
10
14401.066
20
1776.266
0
LWPOLYLINE
5
932D
100
AcDbEntity
8
Panels
100
AcDbPolyline
90
4
70
1
38
-25.296
10
14323.816
20
1737.798
10
14400.816
20
1737.798
10
14400.816
20
1776.266
10
14323.816
20
1776.266
0
LWPOLYLINE
5
932C
100
AcDbEntity
8
Panels
100
AcDbPolyline
90
4
70
1
38
-25.296
10
14246.566
20
1737.798
10
14323.566
20
1737.798
10
14323.566
20
1776.266
10
14246.566
20
1776.266
0
LWPOLYLINE
5
932B
100
AcDbEntity
8
Panels
100
AcDbPolyline
90
4
70
1
38
-25.296
10
14169.316
20
1737.798
10
14246.316
20
1737.798
10
14246.316
20
1776.266
10
14169.316
20
1776.266
0
LWPOLYLINE
5
932A
100
AcDbEntity
8
Panels
100
AcDbPolyline
90
4
70
1
38
-25.296
10
14092.066
20
1737.798
10
14169.066
20
1737.798
10
14169.066
20
1776.266
10
14092.066
20
1776.266
0
LWPOLYLINE
5
9329
100
AcDbEntity
8
Panels
100
AcDbPolyline
90
4
70
1
38
-25.296
10
15559.816
20
1795.604
10
15636.816
20
1795.604
10
15636.816
20
1834.073
10
15559.816
20
1834.073
0
LWPOLYLINE
5
9328
100
AcDbEntity
8
Panels
100
AcDbPolyline
90
4
70
1
38
-25.296
10
15405.316
20
1795.604
10
15482.316
20
1795.604
10
15482.316
20
1834.073
10
15405.316
20
1834.073
0
LWPOLYLINE
5
9327
100
AcDbEntity
8
Panels
100
AcDbPolyline
90
4
70
1
38
-25.296
10
15328.066
20
1795.604
10
15405.066
20
1795.604
10
15405.066
20
1834.073
10
15328.066
20
1834.073
0
LWPOLYLINE
5
9326
100
AcDbEntity
8
Panels
100
AcDbPolyline
90
4
70
1
38
-25.296
10
15250.816
20
1795.604
10
15327.816
20
1795.604
10
15327.816
20
1834.073
10
15250.816
20
1834.073
0
LWPOLYLINE
5
9325
100
AcDbEntity
8
Panels
100
AcDbPolyline
90
4
70
1
38
-25.296
10
15173.566
20
1795.604
10
15250.566
20
1795.604
10
15250.566
20
1834.073
10
15173.566
20
1834.073
0
LWPOLYLINE
5
9324
100
AcDbEntity
8
Panels
100
AcDbPolyline
90
4
70
1
38
-25.296
10
15096.316
20
1795.604
10
15173.316
20
1795.604
10
15173.316
20
1834.073
10
15096.316
20
1834.073
0
LWPOLYLINE
5
9323
100
AcDbEntity
8
Panels
100
AcDbPolyline
90
4
70
1
38
-25.296
10
15019.066
20
1795.604
10
15096.066
20
1795.604
10
15096.066
20
1834.073
10
15019.066
20
1834.073
0
LWPOLYLINE
5
9322
100
AcDbEntity
8
Panels
100
AcDbPolyline
90
4
70
1
38
-25.296
10
14941.816
20
1795.604
10
15018.816
20
1795.604
10
15018.816
20
1834.073
10
14941.816
20
1834.073
0
LWPOLYLINE
5
9321
100
AcDbEntity
8
Panels
100
AcDbPolyline
90
4
70
1
38
-25.296
10
14864.566
20
1795.604
10
14941.566
20
1795.604
10
14941.566
20
1834.073
10
14864.566
20
1834.073
0
LWPOLYLINE
5
9320
100
AcDbEntity
8
Panels
100
AcDbPolyline
90
4
70
1
38
-25.296
10
14787.316
20
1795.604
10
14864.316
20
1795.604
10
14864.316
20
1834.073
10
14787.316
20
1834.073
0
LWPOLYLINE
5
931F
100
AcDbEntity
8
Panels
100
AcDbPolyline
90
4
70
1
38
-25.296
10
14710.066
20
1795.604
10
14787.066
20
1795.604
10
14787.066
20
1834.073
10
14710.066
20
1834.073
0
LWPOLYLINE
5
931E
100
AcDbEntity
8
Panels
100
AcDbPolyline
90
4
70
1
38
-25.296
10
14632.816
20
1795.604
10
14709.816
20
1795.604
10
14709.816
20
1834.073
10
14632.816
20
1834.073
0
LWPOLYLINE
5
931D
100
AcDbEntity
8
Panels
100
AcDbPolyline
90
4
70
1
38
-25.296
10
14555.566
20
1795.604
10
14632.566
20
1795.604
10
14632.566
20
1834.073
10
14555.566
20
1834.073
0
LWPOLYLINE
5
931C
100
AcDbEntity
8
Panels
100
AcDbPolyline
90
4
70
1
38
-25.296
10
14478.316
20
1795.604
10
14555.316
20
1795.604
10
14555.316
20
1834.073
10
14478.316
20
1834.073
0
LWPOLYLINE
5
931B
100
AcDbEntity
8
Panels
100
AcDbPolyline
90
4
70
1
38
-25.296
10
14401.066
20
1795.604
10
14478.066
20
1795.604
10
14478.066
20
1834.073
10
14401.066
20
1834.073
0
LWPOLYLINE
5
931A
100
AcDbEntity
8
Panels
100
AcDbPolyline
90
4
70
1
38
-25.296
10
14323.816
20
1795.604
10
14400.816
20
1795.604
10
14400.816
20
1834.073
10
14323.816
20
1834.073
0
LWPOLYLINE
5
9319
100
AcDbEntity
8
Panels
100
AcDbPolyline
90
4
70
1
38
-25.296
10
14246.566
20
1795.604
10
14323.566
20
1795.604
10
14323.566
20
1834.073
10
14246.566
20
1834.073
0
LWPOLYLINE
5
9318
100
AcDbEntity
8
Panels
100
AcDbPolyline
90
4
70
1
38
-25.296
10
14169.316
20
1795.604
10
14246.316
20
1795.604
10
14246.316
20
1834.073
10
14169.316
20
1834.073
0
LWPOLYLINE
5
9317
100
AcDbEntity
8
Panels
100
AcDbPolyline
90
4
70
1
38
-25.296
10
14092.066
20
1795.604
10
14169.066
20
1795.604
10
14169.066
20
1834.073
10
14092.066
20
1834.073
0
LWPOLYLINE
5
9316
100
AcDbEntity
8
Panels
100
AcDbPolyline
90
4
70
1
38
-25.296
10
15559.816
20
1853.411
10
15636.816
20
1853.411
10
15636.816
20
1891.88
10
15559.816
20
1891.88
0
LWPOLYLINE
5
9315
100
AcDbEntity
8
Panels
100
AcDbPolyline
90
4
70
1
38
-25.296
10
15405.316
20
1853.411
10
15482.316
20
1853.411
10
15482.316
20
1891.88
10
15405.316
20
1891.88
0
LWPOLYLINE
5
9314
100
AcDbEntity
8
Panels
100
AcDbPolyline
90
4
70
1
38
-25.296
10
15328.066
20
1853.411
10
15405.066
20
1853.411
10
15405.066
20
1891.88
10
15328.066
20
1891.88
0
LWPOLYLINE
5
9313
100
AcDbEntity
8
Panels
100
AcDbPolyline
90
4
70
1
38
-25.296
10
15250.816
20
1853.411
10
15327.816
20
1853.411
10
15327.816
20
1891.88
10
15250.816
20
1891.88
0
LWPOLYLINE
5
9312
100
AcDbEntity
8
Panels
100
AcDbPolyline
90
4
70
1
38
-25.296
10
15173.566
20
1853.411
10
15250.566
20
1853.411
10
15250.566
20
1891.88
10
15173.566
20
1891.88
0
LWPOLYLINE
5
9311
100
AcDbEntity
8
Panels
100
AcDbPolyline
90
4
70
1
38
-25.296
10
15096.316
20
1853.411
10
15173.316
20
1853.411
10
15173.316
20
1891.88
10
15096.316
20
1891.88
0
LWPOLYLINE
5
9310
100
AcDbEntity
8
Panels
100
AcDbPolyline
90
4
70
1
38
-25.296
10
15019.066
20
1853.411
10
15096.066
20
1853.411
10
15096.066
20
1891.88
10
15019.066
20
1891.88
0
LWPOLYLINE
5
930F
100
AcDbEntity
8
Panels
100
AcDbPolyline
90
4
70
1
38
-25.296
10
14941.816
20
1853.411
10
15018.816
20
1853.411
10
15018.816
20
1891.88
10
14941.816
20
1891.88
0
LWPOLYLINE
5
930E
100
AcDbEntity
8
Panels
100
AcDbPolyline
90
4
70
1
38
-25.296
10
14864.566
20
1853.411
10
14941.566
20
1853.411
10
14941.566
20
1891.88
10
14864.566
20
1891.88
0
LWPOLYLINE
5
930D
100
AcDbEntity
8
Panels
100
AcDbPolyline
90
4
70
1
38
-25.296
10
14787.316
20
1853.411
10
14864.316
20
1853.411
10
14864.316
20
1891.88
10
14787.316
20
1891.88
0
LWPOLYLINE
5
930C
100
AcDbEntity
8
Panels
100
AcDbPolyline
90
4
70
1
38
-25.296
10
14710.066
20
1853.411
10
14787.066
20
1853.411
10
14787.066
20
1891.88
10
14710.066
20
1891.88
0
LWPOLYLINE
5
930B
100
AcDbEntity
8
Panels
100
AcDbPolyline
90
4
70
1
38
-25.296
10
14632.816
20
1853.411
10
14709.816
20
1853.411
10
14709.816
20
1891.88
10
14632.816
20
1891.88
0
LWPOLYLINE
5
930A
100
AcDbEntity
8
Panels
100
AcDbPolyline
90
4
70
1
38
-25.296
10
14401.066
20
1853.411
10
14478.066
20
1853.411
10
14478.066
20
1891.88
10
14401.066
20
1891.88
0
LWPOLYLINE
5
9309
100
AcDbEntity
8
Panels
100
AcDbPolyline
90
4
70
1
38
-25.296
10
14323.816
20
1853.411
10
14400.816
20
1853.411
10
14400.816
20
1891.88
10
14323.816
20
1891.88
0
LWPOLYLINE
5
9308
100
AcDbEntity
8
Panels
100
AcDbPolyline
90
4
70
1
38
-25.296
10
14246.566
20
1853.411
10
14323.566
20
1853.411
10
14323.566
20
1891.88
10
14246.566
20
1891.88
0
LWPOLYLINE
5
9307
100
AcDbEntity
8
Panels
100
AcDbPolyline
90
4
70
1
38
-25.296
10
14169.316
20
1853.411
10
14246.316
20
1853.411
10
14246.316
20
1891.88
10
14169.316
20
1891.88
0
LWPOLYLINE
5
9306
100
AcDbEntity
8
Panels
100
AcDbPolyline
90
4
70
1
38
-25.296
10
14092.066
20
1853.411
10
14169.066
20
1853.411
10
14169.066
20
1891.88
10
14092.066
20
1891.88
0
LWPOLYLINE
5
9305
100
AcDbEntity
8
Panels
100
AcDbPolyline
90
4
70
1
38
-25.296
10
15559.816
20
1911.218
10
15636.816
20
1911.218
10
15636.816
20
1949.687
10
15559.816
20
1949.687
0
LWPOLYLINE
5
9304
100
AcDbEntity
8
Panels
100
AcDbPolyline
90
4
70
1
38
-25.296
10
15405.316
20
1911.218
10
15482.316
20
1911.218
10
15482.316
20
1949.687
10
15405.316
20
1949.687
0
LWPOLYLINE
5
9303
100
AcDbEntity
8
Panels
100
AcDbPolyline
90
4
70
1
38
-25.296
10
15328.066
20
1911.218
10
15405.066
20
1911.218
10
15405.066
20
1949.687
10
15328.066
20
1949.687
0
LWPOLYLINE
5
9302
100
AcDbEntity
8
Panels
100
AcDbPolyline
90
4
70
1
38
-25.296
10
15250.816
20
1911.218
10
15327.816
20
1911.218
10
15327.816
20
1949.687
10
15250.816
20
1949.687
0
LWPOLYLINE
5
9301
100
AcDbEntity
8
Panels
100
AcDbPolyline
90
4
70
1
38
-25.296
10
15173.566
20
1911.218
10
15250.566
20
1911.218
10
15250.566
20
1949.687
10
15173.566
20
1949.687
0
LWPOLYLINE
5
9300
100
AcDbEntity
8
Panels
100
AcDbPolyline
90
4
70
1
38
-25.296
10
15096.316
20
1911.218
10
15173.316
20
1911.218
10
15173.316
20
1949.687
10
15096.316
20
1949.687
0
LWPOLYLINE
5
92FF
100
AcDbEntity
8
Panels
100
AcDbPolyline
90
4
70
1
38
-25.296
10
15019.066
20
1911.218
10
15096.066
20
1911.218
10
15096.066
20
1949.687
10
15019.066
20
1949.687
0
LWPOLYLINE
5
92FE
100
AcDbEntity
8
Panels
100
AcDbPolyline
90
4
70
1
38
-25.296
10
14941.816
20
1911.218
10
15018.816
20
1911.218
10
15018.816
20
1949.687
10
14941.816
20
1949.687
0
LWPOLYLINE
5
92FD
100
AcDbEntity
8
Panels
100
AcDbPolyline
90
4
70
1
38
-25.296
10
14864.566
20
1911.218
10
14941.566
20
1911.218
10
14941.566
20
1949.687
10
14864.566
20
1949.687
0
LWPOLYLINE
5
92FC
100
AcDbEntity
8
Panels
100
AcDbPolyline
90
4
70
1
38
-25.296
10
14787.316
20
1911.218
10
14864.316
20
1911.218
10
14864.316
20
1949.687
10
14787.316
20
1949.687
0
LWPOLYLINE
5
92FB
100
AcDbEntity
8
Panels
100
AcDbPolyline
90
4
70
1
38
-25.296
10
14710.066
20
1911.218
10
14787.066
20
1911.218
10
14787.066
20
1949.687
10
14710.066
20
1949.687
0
LWPOLYLINE
5
92FA
100
AcDbEntity
8
Panels
100
AcDbPolyline
90
4
70
1
38
-25.296
10
14632.816
20
1911.218
10
14709.816
20
1911.218
10
14709.816
20
1949.687
10
14632.816
20
1949.687
0
LWPOLYLINE
5
92F9
100
AcDbEntity
8
Panels
100
AcDbPolyline
90
4
70
1
38
-25.296
10
14401.066
20
1911.218
10
14478.066
20
1911.218
10
14478.066
20
1949.687
10
14401.066
20
1949.687
0
LWPOLYLINE
5
92F8
100
AcDbEntity
8
Panels
100
AcDbPolyline
90
4
70
1
38
-25.296
10
14323.816
20
1911.218
10
14400.816
20
1911.218
10
14400.816
20
1949.687
10
14323.816
20
1949.687
0
LWPOLYLINE
5
92F7
100
AcDbEntity
8
Panels
100
AcDbPolyline
90
4
70
1
38
-25.296
10
14246.566
20
1911.218
10
14323.566
20
1911.218
10
14323.566
20
1949.687
10
14246.566
20
1949.687
0
LWPOLYLINE
5
92F6
100
AcDbEntity
8
Panels
100
AcDbPolyline
90
4
70
1
38
-25.296
10
14169.316
20
1911.218
10
14246.316
20
1911.218
10
14246.316
20
1949.687
10
14169.316
20
1949.687
0
LWPOLYLINE
5
92F5
100
AcDbEntity
8
Panels
100
AcDbPolyline
90
4
70
1
38
-25.296
10
14092.066
20
1911.218
10
14169.066
20
1911.218
10
14169.066
20
1949.687
10
14092.066
20
1949.687
0
LWPOLYLINE
5
92F4
100
AcDbEntity
8
Panels
100
AcDbPolyline
90
4
70
1
38
-25.296
10
15559.816
20
1969.025
10
15636.816
20
1969.025
10
15636.816
20
2007.493
10
15559.816
20
2007.493
0
LWPOLYLINE
5
92F3
100
AcDbEntity
8
Panels
100
AcDbPolyline
90
4
70
1
38
-25.296
10
15405.316
20
1969.025
10
15482.316
20
1969.025
10
15482.316
20
2007.493
10
15405.316
20
2007.493
0
LWPOLYLINE
5
92F2
100
AcDbEntity
8
Panels
100
AcDbPolyline
90
4
70
1
38
-25.296
10
15328.066
20
1969.025
10
15405.066
20
1969.025
10
15405.066
20
2007.493
10
15328.066
20
2007.493
0
LWPOLYLINE
5
92F1
100
AcDbEntity
8
Panels
100
AcDbPolyline
90
4
70
1
38
-25.296
10
15250.816
20
1969.025
10
15327.816
20
1969.025
10
15327.816
20
2007.493
10
15250.816
20
2007.493
0
LWPOLYLINE
5
92F0
100
AcDbEntity
8
Panels
100
AcDbPolyline
90
4
70
1
38
-25.296
10
15173.566
20
1969.025
10
15250.566
20
1969.025
10
15250.566
20
2007.493
10
15173.566
20
2007.493
0
LWPOLYLINE
5
92EF
100
AcDbEntity
8
Panels
100
AcDbPolyline
90
4
70
1
38
-25.296
10
15096.316
20
1969.025
10
15173.316
20
1969.025
10
15173.316
20
2007.493
10
15096.316
20
2007.493
0
LWPOLYLINE
5
92EE
100
AcDbEntity
8
Panels
100
AcDbPolyline
90
4
70
1
38
-25.296
10
15019.066
20
1969.025
10
15096.066
20
1969.025
10
15096.066
20
2007.493
10
15019.066
20
2007.493
0
LWPOLYLINE
5
92ED
100
AcDbEntity
8
Panels
100
AcDbPolyline
90
4
70
1
38
-25.296
10
14941.816
20
1969.025
10
15018.816
20
1969.025
10
15018.816
20
2007.493
10
14941.816
20
2007.493
0
LWPOLYLINE
5
92EC
100
AcDbEntity
8
Panels
100
AcDbPolyline
90
4
70
1
38
-25.296
10
14864.566
20
1969.025
10
14941.566
20
1969.025
10
14941.566
20
2007.493
10
14864.566
20
2007.493
0
LWPOLYLINE
5
92EB
100
AcDbEntity
8
Panels
100
AcDbPolyline
90
4
70
1
38
-25.296
10
14787.316
20
1969.025
10
14864.316
20
1969.025
10
14864.316
20
2007.493
10
14787.316
20
2007.493
0
LWPOLYLINE
5
92EA
100
AcDbEntity
8
Panels
100
AcDbPolyline
90
4
70
1
38
-25.296
10
14710.066
20
1969.025
10
14787.066
20
1969.025
10
14787.066
20
2007.493
10
14710.066
20
2007.493
0
LWPOLYLINE
5
92E9
100
AcDbEntity
8
Panels
100
AcDbPolyline
90
4
70
1
38
-25.296
10
14632.816
20
1969.025
10
14709.816
20
1969.025
10
14709.816
20
2007.493
10
14632.816
20
2007.493
0
LWPOLYLINE
5
92E8
100
AcDbEntity
8
Panels
100
AcDbPolyline
90
4
70
1
38
-25.296
10
14555.566
20
1969.025
10
14632.566
20
1969.025
10
14632.566
20
2007.493
10
14555.566
20
2007.493
0
LWPOLYLINE
5
92E7
100
AcDbEntity
8
Panels
100
AcDbPolyline
90
4
70
1
38
-25.296
10
14478.316
20
1969.025
10
14555.316
20
1969.025
10
14555.316
20
2007.493
10
14478.316
20
2007.493
0
LWPOLYLINE
5
92E6
100
AcDbEntity
8
Panels
100
AcDbPolyline
90
4
70
1
38
-25.296
10
14401.066
20
1969.025
10
14478.066
20
1969.025
10
14478.066
20
2007.493
10
14401.066
20
2007.493
0
LWPOLYLINE
5
92E5
100
AcDbEntity
8
Panels
100
AcDbPolyline
90
4
70
1
38
-25.296
10
14323.816
20
1969.025
10
14400.816
20
1969.025
10
14400.816
20
2007.493
10
14323.816
20
2007.493
0
LWPOLYLINE
5
92E4
100
AcDbEntity
8
Panels
100
AcDbPolyline
90
4
70
1
38
-25.296
10
14246.566
20
1969.025
10
14323.566
20
1969.025
10
14323.566
20
2007.493
10
14246.566
20
2007.493
0
LWPOLYLINE
5
92E3
100
AcDbEntity
8
Panels
100
AcDbPolyline
90
4
70
1
38
-25.296
10
14169.316
20
1969.025
10
14246.316
20
1969.025
10
14246.316
20
2007.493
10
14169.316
20
2007.493
0
LWPOLYLINE
5
92E2
100
AcDbEntity
8
Panels
100
AcDbPolyline
90
4
70
1
38
-25.296
10
14092.066
20
1969.025
10
14169.066
20
1969.025
10
14169.066
20
2007.493
10
14092.066
20
2007.493
0
LWPOLYLINE
5
92E1
100
AcDbEntity
8
Panels
100
AcDbPolyline
90
4
70
1
38
-25.296
10
15559.816
20
2026.831
10
15636.816
20
2026.831
10
15636.816
20
2065.3
10
15559.816
20
2065.3
0
LWPOLYLINE
5
92E0
100
AcDbEntity
8
Panels
100
AcDbPolyline
90
4
70
1
38
-25.296
10
15405.316
20
2026.831
10
15482.316
20
2026.831
10
15482.316
20
2065.3
10
15405.316
20
2065.3
0
LWPOLYLINE
5
92DF
100
AcDbEntity
8
Panels
100
AcDbPolyline
90
4
70
1
38
-25.296
10
15328.066
20
2026.831
10
15405.066
20
2026.831
10
15405.066
20
2065.3
10
15328.066
20
2065.3
0
LWPOLYLINE
5
92DE
100
AcDbEntity
8
Panels
100
AcDbPolyline
90
4
70
1
38
-25.296
10
15250.816
20
2026.831
10
15327.816
20
2026.831
10
15327.816
20
2065.3
10
15250.816
20
2065.3
0
LWPOLYLINE
5
92DD
100
AcDbEntity
8
Panels
100
AcDbPolyline
90
4
70
1
38
-25.296
10
15173.566
20
2026.831
10
15250.566
20
2026.831
10
15250.566
20
2065.3
10
15173.566
20
2065.3
0
LWPOLYLINE
5
92DC
100
AcDbEntity
8
Panels
100
AcDbPolyline
90
4
70
1
38
-25.296
10
15096.316
20
2026.831
10
15173.316
20
2026.831
10
15173.316
20
2065.3
10
15096.316
20
2065.3
0
LWPOLYLINE
5
92DB
100
AcDbEntity
8
Panels
100
AcDbPolyline
90
4
70
1
38
-25.296
10
15019.066
20
2026.831
10
15096.066
20
2026.831
10
15096.066
20
2065.3
10
15019.066
20
2065.3
0
LWPOLYLINE
5
92DA
100
AcDbEntity
8
Panels
100
AcDbPolyline
90
4
70
1
38
-25.296
10
14941.816
20
2026.831
10
15018.816
20
2026.831
10
15018.816
20
2065.3
10
14941.816
20
2065.3
0
LWPOLYLINE
5
92D9
100
AcDbEntity
8
Panels
100
AcDbPolyline
90
4
70
1
38
-25.296
10
14864.566
20
2026.831
10
14941.566
20
2026.831
10
14941.566
20
2065.3
10
14864.566
20
2065.3
0
LWPOLYLINE
5
92D8
100
AcDbEntity
8
Panels
100
AcDbPolyline
90
4
70
1
38
-25.296
10
14787.316
20
2026.831
10
14864.316
20
2026.831
10
14864.316
20
2065.3
10
14787.316
20
2065.3
0
LWPOLYLINE
5
92D7
100
AcDbEntity
8
Panels
100
AcDbPolyline
90
4
70
1
38
-25.296
10
14710.066
20
2026.831
10
14787.066
20
2026.831
10
14787.066
20
2065.3
10
14710.066
20
2065.3
0
LWPOLYLINE
5
92D6
100
AcDbEntity
8
Panels
100
AcDbPolyline
90
4
70
1
38
-25.296
10
14632.816
20
2026.831
10
14709.816
20
2026.831
10
14709.816
20
2065.3
10
14632.816
20
2065.3
0
LWPOLYLINE
5
92D5
100
AcDbEntity
8
Panels
100
AcDbPolyline
90
4
70
1
38
-25.296
10
14555.566
20
2026.831
10
14632.566
20
2026.831
10
14632.566
20
2065.3
10
14555.566
20
2065.3
0
LWPOLYLINE
5
92D4
100
AcDbEntity
8
Panels
100
AcDbPolyline
90
4
70
1
38
-25.296
10
14478.316
20
2026.831
10
14555.316
20
2026.831
10
14555.316
20
2065.3
10
14478.316
20
2065.3
0
LWPOLYLINE
5
92D3
100
AcDbEntity
8
Panels
100
AcDbPolyline
90
4
70
1
38
-25.296
10
14401.066
20
2026.831
10
14478.066
20
2026.831
10
14478.066
20
2065.3
10
14401.066
20
2065.3
0
LWPOLYLINE
5
92D2
100
AcDbEntity
8
Panels
100
AcDbPolyline
90
4
70
1
38
-25.296
10
14323.816
20
2026.831
10
14400.816
20
2026.831
10
14400.816
20
2065.3
10
14323.816
20
2065.3
0
LWPOLYLINE
5
92D1
100
AcDbEntity
8
Panels
100
AcDbPolyline
90
4
70
1
38
-25.296
10
14246.566
20
2026.831
10
14323.566
20
2026.831
10
14323.566
20
2065.3
10
14246.566
20
2065.3
0
LWPOLYLINE
5
92D0
100
AcDbEntity
8
Panels
100
AcDbPolyline
90
4
70
1
38
-25.296
10
14169.316
20
2026.831
10
14246.316
20
2026.831
10
14246.316
20
2065.3
10
14169.316
20
2065.3
0
LWPOLYLINE
5
92CF
100
AcDbEntity
8
Panels
100
AcDbPolyline
90
4
70
1
38
-25.296
10
14092.066
20
2026.831
10
14169.066
20
2026.831
10
14169.066
20
2065.3
10
14092.066
20
2065.3
0
LWPOLYLINE
5
92CE
100
AcDbEntity
8
Panels
100
AcDbPolyline
90
4
70
1
38
-25.296
10
15559.816
20
2084.638
10
15636.816
20
2084.638
10
15636.816
20
2123.107
10
15559.816
20
2123.107
0
LWPOLYLINE
5
92CD
100
AcDbEntity
8
Panels
100
AcDbPolyline
90
4
70
1
38
-25.296
10
15405.316
20
2084.638
10
15482.316
20
2084.638
10
15482.316
20
2123.107
10
15405.316
20
2123.107
0
LWPOLYLINE
5
92CC
100
AcDbEntity
8
Panels
100
AcDbPolyline
90
4
70
1
38
-25.296
10
15328.066
20
2084.638
10
15405.066
20
2084.638
10
15405.066
20
2123.107
10
15328.066
20
2123.107
0
LWPOLYLINE
5
92CB
100
AcDbEntity
8
Panels
100
AcDbPolyline
90
4
70
1
38
-25.296
10
15250.816
20
2084.638
10
15327.816
20
2084.638
10
15327.816
20
2123.107
10
15250.816
20
2123.107
0
LWPOLYLINE
5
92CA
100
AcDbEntity
8
Panels
100
AcDbPolyline
90
4
70
1
38
-25.296
10
15173.566
20
2084.638
10
15250.566
20
2084.638
10
15250.566
20
2123.107
10
15173.566
20
2123.107
0
LWPOLYLINE
5
92C9
100
AcDbEntity
8
Panels
100
AcDbPolyline
90
4
70
1
38
-25.296
10
15096.316
20
2084.638
10
15173.316
20
2084.638
10
15173.316
20
2123.107
10
15096.316
20
2123.107
0
LWPOLYLINE
5
92C8
100
AcDbEntity
8
Panels
100
AcDbPolyline
90
4
70
1
38
-25.296
10
15019.066
20
2084.638
10
15096.066
20
2084.638
10
15096.066
20
2123.107
10
15019.066
20
2123.107
0
LWPOLYLINE
5
92C7
100
AcDbEntity
8
Panels
100
AcDbPolyline
90
4
70
1
38
-25.296
10
14941.816
20
2084.638
10
15018.816
20
2084.638
10
15018.816
20
2123.107
10
14941.816
20
2123.107
0
LWPOLYLINE
5
92C6
100
AcDbEntity
8
Panels
100
AcDbPolyline
90
4
70
1
38
-25.296
10
14864.566
20
2084.638
10
14941.566
20
2084.638
10
14941.566
20
2123.107
10
14864.566
20
2123.107
0
LWPOLYLINE
5
92C5
100
AcDbEntity
8
Panels
100
AcDbPolyline
90
4
70
1
38
-25.296
10
14787.316
20
2084.638
10
14864.316
20
2084.638
10
14864.316
20
2123.107
10
14787.316
20
2123.107
0
LWPOLYLINE
5
92C4
100
AcDbEntity
8
Panels
100
AcDbPolyline
90
4
70
1
38
-25.296
10
14710.066
20
2084.638
10
14787.066
20
2084.638
10
14787.066
20
2123.107
10
14710.066
20
2123.107
0
LWPOLYLINE
5
92C3
100
AcDbEntity
8
Panels
100
AcDbPolyline
90
4
70
1
38
-25.296
10
14632.816
20
2084.638
10
14709.816
20
2084.638
10
14709.816
20
2123.107
10
14632.816
20
2123.107
0
LWPOLYLINE
5
92C2
100
AcDbEntity
8
Panels
100
AcDbPolyline
90
4
70
1
38
-25.296
10
14555.566
20
2084.638
10
14632.566
20
2084.638
10
14632.566
20
2123.107
10
14555.566
20
2123.107
0
LWPOLYLINE
5
92C1
100
AcDbEntity
8
Panels
100
AcDbPolyline
90
4
70
1
38
-25.296
10
14478.316
20
2084.638
10
14555.316
20
2084.638
10
14555.316
20
2123.107
10
14478.316
20
2123.107
0
LWPOLYLINE
5
92C0
100
AcDbEntity
8
Panels
100
AcDbPolyline
90
4
70
1
38
-25.296
10
14401.066
20
2084.638
10
14478.066
20
2084.638
10
14478.066
20
2123.107
10
14401.066
20
2123.107
0
LWPOLYLINE
5
92BF
100
AcDbEntity
8
Panels
100
AcDbPolyline
90
4
70
1
38
-25.296
10
14323.816
20
2084.638
10
14400.816
20
2084.638
10
14400.816
20
2123.107
10
14323.816
20
2123.107
0
LWPOLYLINE
5
92BE
100
AcDbEntity
8
Panels
100
AcDbPolyline
90
4
70
1
38
-25.296
10
14246.566
20
2084.638
10
14323.566
20
2084.638
10
14323.566
20
2123.107
10
14246.566
20
2123.107
0
LWPOLYLINE
5
92BD
100
AcDbEntity
8
Panels
100
AcDbPolyline
90
4
70
1
38
-25.296
10
14169.316
20
2084.638
10
14246.316
20
2084.638
10
14246.316
20
2123.107
10
14169.316
20
2123.107
0
LWPOLYLINE
5
92BC
100
AcDbEntity
8
Panels
100
AcDbPolyline
90
4
70
1
38
-25.296
10
14092.066
20
2084.638
10
14169.066
20
2084.638
10
14169.066
20
2123.107
10
14092.066
20
2123.107
0
LWPOLYLINE
5
92BB
100
AcDbEntity
8
Panels
100
AcDbPolyline
90
4
70
1
38
-25.296
10
15559.816
20
2142.445
10
15636.816
20
2142.445
10
15636.816
20
2180.914
10
15559.816
20
2180.914
0
LWPOLYLINE
5
92BA
100
AcDbEntity
8
Panels
100
AcDbPolyline
90
4
70
1
38
-25.296
10
15405.316
20
2142.445
10
15482.316
20
2142.445
10
15482.316
20
2180.914
10
15405.316
20
2180.914
0
LWPOLYLINE
5
92B9
100
AcDbEntity
8
Panels
100
AcDbPolyline
90
4
70
1
38
-25.296
10
15328.066
20
2142.445
10
15405.066
20
2142.445
10
15405.066
20
2180.914
10
15328.066
20
2180.914
0
LWPOLYLINE
5
92B8
100
AcDbEntity
8
Panels
100
AcDbPolyline
90
4
70
1
38
-25.296
10
15250.816
20
2142.445
10
15327.816
20
2142.445
10
15327.816
20
2180.914
10
15250.816
20
2180.914
0
LWPOLYLINE
5
92B7
100
AcDbEntity
8
Panels
100
AcDbPolyline
90
4
70
1
38
-25.296
10
15173.566
20
2142.445
10
15250.566
20
2142.445
10
15250.566
20
2180.914
10
15173.566
20
2180.914
0
LWPOLYLINE
5
92B6
100
AcDbEntity
8
Panels
100
AcDbPolyline
90
4
70
1
38
-25.296
10
15096.316
20
2142.445
10
15173.316
20
2142.445
10
15173.316
20
2180.914
10
15096.316
20
2180.914
0
LWPOLYLINE
5
92B5
100
AcDbEntity
8
Panels
100
AcDbPolyline
90
4
70
1
38
-25.296
10
15019.066
20
2142.445
10
15096.066
20
2142.445
10
15096.066
20
2180.914
10
15019.066
20
2180.914
0
LWPOLYLINE
5
92B4
100
AcDbEntity
8
Panels
100
AcDbPolyline
90
4
70
1
38
-25.296
10
14941.816
20
2142.445
10
15018.816
20
2142.445
10
15018.816
20
2180.914
10
14941.816
20
2180.914
0
LWPOLYLINE
5
92B3
100
AcDbEntity
8
Panels
100
AcDbPolyline
90
4
70
1
38
-25.296
10
14864.566
20
2142.445
10
14941.566
20
2142.445
10
14941.566
20
2180.914
10
14864.566
20
2180.914
0
LWPOLYLINE
5
92B2
100
AcDbEntity
8
Panels
100
AcDbPolyline
90
4
70
1
38
-25.296
10
14787.316
20
2142.445
10
14864.316
20
2142.445
10
14864.316
20
2180.914
10
14787.316
20
2180.914
0
LWPOLYLINE
5
92B1
100
AcDbEntity
8
Panels
100
AcDbPolyline
90
4
70
1
38
-25.296
10
14710.066
20
2142.445
10
14787.066
20
2142.445
10
14787.066
20
2180.914
10
14710.066
20
2180.914
0
LWPOLYLINE
5
92B0
100
AcDbEntity
8
Panels
100
AcDbPolyline
90
4
70
1
38
-25.296
10
14632.816
20
2142.445
10
14709.816
20
2142.445
10
14709.816
20
2180.914
10
14632.816
20
2180.914
0
LWPOLYLINE
5
92AF
100
AcDbEntity
8
Panels
100
AcDbPolyline
90
4
70
1
38
-25.296
10
14555.566
20
2142.445
10
14632.566
20
2142.445
10
14632.566
20
2180.914
10
14555.566
20
2180.914
0
LWPOLYLINE
5
92AE
100
AcDbEntity
8
Panels
100
AcDbPolyline
90
4
70
1
38
-25.296
10
14478.316
20
2142.445
10
14555.316
20
2142.445
10
14555.316
20
2180.914
10
14478.316
20
2180.914
0
LWPOLYLINE
5
92AD
100
AcDbEntity
8
Panels
100
AcDbPolyline
90
4
70
1
38
-25.296
10
14401.066
20
2142.445
10
14478.066
20
2142.445
10
14478.066
20
2180.914
10
14401.066
20
2180.914
0
LWPOLYLINE
5
92AC
100
AcDbEntity
8
Panels
100
AcDbPolyline
90
4
70
1
38
-25.296
10
14323.816
20
2142.445
10
14400.816
20
2142.445
10
14400.816
20
2180.914
10
14323.816
20
2180.914
0
LWPOLYLINE
5
92AB
100
AcDbEntity
8
Panels
100
AcDbPolyline
90
4
70
1
38
-25.296
10
14246.566
20
2142.445
10
14323.566
20
2142.445
10
14323.566
20
2180.914
10
14246.566
20
2180.914
0
LWPOLYLINE
5
92AA
100
AcDbEntity
8
Panels
100
AcDbPolyline
90
4
70
1
38
-25.296
10
14169.316
20
2142.445
10
14246.316
20
2142.445
10
14246.316
20
2180.914
10
14169.316
20
2180.914
0
LWPOLYLINE
5
92A9
100
AcDbEntity
8
Panels
100
AcDbPolyline
90
4
70
1
38
-25.296
10
14092.066
20
2142.445
10
14169.066
20
2142.445
10
14169.066
20
2180.914
10
14092.066
20
2180.914
0
LWPOLYLINE
5
92A8
100
AcDbEntity
8
Panels
100
AcDbPolyline
90
4
70
1
38
-25.296
10
15559.816
20
2200.252
10
15636.816
20
2200.252
10
15636.816
20
2238.721
10
15559.816
20
2238.721
0
LWPOLYLINE
5
92A7
100
AcDbEntity
8
Panels
100
AcDbPolyline
90
4
70
1
38
-25.296
10
15405.316
20
2200.252
10
15482.316
20
2200.252
10
15482.316
20
2238.721
10
15405.316
20
2238.721
0
LWPOLYLINE
5
92A6
100
AcDbEntity
8
Panels
100
AcDbPolyline
90
4
70
1
38
-25.296
10
15328.066
20
2200.252
10
15405.066
20
2200.252
10
15405.066
20
2238.721
10
15328.066
20
2238.721
0
LWPOLYLINE
5
92A5
100
AcDbEntity
8
Panels
100
AcDbPolyline
90
4
70
1
38
-25.296
10
15250.816
20
2200.252
10
15327.816
20
2200.252
10
15327.816
20
2238.721
10
15250.816
20
2238.721
0
LWPOLYLINE
5
92A4
100
AcDbEntity
8
Panels
100
AcDbPolyline
90
4
70
1
38
-25.296
10
15173.566
20
2200.252
10
15250.566
20
2200.252
10
15250.566
20
2238.721
10
15173.566
20
2238.721
0
LWPOLYLINE
5
92A3
100
AcDbEntity
8
Panels
100
AcDbPolyline
90
4
70
1
38
-25.296
10
15096.316
20
2200.252
10
15173.316
20
2200.252
10
15173.316
20
2238.721
10
15096.316
20
2238.721
0
LWPOLYLINE
5
92A2
100
AcDbEntity
8
Panels
100
AcDbPolyline
90
4
70
1
38
-25.296
10
15019.066
20
2200.252
10
15096.066
20
2200.252
10
15096.066
20
2238.721
10
15019.066
20
2238.721
0
LWPOLYLINE
5
92A1
100
AcDbEntity
8
Panels
100
AcDbPolyline
90
4
70
1
38
-25.296
10
14941.816
20
2200.252
10
15018.816
20
2200.252
10
15018.816
20
2238.721
10
14941.816
20
2238.721
0
LWPOLYLINE
5
92A0
100
AcDbEntity
8
Panels
100
AcDbPolyline
90
4
70
1
38
-25.296
10
14864.566
20
2200.252
10
14941.566
20
2200.252
10
14941.566
20
2238.721
10
14864.566
20
2238.721
0
LWPOLYLINE
5
929F
100
AcDbEntity
8
Panels
100
AcDbPolyline
90
4
70
1
38
-25.296
10
14787.316
20
2200.252
10
14864.316
20
2200.252
10
14864.316
20
2238.721
10
14787.316
20
2238.721
0
LWPOLYLINE
5
929E
100
AcDbEntity
8
Panels
100
AcDbPolyline
90
4
70
1
38
-25.296
10
14710.066
20
2200.252
10
14787.066
20
2200.252
10
14787.066
20
2238.721
10
14710.066
20
2238.721
0
LWPOLYLINE
5
929D
100
AcDbEntity
8
Panels
100
AcDbPolyline
90
4
70
1
38
-25.296
10
14632.816
20
2200.252
10
14709.816
20
2200.252
10
14709.816
20
2238.721
10
14632.816
20
2238.721
0
LWPOLYLINE
5
929C
100
AcDbEntity
8
Panels
100
AcDbPolyline
90
4
70
1
38
-25.296
10
14555.566
20
2200.252
10
14632.566
20
2200.252
10
14632.566
20
2238.721
10
14555.566
20
2238.721
0
LWPOLYLINE
5
929B
100
AcDbEntity
8
Panels
100
AcDbPolyline
90
4
70
1
38
-25.296
10
14478.316
20
2200.252
10
14555.316
20
2200.252
10
14555.316
20
2238.721
10
14478.316
20
2238.721
0
LWPOLYLINE
5
929A
100
AcDbEntity
8
Panels
100
AcDbPolyline
90
4
70
1
38
-25.296
10
14401.066
20
2200.252
10
14478.066
20
2200.252
10
14478.066
20
2238.721
10
14401.066
20
2238.721
0
LWPOLYLINE
5
9299
100
AcDbEntity
8
Panels
100
AcDbPolyline
90
4
70
1
38
-25.296
10
14323.816
20
2200.252
10
14400.816
20
2200.252
10
14400.816
20
2238.721
10
14323.816
20
2238.721
0
LWPOLYLINE
5
9298
100
AcDbEntity
8
Panels
100
AcDbPolyline
90
4
70
1
38
-25.296
10
14246.566
20
2200.252
10
14323.566
20
2200.252
10
14323.566
20
2238.721
10
14246.566
20
2238.721
0
LWPOLYLINE
5
9297
100
AcDbEntity
8
Panels
100
AcDbPolyline
90
4
70
1
38
-25.296
10
14169.316
20
2200.252
10
14246.316
20
2200.252
10
14246.316
20
2238.721
10
14169.316
20
2238.721
0
LWPOLYLINE
5
9296
100
AcDbEntity
8
Panels
100
AcDbPolyline
90
4
70
1
38
-25.296
10
14092.066
20
2200.252
10
14169.066
20
2200.252
10
14169.066
20
2238.721
10
14092.066
20
2238.721
0
LWPOLYLINE
5
9295
100
AcDbEntity
8
Panels
100
AcDbPolyline
90
4
70
1
38
-25.296
10
15559.816
20
2258.059
10
15636.816
20
2258.059
10
15636.816
20
2296.527
10
15559.816
20
2296.527
0
LWPOLYLINE
5
9294
100
AcDbEntity
8
Panels
100
AcDbPolyline
90
4
70
1
38
-25.296
10
15405.316
20
2258.059
10
15482.316
20
2258.059
10
15482.316
20
2296.527
10
15405.316
20
2296.527
0
LWPOLYLINE
5
9293
100
AcDbEntity
8
Panels
100
AcDbPolyline
90
4
70
1
38
-25.296
10
15328.066
20
2258.059
10
15405.066
20
2258.059
10
15405.066
20
2296.527
10
15328.066
20
2296.527
0
LWPOLYLINE
5
9292
100
AcDbEntity
8
Panels
100
AcDbPolyline
90
4
70
1
38
-25.296
10
15250.816
20
2258.059
10
15327.816
20
2258.059
10
15327.816
20
2296.527
10
15250.816
20
2296.527
0
LWPOLYLINE
5
9291
100
AcDbEntity
8
Panels
100
AcDbPolyline
90
4
70
1
38
-25.296
10
15173.566
20
2258.059
10
15250.566
20
2258.059
10
15250.566
20
2296.527
10
15173.566
20
2296.527
0
LWPOLYLINE
5
9290
100
AcDbEntity
8
Panels
100
AcDbPolyline
90
4
70
1
38
-25.296
10
15096.316
20
2258.059
10
15173.316
20
2258.059
10
15173.316
20
2296.527
10
15096.316
20
2296.527
0
LWPOLYLINE
5
928F
100
AcDbEntity
8
Panels
100
AcDbPolyline
90
4
70
1
38
-25.296
10
15019.066
20
2258.059
10
15096.066
20
2258.059
10
15096.066
20
2296.527
10
15019.066
20
2296.527
0
LWPOLYLINE
5
928E
100
AcDbEntity
8
Panels
100
AcDbPolyline
90
4
70
1
38
-25.296
10
14941.816
20
2258.059
10
15018.816
20
2258.059
10
15018.816
20
2296.527
10
14941.816
20
2296.527
0
LWPOLYLINE
5
928D
100
AcDbEntity
8
Panels
100
AcDbPolyline
90
4
70
1
38
-25.296
10
14864.566
20
2258.059
10
14941.566
20
2258.059
10
14941.566
20
2296.527
10
14864.566
20
2296.527
0
LWPOLYLINE
5
928C
100
AcDbEntity
8
Panels
100
AcDbPolyline
90
4
70
1
38
-25.296
10
14787.316
20
2258.059
10
14864.316
20
2258.059
10
14864.316
20
2296.527
10
14787.316
20
2296.527
0
LWPOLYLINE
5
928B
100
AcDbEntity
8
Panels
100
AcDbPolyline
90
4
70
1
38
-25.296
10
14710.066
20
2258.059
10
14787.066
20
2258.059
10
14787.066
20
2296.527
10
14710.066
20
2296.527
0
LWPOLYLINE
5
928A
100
AcDbEntity
8
Panels
100
AcDbPolyline
90
4
70
1
38
-25.296
10
14632.816
20
2258.059
10
14709.816
20
2258.059
10
14709.816
20
2296.527
10
14632.816
20
2296.527
0
LWPOLYLINE
5
9289
100
AcDbEntity
8
Panels
100
AcDbPolyline
90
4
70
1
38
-25.296
10
14555.566
20
2258.059
10
14632.566
20
2258.059
10
14632.566
20
2296.527
10
14555.566
20
2296.527
0
LWPOLYLINE
5
9288
100
AcDbEntity
8
Panels
100
AcDbPolyline
90
4
70
1
38
-25.296
10
14478.316
20
2258.059
10
14555.316
20
2258.059
10
14555.316
20
2296.527
10
14478.316
20
2296.527
0
LWPOLYLINE
5
9287
100
AcDbEntity
8
Panels
100
AcDbPolyline
90
4
70
1
38
-25.296
10
14401.066
20
2258.059
10
14478.066
20
2258.059
10
14478.066
20
2296.527
10
14401.066
20
2296.527
0
LWPOLYLINE
5
9286
100
AcDbEntity
8
Panels
100
AcDbPolyline
90
4
70
1
38
-25.296
10
14323.816
20
2258.059
10
14400.816
20
2258.059
10
14400.816
20
2296.527
10
14323.816
20
2296.527
0
LWPOLYLINE
5
9285
100
AcDbEntity
8
Panels
100
AcDbPolyline
90
4
70
1
38
-25.296
10
14246.566
20
2258.059
10
14323.566
20
2258.059
10
14323.566
20
2296.527
10
14246.566
20
2296.527
0
LWPOLYLINE
5
9284
100
AcDbEntity
8
Panels
100
AcDbPolyline
90
4
70
1
38
-25.296
10
14169.316
20
2258.059
10
14246.316
20
2258.059
10
14246.316
20
2296.527
10
14169.316
20
2296.527
0
LWPOLYLINE
5
9283
100
AcDbEntity
8
Panels
100
AcDbPolyline
90
4
70
1
38
-25.296
10
14092.066
20
2258.059
10
14169.066
20
2258.059
10
14169.066
20
2296.527
10
14092.066
20
2296.527
0
LWPOLYLINE
5
9282
100
AcDbEntity
8
Panels
100
AcDbPolyline
90
4
70
1
38
-25.296
10
15559.816
20
2315.865
10
15636.816
20
2315.865
10
15636.816
20
2354.334
10
15559.816
20
2354.334
0
LWPOLYLINE
5
9281
100
AcDbEntity
8
Panels
100
AcDbPolyline
90
4
70
1
38
-25.296
10
15405.316
20
2315.865
10
15482.316
20
2315.865
10
15482.316
20
2354.334
10
15405.316
20
2354.334
0
LWPOLYLINE
5
9280
100
AcDbEntity
8
Panels
100
AcDbPolyline
90
4
70
1
38
-25.296
10
15328.066
20
2315.865
10
15405.066
20
2315.865
10
15405.066
20
2354.334
10
15328.066
20
2354.334
0
LWPOLYLINE
5
927F
100
AcDbEntity
8
Panels
100
AcDbPolyline
90
4
70
1
38
-25.296
10
15250.816
20
2315.865
10
15327.816
20
2315.865
10
15327.816
20
2354.334
10
15250.816
20
2354.334
0
LWPOLYLINE
5
927E
100
AcDbEntity
8
Panels
100
AcDbPolyline
90
4
70
1
38
-25.296
10
15173.566
20
2315.865
10
15250.566
20
2315.865
10
15250.566
20
2354.334
10
15173.566
20
2354.334
0
LWPOLYLINE
5
927D
100
AcDbEntity
8
Panels
100
AcDbPolyline
90
4
70
1
38
-25.296
10
15096.316
20
2315.865
10
15173.316
20
2315.865
10
15173.316
20
2354.334
10
15096.316
20
2354.334
0
LWPOLYLINE
5
927C
100
AcDbEntity
8
Panels
100
AcDbPolyline
90
4
70
1
38
-25.296
10
15019.066
20
2315.865
10
15096.066
20
2315.865
10
15096.066
20
2354.334
10
15019.066
20
2354.334
0
LWPOLYLINE
5
927B
100
AcDbEntity
8
Panels
100
AcDbPolyline
90
4
70
1
38
-25.296
10
14941.816
20
2315.865
10
15018.816
20
2315.865
10
15018.816
20
2354.334
10
14941.816
20
2354.334
0
LWPOLYLINE
5
927A
100
AcDbEntity
8
Panels
100
AcDbPolyline
90
4
70
1
38
-25.296
10
14864.566
20
2315.865
10
14941.566
20
2315.865
10
14941.566
20
2354.334
10
14864.566
20
2354.334
0
LWPOLYLINE
5
9279
100
AcDbEntity
8
Panels
100
AcDbPolyline
90
4
70
1
38
-25.296
10
14787.316
20
2315.865
10
14864.316
20
2315.865
10
14864.316
20
2354.334
10
14787.316
20
2354.334
0
LWPOLYLINE
5
9278
100
AcDbEntity
8
Panels
100
AcDbPolyline
90
4
70
1
38
-25.296
10
14710.066
20
2315.865
10
14787.066
20
2315.865
10
14787.066
20
2354.334
10
14710.066
20
2354.334
0
LWPOLYLINE
5
9277
100
AcDbEntity
8
Panels
100
AcDbPolyline
90
4
70
1
38
-25.296
10
14632.816
20
2315.865
10
14709.816
20
2315.865
10
14709.816
20
2354.334
10
14632.816
20
2354.334
0
LWPOLYLINE
5
9276
100
AcDbEntity
8
Panels
100
AcDbPolyline
90
4
70
1
38
-25.296
10
14555.566
20
2315.865
10
14632.566
20
2315.865
10
14632.566
20
2354.334
10
14555.566
20
2354.334
0
LWPOLYLINE
5
9275
100
AcDbEntity
8
Panels
100
AcDbPolyline
90
4
70
1
38
-25.296
10
14478.316
20
2315.865
10
14555.316
20
2315.865
10
14555.316
20
2354.334
10
14478.316
20
2354.334
0
LWPOLYLINE
5
9274
100
AcDbEntity
8
Panels
100
AcDbPolyline
90
4
70
1
38
-25.296
10
14401.066
20
2315.865
10
14478.066
20
2315.865
10
14478.066
20
2354.334
10
14401.066
20
2354.334
0
LWPOLYLINE
5
9273
100
AcDbEntity
8
Panels
100
AcDbPolyline
90
4
70
1
38
-25.296
10
14323.816
20
2315.865
10
14400.816
20
2315.865
10
14400.816
20
2354.334
10
14323.816
20
2354.334
0
LWPOLYLINE
5
9272
100
AcDbEntity
8
Panels
100
AcDbPolyline
90
4
70
1
38
-25.296
10
14246.566
20
2315.865
10
14323.566
20
2315.865
10
14323.566
20
2354.334
10
14246.566
20
2354.334
0
LWPOLYLINE
5
9271
100
AcDbEntity
8
Panels
100
AcDbPolyline
90
4
70
1
38
-25.296
10
14169.316
20
2315.865
10
14246.316
20
2315.865
10
14246.316
20
2354.334
10
14169.316
20
2354.334
0
LWPOLYLINE
5
9270
100
AcDbEntity
8
Panels
100
AcDbPolyline
90
4
70
1
38
-25.296
10
14092.066
20
2315.865
10
14169.066
20
2315.865
10
14169.066
20
2354.334
10
14092.066
20
2354.334
0
LWPOLYLINE
5
926F
100
AcDbEntity
8
Panels
100
AcDbPolyline
90
4
70
1
38
-25.296
10
15559.816
20
2373.672
10
15636.816
20
2373.672
10
15636.816
20
2412.141
10
15559.816
20
2412.141
0
LWPOLYLINE
5
926E
100
AcDbEntity
8
Panels
100
AcDbPolyline
90
4
70
1
38
-25.296
10
15405.316
20
2373.672
10
15482.316
20
2373.672
10
15482.316
20
2412.141
10
15405.316
20
2412.141
0
LWPOLYLINE
5
926D
100
AcDbEntity
8
Panels
100
AcDbPolyline
90
4
70
1
38
-25.296
10
15328.066
20
2373.672
10
15405.066
20
2373.672
10
15405.066
20
2412.141
10
15328.066
20
2412.141
0
LWPOLYLINE
5
926C
100
AcDbEntity
8
Panels
100
AcDbPolyline
90
4
70
1
38
-25.296
10
15250.816
20
2373.672
10
15327.816
20
2373.672
10
15327.816
20
2412.141
10
15250.816
20
2412.141
0
LWPOLYLINE
5
926B
100
AcDbEntity
8
Panels
100
AcDbPolyline
90
4
70
1
38
-25.296
10
15173.566
20
2373.672
10
15250.566
20
2373.672
10
15250.566
20
2412.141
10
15173.566
20
2412.141
0
LWPOLYLINE
5
926A
100
AcDbEntity
8
Panels
100
AcDbPolyline
90
4
70
1
38
-25.296
10
15096.316
20
2373.672
10
15173.316
20
2373.672
10
15173.316
20
2412.141
10
15096.316
20
2412.141
0
LWPOLYLINE
5
9269
100
AcDbEntity
8
Panels
100
AcDbPolyline
90
4
70
1
38
-25.296
10
15019.066
20
2373.672
10
15096.066
20
2373.672
10
15096.066
20
2412.141
10
15019.066
20
2412.141
0
LWPOLYLINE
5
9268
100
AcDbEntity
8
Panels
100
AcDbPolyline
90
4
70
1
38
-25.296
10
14941.816
20
2373.672
10
15018.816
20
2373.672
10
15018.816
20
2412.141
10
14941.816
20
2412.141
0
LWPOLYLINE
5
9267
100
AcDbEntity
8
Panels
100
AcDbPolyline
90
4
70
1
38
-25.296
10
14864.566
20
2373.672
10
14941.566
20
2373.672
10
14941.566
20
2412.141
10
14864.566
20
2412.141
0
LWPOLYLINE
5
9266
100
AcDbEntity
8
Panels
100
AcDbPolyline
90
4
70
1
38
-25.296
10
14787.316
20
2373.672
10
14864.316
20
2373.672
10
14864.316
20
2412.141
10
14787.316
20
2412.141
0
LWPOLYLINE
5
9265
100
AcDbEntity
8
Panels
100
AcDbPolyline
90
4
70
1
38
-25.296
10
14710.066
20
2373.672
10
14787.066
20
2373.672
10
14787.066
20
2412.141
10
14710.066
20
2412.141
0
LWPOLYLINE
5
9264
100
AcDbEntity
8
Panels
100
AcDbPolyline
90
4
70
1
38
-25.296
10
14632.816
20
2373.672
10
14709.816
20
2373.672
10
14709.816
20
2412.141
10
14632.816
20
2412.141
0
LWPOLYLINE
5
9263
100
AcDbEntity
8
Panels
100
AcDbPolyline
90
4
70
1
38
-25.296
10
14555.566
20
2373.672
10
14632.566
20
2373.672
10
14632.566
20
2412.141
10
14555.566
20
2412.141
0
LWPOLYLINE
5
9262
100
AcDbEntity
8
Panels
100
AcDbPolyline
90
4
70
1
38
-25.296
10
14478.316
20
2373.672
10
14555.316
20
2373.672
10
14555.316
20
2412.141
10
14478.316
20
2412.141
0
LWPOLYLINE
5
9261
100
AcDbEntity
8
Panels
100
AcDbPolyline
90
4
70
1
38
-25.296
10
14401.066
20
2373.672
10
14478.066
20
2373.672
10
14478.066
20
2412.141
10
14401.066
20
2412.141
0
LWPOLYLINE
5
9260
100
AcDbEntity
8
Panels
100
AcDbPolyline
90
4
70
1
38
-25.296
10
14323.816
20
2373.672
10
14400.816
20
2373.672
10
14400.816
20
2412.141
10
14323.816
20
2412.141
0
LWPOLYLINE
5
925F
100
AcDbEntity
8
Panels
100
AcDbPolyline
90
4
70
1
38
-25.296
10
14246.566
20
2373.672
10
14323.566
20
2373.672
10
14323.566
20
2412.141
10
14246.566
20
2412.141
0
LWPOLYLINE
5
925E
100
AcDbEntity
8
Panels
100
AcDbPolyline
90
4
70
1
38
-25.296
10
14169.316
20
2373.672
10
14246.316
20
2373.672
10
14246.316
20
2412.141
10
14169.316
20
2412.141
0
LWPOLYLINE
5
925D
100
AcDbEntity
8
Panels
100
AcDbPolyline
90
4
70
1
38
-25.296
10
14092.066
20
2373.672
10
14169.066
20
2373.672
10
14169.066
20
2412.141
10
14092.066
20
2412.141
0
LWPOLYLINE
5
925C
100
AcDbEntity
8
Panels
100
AcDbPolyline
90
4
70
1
38
-25.296
10
15559.816
20
2431.479
10
15636.816
20
2431.479
10
15636.816
20
2469.948
10
15559.816
20
2469.948
0
LWPOLYLINE
5
925B
100
AcDbEntity
8
Panels
100
AcDbPolyline
90
4
70
1
38
-25.296
10
15405.316
20
2431.479
10
15482.316
20
2431.479
10
15482.316
20
2469.948
10
15405.316
20
2469.948
0
LWPOLYLINE
5
925A
100
AcDbEntity
8
Panels
100
AcDbPolyline
90
4
70
1
38
-25.296
10
15328.066
20
2431.479
10
15405.066
20
2431.479
10
15405.066
20
2469.948
10
15328.066
20
2469.948
0
LWPOLYLINE
5
9259
100
AcDbEntity
8
Panels
100
AcDbPolyline
90
4
70
1
38
-25.296
10
15250.816
20
2431.479
10
15327.816
20
2431.479
10
15327.816
20
2469.948
10
15250.816
20
2469.948
0
LWPOLYLINE
5
9258
100
AcDbEntity
8
Panels
100
AcDbPolyline
90
4
70
1
38
-25.296
10
14941.816
20
2431.479
10
15018.816
20
2431.479
10
15018.816
20
2469.948
10
14941.816
20
2469.948
0
LWPOLYLINE
5
9257
100
AcDbEntity
8
Panels
100
AcDbPolyline
90
4
70
1
38
-25.296
10
14864.566
20
2431.479
10
14941.566
20
2431.479
10
14941.566
20
2469.948
10
14864.566
20
2469.948
0
LWPOLYLINE
5
9256
100
AcDbEntity
8
Panels
100
AcDbPolyline
90
4
70
1
38
-25.296
10
14787.316
20
2431.479
10
14864.316
20
2431.479
10
14864.316
20
2469.948
10
14787.316
20
2469.948
0
LWPOLYLINE
5
9255
100
AcDbEntity
8
Panels
100
AcDbPolyline
90
4
70
1
38
-25.296
10
14710.066
20
2431.479
10
14787.066
20
2431.479
10
14787.066
20
2469.948
10
14710.066
20
2469.948
0
LWPOLYLINE
5
9254
100
AcDbEntity
8
Panels
100
AcDbPolyline
90
4
70
1
38
-25.296
10
14632.816
20
2431.479
10
14709.816
20
2431.479
10
14709.816
20
2469.948
10
14632.816
20
2469.948
0
LWPOLYLINE
5
9253
100
AcDbEntity
8
Panels
100
AcDbPolyline
90
4
70
1
38
-25.296
10
14555.566
20
2431.479
10
14632.566
20
2431.479
10
14632.566
20
2469.948
10
14555.566
20
2469.948
0
LWPOLYLINE
5
9252
100
AcDbEntity
8
Panels
100
AcDbPolyline
90
4
70
1
38
-25.296
10
14478.316
20
2431.479
10
14555.316
20
2431.479
10
14555.316
20
2469.948
10
14478.316
20
2469.948
0
LWPOLYLINE
5
9251
100
AcDbEntity
8
Panels
100
AcDbPolyline
90
4
70
1
38
-25.296
10
14401.066
20
2431.479
10
14478.066
20
2431.479
10
14478.066
20
2469.948
10
14401.066
20
2469.948
0
LWPOLYLINE
5
9250
100
AcDbEntity
8
Panels
100
AcDbPolyline
90
4
70
1
38
-25.296
10
14323.816
20
2431.479
10
14400.816
20
2431.479
10
14400.816
20
2469.948
10
14323.816
20
2469.948
0
LWPOLYLINE
5
924F
100
AcDbEntity
8
Panels
100
AcDbPolyline
90
4
70
1
38
-25.296
10
14246.566
20
2431.479
10
14323.566
20
2431.479
10
14323.566
20
2469.948
10
14246.566
20
2469.948
0
LWPOLYLINE
5
924E
100
AcDbEntity
8
Panels
100
AcDbPolyline
90
4
70
1
38
-25.296
10
14169.316
20
2431.479
10
14246.316
20
2431.479
10
14246.316
20
2469.948
10
14169.316
20
2469.948
0
LWPOLYLINE
5
924D
100
AcDbEntity
8
Panels
100
AcDbPolyline
90
4
70
1
38
-25.296
10
14092.066
20
2431.479
10
14169.066
20
2431.479
10
14169.066
20
2469.948
10
14092.066
20
2469.948
0
LWPOLYLINE
5
924C
100
AcDbEntity
8
Panels
100
AcDbPolyline
90
4
70
1
38
-25.296
10
15559.816
20
2489.286
10
15636.816
20
2489.286
10
15636.816
20
2527.754
10
15559.816
20
2527.754
0
LWPOLYLINE
5
924B
100
AcDbEntity
8
Panels
100
AcDbPolyline
90
4
70
1
38
-25.296
10
15405.316
20
2489.286
10
15482.316
20
2489.286
10
15482.316
20
2527.754
10
15405.316
20
2527.754
0
LWPOLYLINE
5
924A
100
AcDbEntity
8
Panels
100
AcDbPolyline
90
4
70
1
38
-25.296
10
15328.066
20
2489.286
10
15405.066
20
2489.286
10
15405.066
20
2527.754
10
15328.066
20
2527.754
0
LWPOLYLINE
5
9249
100
AcDbEntity
8
Panels
100
AcDbPolyline
90
4
70
1
38
-25.296
10
15250.816
20
2489.286
10
15327.816
20
2489.286
10
15327.816
20
2527.754
10
15250.816
20
2527.754
0
LWPOLYLINE
5
9248
100
AcDbEntity
8
Panels
100
AcDbPolyline
90
4
70
1
38
-25.296
10
14941.816
20
2489.286
10
15018.816
20
2489.286
10
15018.816
20
2527.754
10
14941.816
20
2527.754
0
LWPOLYLINE
5
9247
100
AcDbEntity
8
Panels
100
AcDbPolyline
90
4
70
1
38
-25.296
10
14864.566
20
2489.286
10
14941.566
20
2489.286
10
14941.566
20
2527.754
10
14864.566
20
2527.754
0
LWPOLYLINE
5
9246
100
AcDbEntity
8
Panels
100
AcDbPolyline
90
4
70
1
38
-25.296
10
14787.316
20
2489.286
10
14864.316
20
2489.286
10
14864.316
20
2527.754
10
14787.316
20
2527.754
0
LWPOLYLINE
5
9245
100
AcDbEntity
8
Panels
100
AcDbPolyline
90
4
70
1
38
-25.296
10
14710.066
20
2489.286
10
14787.066
20
2489.286
10
14787.066
20
2527.754
10
14710.066
20
2527.754
0
LWPOLYLINE
5
9244
100
AcDbEntity
8
Panels
100
AcDbPolyline
90
4
70
1
38
-25.296
10
14632.816
20
2489.286
10
14709.816
20
2489.286
10
14709.816
20
2527.754
10
14632.816
20
2527.754
0
LWPOLYLINE
5
9243
100
AcDbEntity
8
Panels
100
AcDbPolyline
90
4
70
1
38
-25.296
10
14555.566
20
2489.286
10
14632.566
20
2489.286
10
14632.566
20
2527.754
10
14555.566
20
2527.754
0
LWPOLYLINE
5
9242
100
AcDbEntity
8
Panels
100
AcDbPolyline
90
4
70
1
38
-25.296
10
14478.316
20
2489.286
10
14555.316
20
2489.286
10
14555.316
20
2527.754
10
14478.316
20
2527.754
0
LWPOLYLINE
5
9241
100
AcDbEntity
8
Panels
100
AcDbPolyline
90
4
70
1
38
-25.296
10
14401.066
20
2489.286
10
14478.066
20
2489.286
10
14478.066
20
2527.754
10
14401.066
20
2527.754
0
LWPOLYLINE
5
9240
100
AcDbEntity
8
Panels
100
AcDbPolyline
90
4
70
1
38
-25.296
10
14323.816
20
2489.286
10
14400.816
20
2489.286
10
14400.816
20
2527.754
10
14323.816
20
2527.754
0
LWPOLYLINE
5
923F
100
AcDbEntity
8
Panels
100
AcDbPolyline
90
4
70
1
38
-25.296
10
14246.566
20
2489.286
10
14323.566
20
2489.286
10
14323.566
20
2527.754
10
14246.566
20
2527.754
0
LWPOLYLINE
5
923E
100
AcDbEntity
8
Panels
100
AcDbPolyline
90
4
70
1
38
-25.296
10
14169.316
20
2489.286
10
14246.316
20
2489.286
10
14246.316
20
2527.754
10
14169.316
20
2527.754
0
LWPOLYLINE
5
923D
100
AcDbEntity
8
Panels
100
AcDbPolyline
90
4
70
1
38
-25.296
10
14092.066
20
2489.286
10
14169.066
20
2489.286
10
14169.066
20
2527.754
10
14092.066
20
2527.754
0
LWPOLYLINE
5
923C
100
AcDbEntity
8
Panels
100
AcDbPolyline
90
4
70
1
38
-25.296
10
14478.316
20
2547.092
10
14555.316
20
2547.092
10
14555.316
20
2585.561
10
14478.316
20
2585.561
0
LWPOLYLINE
5
923B
100
AcDbEntity
8
Panels
100
AcDbPolyline
90
4
70
1
38
-25.296
10
14401.066
20
2547.092
10
14478.066
20
2547.092
10
14478.066
20
2585.561
10
14401.066
20
2585.561
0
LWPOLYLINE
5
923A
100
AcDbEntity
8
Panels
100
AcDbPolyline
90
4
70
1
38
-25.296
10
14323.816
20
2547.092
10
14400.816
20
2547.092
10
14400.816
20
2585.561
10
14323.816
20
2585.561
0
LWPOLYLINE
5
9239
100
AcDbEntity
8
Panels
100
AcDbPolyline
90
4
70
1
38
-25.296
10
14246.566
20
2547.092
10
14323.566
20
2547.092
10
14323.566
20
2585.561
10
14246.566
20
2585.561
0
LWPOLYLINE
5
9238
100
AcDbEntity
8
Panels
100
AcDbPolyline
90
4
70
1
38
-25.296
10
14169.316
20
2547.092
10
14246.316
20
2547.092
10
14246.316
20
2585.561
10
14169.316
20
2585.561
0
LWPOLYLINE
5
9237
100
AcDbEntity
8
Panels
100
AcDbPolyline
90
4
70
1
38
-25.296
10
14092.066
20
2547.092
10
14169.066
20
2547.092
10
14169.066
20
2585.561
10
14092.066
20
2585.561
0
LWPOLYLINE
5
9002
100
AcDbEntity
8
Panels
100
AcDbPolyline
90
4
70
1
38
-37.944
10
14558.333
20
3141.76
10
14635.333
20
3141.76
10
14635.333
20
3180.229
10
14558.333
20
3180.229
0
LWPOLYLINE
5
9001
100
AcDbEntity
8
Panels
100
AcDbPolyline
90
4
70
1
38
-37.944
10
14558.333
20
3199.567
10
14635.333
20
3199.567
10
14635.333
20
3238.036
10
14558.333
20
3238.036
0
LWPOLYLINE
5
9000
100
AcDbEntity
8
Panels
100
AcDbPolyline
90
4
70
1
38
-37.944
10
14558.333
20
3257.374
10
14635.333
20
3257.374
10
14635.333
20
3295.843
10
14558.333
20
3295.843
0
LWPOLYLINE
5
8FFF
100
AcDbEntity
8
Panels
100
AcDbPolyline
90
4
70
1
38
-37.944
10
14558.333
20
3315.181
10
14635.333
20
3315.181
10
14635.333
20
3353.649
10
14558.333
20
3353.649
0
LWPOLYLINE
5
8FFE
100
AcDbEntity
8
Panels
100
AcDbPolyline
90
4
70
1
38
-37.944
10
14558.333
20
3372.987
10
14635.333
20
3372.987
10
14635.333
20
3411.456
10
14558.333
20
3411.456
0
LWPOLYLINE
5
8FFD
100
AcDbEntity
8
Panels
100
AcDbPolyline
90
4
70
1
38
-37.944
10
14558.333
20
3430.794
10
14635.333
20
3430.794
10
14635.333
20
3469.263
10
14558.333
20
3469.263
0
LWPOLYLINE
5
8FFC
100
AcDbEntity
8
Panels
100
AcDbPolyline
90
4
70
1
38
-37.944
10
14558.333
20
3488.601
10
14635.333
20
3488.601
10
14635.333
20
3527.07
10
14558.333
20
3527.07
0
LWPOLYLINE
5
8FFB
100
AcDbEntity
8
Panels
100
AcDbPolyline
90
4
70
1
38
-37.944
10
15562.583
20
4818.157
10
15639.583
20
4818.157
10
15639.583
20
4856.626
10
15562.583
20
4856.626
0
LWPOLYLINE
5
8FFA
100
AcDbEntity
8
Panels
100
AcDbPolyline
90
4
70
1
38
-37.944
10
15485.333
20
4818.157
10
15562.333
20
4818.157
10
15562.333
20
4856.626
10
15485.333
20
4856.626
0
LWPOLYLINE
5
8FF9
100
AcDbEntity
8
Panels
100
AcDbPolyline
90
4
70
1
38
-37.944
10
15408.083
20
4818.157
10
15485.083
20
4818.157
10
15485.083
20
4856.626
10
15408.083
20
4856.626
0
LWPOLYLINE
5
8FF8
100
AcDbEntity
8
Panels
100
AcDbPolyline
90
4
70
1
38
-37.944
10
15485.333
20
4644.737
10
15562.333
20
4644.737
10
15562.333
20
4683.205
10
15485.333
20
4683.205
0
LWPOLYLINE
5
8FF7
100
AcDbEntity
8
Panels
100
AcDbPolyline
90
4
70
1
38
-37.944
10
15485.333
20
4702.543
10
15562.333
20
4702.543
10
15562.333
20
4741.012
10
15485.333
20
4741.012
0
LWPOLYLINE
5
8FF6
100
AcDbEntity
8
Panels
100
AcDbPolyline
90
4
70
1
38
-37.944
10
15485.333
20
4760.35
10
15562.333
20
4760.35
10
15562.333
20
4798.819
10
15485.333
20
4798.819
0
LWPOLYLINE
5
8FF5
100
AcDbEntity
8
Panels
100
AcDbPolyline
90
4
70
1
38
-37.944
10
15408.083
20
4644.737
10
15485.083
20
4644.737
10
15485.083
20
4683.205
10
15408.083
20
4683.205
0
LWPOLYLINE
5
8FF4
100
AcDbEntity
8
Panels
100
AcDbPolyline
90
4
70
1
38
-37.944
10
15562.583
20
4644.737
10
15639.583
20
4644.737
10
15639.583
20
4683.205
10
15562.583
20
4683.205
0
LWPOLYLINE
5
8FF3
100
AcDbEntity
8
Panels
100
AcDbPolyline
90
4
70
1
38
-37.944
10
15408.083
20
4702.543
10
15485.083
20
4702.543
10
15485.083
20
4741.012
10
15408.083
20
4741.012
0
LWPOLYLINE
5
8FF2
100
AcDbEntity
8
Panels
100
AcDbPolyline
90
4
70
1
38
-37.944
10
15562.583
20
4702.543
10
15639.583
20
4702.543
10
15639.583
20
4741.012
10
15562.583
20
4741.012
0
LWPOLYLINE
5
8FF1
100
AcDbEntity
8
Panels
100
AcDbPolyline
90
4
70
1
38
-37.944
10
15408.083
20
4760.35
10
15485.083
20
4760.35
10
15485.083
20
4798.819
10
15408.083
20
4798.819
0
LWPOLYLINE
5
8FF0
100
AcDbEntity
8
Panels
100
AcDbPolyline
90
4
70
1
38
-37.944
10
15562.583
20
4760.35
10
15639.583
20
4760.35
10
15639.583
20
4798.819
10
15562.583
20
4798.819
0
LWPOLYLINE
5
8FEF
100
AcDbEntity
8
Panels
100
AcDbPolyline
90
4
70
1
38
-37.944
10
15485.333
20
3141.76
10
15562.333
20
3141.76
10
15562.333
20
3180.229
10
15485.333
20
3180.229
0
LWPOLYLINE
5
8FEE
100
AcDbEntity
8
Panels
100
AcDbPolyline
90
4
70
1
38
-37.944
10
15485.333
20
3199.567
10
15562.333
20
3199.567
10
15562.333
20
3238.036
10
15485.333
20
3238.036
0
LWPOLYLINE
5
8FED
100
AcDbEntity
8
Panels
100
AcDbPolyline
90
4
70
1
38
-37.944
10
15485.333
20
3719.828
10
15562.333
20
3719.828
10
15562.333
20
3758.297
10
15485.333
20
3758.297
0
LWPOLYLINE
5
8FEC
100
AcDbEntity
8
Panels
100
AcDbPolyline
90
4
70
1
38
-37.944
10
15485.333
20
3777.635
10
15562.333
20
3777.635
10
15562.333
20
3816.104
10
15485.333
20
3816.104
0
LWPOLYLINE
5
8FEB
100
AcDbEntity
8
Panels
100
AcDbPolyline
90
4
70
1
38
-37.944
10
15485.333
20
3835.442
10
15562.333
20
3835.442
10
15562.333
20
3873.91
10
15485.333
20
3873.91
0
LWPOLYLINE
5
8FEA
100
AcDbEntity
8
Panels
100
AcDbPolyline
90
4
70
1
38
-37.944
10
15485.333
20
3893.248
10
15562.333
20
3893.248
10
15562.333
20
3931.717
10
15485.333
20
3931.717
0
LWPOLYLINE
5
8FE9
100
AcDbEntity
8
Panels
100
AcDbPolyline
90
4
70
1
38
-37.944
10
15485.333
20
3951.055
10
15562.333
20
3951.055
10
15562.333
20
3989.524
10
15485.333
20
3989.524
0
LWPOLYLINE
5
8FE8
100
AcDbEntity
8
Panels
100
AcDbPolyline
90
4
70
1
38
-37.944
10
15485.333
20
4008.862
10
15562.333
20
4008.862
10
15562.333
20
4047.331
10
15485.333
20
4047.331
0
LWPOLYLINE
5
8FE7
100
AcDbEntity
8
Panels
100
AcDbPolyline
90
4
70
1
38
-37.944
10
15485.333
20
4066.669
10
15562.333
20
4066.669
10
15562.333
20
4105.138
10
15485.333
20
4105.138
0
LWPOLYLINE
5
8FE6
100
AcDbEntity
8
Panels
100
AcDbPolyline
90
4
70
1
38
-37.944
10
15485.333
20
4240.089
10
15562.333
20
4240.089
10
15562.333
20
4278.558
10
15485.333
20
4278.558
0
LWPOLYLINE
5
8FE5
100
AcDbEntity
8
Panels
100
AcDbPolyline
90
4
70
1
38
-37.944
10
15485.333
20
4297.896
10
15562.333
20
4297.896
10
15562.333
20
4336.365
10
15485.333
20
4336.365
0
LWPOLYLINE
5
8FE4
100
AcDbEntity
8
Panels
100
AcDbPolyline
90
4
70
1
38
-37.944
10
15485.333
20
4355.703
10
15562.333
20
4355.703
10
15562.333
20
4394.171
10
15485.333
20
4394.171
0
LWPOLYLINE
5
8FE3
100
AcDbEntity
8
Panels
100
AcDbPolyline
90
4
70
1
38
-37.944
10
15485.333
20
4413.509
10
15562.333
20
4413.509
10
15562.333
20
4451.978
10
15485.333
20
4451.978
0
LWPOLYLINE
5
8FE2
100
AcDbEntity
8
Panels
100
AcDbPolyline
90
4
70
1
38
-37.944
10
15485.333
20
4471.316
10
15562.333
20
4471.316
10
15562.333
20
4509.785
10
15485.333
20
4509.785
0
LWPOLYLINE
5
8FE1
100
AcDbEntity
8
Panels
100
AcDbPolyline
90
4
70
1
38
-37.944
10
15485.333
20
4529.123
10
15562.333
20
4529.123
10
15562.333
20
4567.592
10
15485.333
20
4567.592
0
LWPOLYLINE
5
8FE0
100
AcDbEntity
8
Panels
100
AcDbPolyline
90
4
70
1
38
-37.944
10
15485.333
20
4586.93
10
15562.333
20
4586.93
10
15562.333
20
4625.399
10
15485.333
20
4625.399
0
LWPOLYLINE
5
8FDF
100
AcDbEntity
8
Panels
100
AcDbPolyline
90
4
70
1
38
-37.944
10
15099.083
20
4760.35
10
15176.083
20
4760.35
10
15176.083
20
4798.819
10
15099.083
20
4798.819
0
LWPOLYLINE
5
8FDE
100
AcDbEntity
8
Panels
100
AcDbPolyline
90
4
70
1
38
-37.944
10
15021.833
20
4760.35
10
15098.833
20
4760.35
10
15098.833
20
4798.819
10
15021.833
20
4798.819
0
LWPOLYLINE
5
8FDD
100
AcDbEntity
8
Panels
100
AcDbPolyline
90
4
70
1
38
-37.944
10
14944.583
20
4760.35
10
15021.583
20
4760.35
10
15021.583
20
4798.819
10
14944.583
20
4798.819
0
LWPOLYLINE
5
8FDC
100
AcDbEntity
8
Panels
100
AcDbPolyline
90
4
70
1
38
-37.944
10
14867.333
20
4760.35
10
14944.333
20
4760.35
10
14944.333
20
4798.819
10
14867.333
20
4798.819
0
LWPOLYLINE
5
8FDB
100
AcDbEntity
8
Panels
100
AcDbPolyline
90
4
70
1
38
-37.944
10
15330.833
20
4760.35
10
15407.833
20
4760.35
10
15407.833
20
4798.819
10
15330.833
20
4798.819
0
LWPOLYLINE
5
8FDA
100
AcDbEntity
8
Panels
100
AcDbPolyline
90
4
70
1
38
-37.944
10
15253.583
20
4760.35
10
15330.583
20
4760.35
10
15330.583
20
4798.819
10
15253.583
20
4798.819
0
LWPOLYLINE
5
8FD9
100
AcDbEntity
8
Panels
100
AcDbPolyline
90
4
70
1
38
-37.944
10
15176.333
20
4760.35
10
15253.333
20
4760.35
10
15253.333
20
4798.819
10
15176.333
20
4798.819
0
LWPOLYLINE
5
8FD8
100
AcDbEntity
8
Panels
100
AcDbPolyline
90
4
70
1
38
-37.944
10
14790.083
20
4760.35
10
14867.083
20
4760.35
10
14867.083
20
4798.819
10
14790.083
20
4798.819
0
LWPOLYLINE
5
8FD7
100
AcDbEntity
8
Panels
100
AcDbPolyline
90
4
70
1
38
-37.944
10
14712.833
20
4760.35
10
14789.833
20
4760.35
10
14789.833
20
4798.819
10
14712.833
20
4798.819
0
LWPOLYLINE
5
8FD6
100
AcDbEntity
8
Panels
100
AcDbPolyline
90
4
70
1
38
-37.944
10
14558.333
20
4760.35
10
14635.333
20
4760.35
10
14635.333
20
4798.819
10
14558.333
20
4798.819
0
LWPOLYLINE
5
8FD5
100
AcDbEntity
8
Panels
100
AcDbPolyline
90
4
70
1
38
-37.944
10
14481.083
20
4760.35
10
14558.083
20
4760.35
10
14558.083
20
4798.819
10
14481.083
20
4798.819
0
LWPOLYLINE
5
8FD4
100
AcDbEntity
8
Panels
100
AcDbPolyline
90
4
70
1
38
-37.944
10
14403.833
20
4760.35
10
14480.833
20
4760.35
10
14480.833
20
4798.819
10
14403.833
20
4798.819
0
LWPOLYLINE
5
8FD3
100
AcDbEntity
8
Panels
100
AcDbPolyline
90
4
70
1
38
-37.944
10
14326.583
20
4760.35
10
14403.583
20
4760.35
10
14403.583
20
4798.819
10
14326.583
20
4798.819
0
LWPOLYLINE
5
8FD2
100
AcDbEntity
8
Panels
100
AcDbPolyline
90
4
70
1
38
-37.944
10
14249.333
20
4760.35
10
14326.333
20
4760.35
10
14326.333
20
4798.819
10
14249.333
20
4798.819
0
LWPOLYLINE
5
8FD1
100
AcDbEntity
8
Panels
100
AcDbPolyline
90
4
70
1
38
-37.944
10
14172.083
20
4760.35
10
14249.083
20
4760.35
10
14249.083
20
4798.819
10
14172.083
20
4798.819
0
LWPOLYLINE
5
8FD0
100
AcDbEntity
8
Panels
100
AcDbPolyline
90
4
70
1
38
-37.944
10
14094.833
20
4760.35
10
14171.833
20
4760.35
10
14171.833
20
4798.819
10
14094.833
20
4798.819
0
LWPOLYLINE
5
8FCF
100
AcDbEntity
8
Panels
100
AcDbPolyline
90
4
70
1
38
-37.944
10
14017.583
20
4760.35
10
14094.583
20
4760.35
10
14094.583
20
4798.819
10
14017.583
20
4798.819
0
LWPOLYLINE
5
8FCE
100
AcDbEntity
8
Panels
100
AcDbPolyline
90
4
70
1
38
-37.944
10
13940.333
20
4760.35
10
14017.333
20
4760.35
10
14017.333
20
4798.819
10
13940.333
20
4798.819
0
LWPOLYLINE
5
8FCD
100
AcDbEntity
8
Panels
100
AcDbPolyline
90
4
70
1
38
-37.944
10
15099.083
20
4240.089
10
15176.083
20
4240.089
10
15176.083
20
4278.558
10
15099.083
20
4278.558
0
LWPOLYLINE
5
8FCC
100
AcDbEntity
8
Panels
100
AcDbPolyline
90
4
70
1
38
-37.944
10
15021.833
20
4240.089
10
15098.833
20
4240.089
10
15098.833
20
4278.558
10
15021.833
20
4278.558
0
LWPOLYLINE
5
8FCB
100
AcDbEntity
8
Panels
100
AcDbPolyline
90
4
70
1
38
-37.944
10
14944.583
20
4240.089
10
15021.583
20
4240.089
10
15021.583
20
4278.558
10
14944.583
20
4278.558
0
LWPOLYLINE
5
8FCA
100
AcDbEntity
8
Panels
100
AcDbPolyline
90
4
70
1
38
-37.944
10
14867.333
20
4240.089
10
14944.333
20
4240.089
10
14944.333
20
4278.558
10
14867.333
20
4278.558
0
LWPOLYLINE
5
8FC9
100
AcDbEntity
8
Panels
100
AcDbPolyline
90
4
70
1
38
-37.944
10
15408.083
20
4240.089
10
15485.083
20
4240.089
10
15485.083
20
4278.558
10
15408.083
20
4278.558
0
LWPOLYLINE
5
8FC8
100
AcDbEntity
8
Panels
100
AcDbPolyline
90
4
70
1
38
-37.944
10
15562.583
20
4240.089
10
15639.583
20
4240.089
10
15639.583
20
4278.558
10
15562.583
20
4278.558
0
LWPOLYLINE
5
8FC7
100
AcDbEntity
8
Panels
100
AcDbPolyline
90
4
70
1
38
-37.944
10
15330.833
20
4240.089
10
15407.833
20
4240.089
10
15407.833
20
4278.558
10
15330.833
20
4278.558
0
LWPOLYLINE
5
8FC6
100
AcDbEntity
8
Panels
100
AcDbPolyline
90
4
70
1
38
-37.944
10
15253.583
20
4240.089
10
15330.583
20
4240.089
10
15330.583
20
4278.558
10
15253.583
20
4278.558
0
LWPOLYLINE
5
8FC5
100
AcDbEntity
8
Panels
100
AcDbPolyline
90
4
70
1
38
-37.944
10
15176.333
20
4240.089
10
15253.333
20
4240.089
10
15253.333
20
4278.558
10
15176.333
20
4278.558
0
LWPOLYLINE
5
8FC4
100
AcDbEntity
8
Panels
100
AcDbPolyline
90
4
70
1
38
-37.944
10
14790.083
20
4240.089
10
14867.083
20
4240.089
10
14867.083
20
4278.558
10
14790.083
20
4278.558
0
LWPOLYLINE
5
8FC3
100
AcDbEntity
8
Panels
100
AcDbPolyline
90
4
70
1
38
-37.944
10
14712.833
20
4240.089
10
14789.833
20
4240.089
10
14789.833
20
4278.558
10
14712.833
20
4278.558
0
LWPOLYLINE
5
8FC2
100
AcDbEntity
8
Panels
100
AcDbPolyline
90
4
70
1
38
-37.944
10
14635.583
20
4240.089
10
14712.583
20
4240.089
10
14712.583
20
4278.558
10
14635.583
20
4278.558
0
LWPOLYLINE
5
8FC1
100
AcDbEntity
8
Panels
100
AcDbPolyline
90
4
70
1
38
-37.944
10
15099.083
20
3141.76
10
15176.083
20
3141.76
10
15176.083
20
3180.229
10
15099.083
20
3180.229
0
LWPOLYLINE
5
8FC0
100
AcDbEntity
8
Panels
100
AcDbPolyline
90
4
70
1
38
-37.944
10
15021.833
20
3141.76
10
15098.833
20
3141.76
10
15098.833
20
3180.229
10
15021.833
20
3180.229
0
LWPOLYLINE
5
8FBF
100
AcDbEntity
8
Panels
100
AcDbPolyline
90
4
70
1
38
-37.944
10
14944.583
20
3141.76
10
15021.583
20
3141.76
10
15021.583
20
3180.229
10
14944.583
20
3180.229
0
LWPOLYLINE
5
8FBE
100
AcDbEntity
8
Panels
100
AcDbPolyline
90
4
70
1
38
-37.944
10
14867.333
20
3141.76
10
14944.333
20
3141.76
10
14944.333
20
3180.229
10
14867.333
20
3180.229
0
LWPOLYLINE
5
8FBD
100
AcDbEntity
8
Panels
100
AcDbPolyline
90
4
70
1
38
-37.944
10
15408.083
20
3141.76
10
15485.083
20
3141.76
10
15485.083
20
3180.229
10
15408.083
20
3180.229
0
LWPOLYLINE
5
8FBC
100
AcDbEntity
8
Panels
100
AcDbPolyline
90
4
70
1
38
-37.944
10
15562.583
20
3141.76
10
15639.583
20
3141.76
10
15639.583
20
3180.229
10
15562.583
20
3180.229
0
LWPOLYLINE
5
8FBB
100
AcDbEntity
8
Panels
100
AcDbPolyline
90
4
70
1
38
-37.944
10
15330.833
20
3141.76
10
15407.833
20
3141.76
10
15407.833
20
3180.229
10
15330.833
20
3180.229
0
LWPOLYLINE
5
8FBA
100
AcDbEntity
8
Panels
100
AcDbPolyline
90
4
70
1
38
-37.944
10
15253.583
20
3141.76
10
15330.583
20
3141.76
10
15330.583
20
3180.229
10
15253.583
20
3180.229
0
LWPOLYLINE
5
8FB9
100
AcDbEntity
8
Panels
100
AcDbPolyline
90
4
70
1
38
-37.944
10
15176.333
20
3141.76
10
15253.333
20
3141.76
10
15253.333
20
3180.229
10
15176.333
20
3180.229
0
LWPOLYLINE
5
8FB8
100
AcDbEntity
8
Panels
100
AcDbPolyline
90
4
70
1
38
-37.944
10
14790.083
20
3141.76
10
14867.083
20
3141.76
10
14867.083
20
3180.229
10
14790.083
20
3180.229
0
LWPOLYLINE
5
8FB7
100
AcDbEntity
8
Panels
100
AcDbPolyline
90
4
70
1
38
-37.944
10
14712.833
20
3141.76
10
14789.833
20
3141.76
10
14789.833
20
3180.229
10
14712.833
20
3180.229
0
LWPOLYLINE
5
8FB6
100
AcDbEntity
8
Panels
100
AcDbPolyline
90
4
70
1
38
-37.944
10
14635.583
20
3141.76
10
14712.583
20
3141.76
10
14712.583
20
3180.229
10
14635.583
20
3180.229
0
LWPOLYLINE
5
8FB5
100
AcDbEntity
8
Panels
100
AcDbPolyline
90
4
70
1
38
-37.944
10
14481.083
20
3141.76
10
14558.083
20
3141.76
10
14558.083
20
3180.229
10
14481.083
20
3180.229
0
LWPOLYLINE
5
8FB4
100
AcDbEntity
8
Panels
100
AcDbPolyline
90
4
70
1
38
-37.944
10
14403.833
20
3141.76
10
14480.833
20
3141.76
10
14480.833
20
3180.229
10
14403.833
20
3180.229
0
LWPOLYLINE
5
8FB3
100
AcDbEntity
8
Panels
100
AcDbPolyline
90
4
70
1
38
-37.944
10
14326.583
20
3141.76
10
14403.583
20
3141.76
10
14403.583
20
3180.229
10
14326.583
20
3180.229
0
LWPOLYLINE
5
8FB2
100
AcDbEntity
8
Panels
100
AcDbPolyline
90
4
70
1
38
-37.944
10
14249.333
20
3141.76
10
14326.333
20
3141.76
10
14326.333
20
3180.229
10
14249.333
20
3180.229
0
LWPOLYLINE
5
8FB1
100
AcDbEntity
8
Panels
100
AcDbPolyline
90
4
70
1
38
-37.944
10
14172.083
20
3141.76
10
14249.083
20
3141.76
10
14249.083
20
3180.229
10
14172.083
20
3180.229
0
LWPOLYLINE
5
8FB0
100
AcDbEntity
8
Panels
100
AcDbPolyline
90
4
70
1
38
-37.944
10
14094.833
20
3141.76
10
14171.833
20
3141.76
10
14171.833
20
3180.229
10
14094.833
20
3180.229
0
LWPOLYLINE
5
8FAF
100
AcDbEntity
8
Panels
100
AcDbPolyline
90
4
70
1
38
-37.944
10
14017.583
20
3141.76
10
14094.583
20
3141.76
10
14094.583
20
3180.229
10
14017.583
20
3180.229
0
LWPOLYLINE
5
8FAE
100
AcDbEntity
8
Panels
100
AcDbPolyline
90
4
70
1
38
-37.944
10
13940.333
20
3141.76
10
14017.333
20
3141.76
10
14017.333
20
3180.229
10
13940.333
20
3180.229
0
LWPOLYLINE
5
8FAD
100
AcDbEntity
8
Panels
100
AcDbPolyline
90
4
70
1
38
-37.944
10
15099.083
20
3199.567
10
15176.083
20
3199.567
10
15176.083
20
3238.036
10
15099.083
20
3238.036
0
LWPOLYLINE
5
8FAC
100
AcDbEntity
8
Panels
100
AcDbPolyline
90
4
70
1
38
-37.944
10
15021.833
20
3199.567
10
15098.833
20
3199.567
10
15098.833
20
3238.036
10
15021.833
20
3238.036
0
LWPOLYLINE
5
8FAB
100
AcDbEntity
8
Panels
100
AcDbPolyline
90
4
70
1
38
-37.944
10
14944.583
20
3199.567
10
15021.583
20
3199.567
10
15021.583
20
3238.036
10
14944.583
20
3238.036
0
LWPOLYLINE
5
8FAA
100
AcDbEntity
8
Panels
100
AcDbPolyline
90
4
70
1
38
-37.944
10
14867.333
20
3199.567
10
14944.333
20
3199.567
10
14944.333
20
3238.036
10
14867.333
20
3238.036
0
LWPOLYLINE
5
8FA9
100
AcDbEntity
8
Panels
100
AcDbPolyline
90
4
70
1
38
-37.944
10
15408.083
20
3199.567
10
15485.083
20
3199.567
10
15485.083
20
3238.036
10
15408.083
20
3238.036
0
LWPOLYLINE
5
8FA8
100
AcDbEntity
8
Panels
100
AcDbPolyline
90
4
70
1
38
-37.944
10
15562.583
20
3199.567
10
15639.583
20
3199.567
10
15639.583
20
3238.036
10
15562.583
20
3238.036
0
LWPOLYLINE
5
8FA7
100
AcDbEntity
8
Panels
100
AcDbPolyline
90
4
70
1
38
-37.944
10
15330.833
20
3199.567
10
15407.833
20
3199.567
10
15407.833
20
3238.036
10
15330.833
20
3238.036
0
LWPOLYLINE
5
8FA6
100
AcDbEntity
8
Panels
100
AcDbPolyline
90
4
70
1
38
-37.944
10
15253.583
20
3199.567
10
15330.583
20
3199.567
10
15330.583
20
3238.036
10
15253.583
20
3238.036
0
LWPOLYLINE
5
8FA5
100
AcDbEntity
8
Panels
100
AcDbPolyline
90
4
70
1
38
-37.944
10
15176.333
20
3199.567
10
15253.333
20
3199.567
10
15253.333
20
3238.036
10
15176.333
20
3238.036
0
LWPOLYLINE
5
8FA4
100
AcDbEntity
8
Panels
100
AcDbPolyline
90
4
70
1
38
-37.944
10
14790.083
20
3199.567
10
14867.083
20
3199.567
10
14867.083
20
3238.036
10
14790.083
20
3238.036
0
LWPOLYLINE
5
8FA3
100
AcDbEntity
8
Panels
100
AcDbPolyline
90
4
70
1
38
-37.944
10
14712.833
20
3199.567
10
14789.833
20
3199.567
10
14789.833
20
3238.036
10
14712.833
20
3238.036
0
LWPOLYLINE
5
8FA2
100
AcDbEntity
8
Panels
100
AcDbPolyline
90
4
70
1
38
-37.944
10
14635.583
20
3199.567
10
14712.583
20
3199.567
10
14712.583
20
3238.036
10
14635.583
20
3238.036
0
LWPOLYLINE
5
8FA1
100
AcDbEntity
8
Panels
100
AcDbPolyline
90
4
70
1
38
-37.944
10
14481.083
20
3199.567
10
14558.083
20
3199.567
10
14558.083
20
3238.036
10
14481.083
20
3238.036
0
LWPOLYLINE
5
8FA0
100
AcDbEntity
8
Panels
100
AcDbPolyline
90
4
70
1
38
-37.944
10
14403.833
20
3199.567
10
14480.833
20
3199.567
10
14480.833
20
3238.036
10
14403.833
20
3238.036
0
LWPOLYLINE
5
8F9F
100
AcDbEntity
8
Panels
100
AcDbPolyline
90
4
70
1
38
-37.944
10
14326.583
20
3199.567
10
14403.583
20
3199.567
10
14403.583
20
3238.036
10
14326.583
20
3238.036
0
LWPOLYLINE
5
8F9E
100
AcDbEntity
8
Panels
100
AcDbPolyline
90
4
70
1
38
-37.944
10
14249.333
20
3199.567
10
14326.333
20
3199.567
10
14326.333
20
3238.036
10
14249.333
20
3238.036
0
LWPOLYLINE
5
8F9D
100
AcDbEntity
8
Panels
100
AcDbPolyline
90
4
70
1
38
-37.944
10
14172.083
20
3199.567
10
14249.083
20
3199.567
10
14249.083
20
3238.036
10
14172.083
20
3238.036
0
LWPOLYLINE
5
8F9C
100
AcDbEntity
8
Panels
100
AcDbPolyline
90
4
70
1
38
-37.944
10
14094.833
20
3199.567
10
14171.833
20
3199.567
10
14171.833
20
3238.036
10
14094.833
20
3238.036
0
LWPOLYLINE
5
8F9B
100
AcDbEntity
8
Panels
100
AcDbPolyline
90
4
70
1
38
-37.944
10
14017.583
20
3199.567
10
14094.583
20
3199.567
10
14094.583
20
3238.036
10
14017.583
20
3238.036
0
LWPOLYLINE
5
8F9A
100
AcDbEntity
8
Panels
100
AcDbPolyline
90
4
70
1
38
-37.944
10
13940.333
20
3199.567
10
14017.333
20
3199.567
10
14017.333
20
3238.036
10
13940.333
20
3238.036
0
LWPOLYLINE
5
8F99
100
AcDbEntity
8
Panels
100
AcDbPolyline
90
4
70
1
38
-37.944
10
15099.083
20
3257.374
10
15176.083
20
3257.374
10
15176.083
20
3295.843
10
15099.083
20
3295.843
0
LWPOLYLINE
5
8F98
100
AcDbEntity
8
Panels
100
AcDbPolyline
90
4
70
1
38
-37.944
10
15021.833
20
3257.374
10
15098.833
20
3257.374
10
15098.833
20
3295.843
10
15021.833
20
3295.843
0
LWPOLYLINE
5
8F97
100
AcDbEntity
8
Panels
100
AcDbPolyline
90
4
70
1
38
-37.944
10
14944.583
20
3257.374
10
15021.583
20
3257.374
10
15021.583
20
3295.843
10
14944.583
20
3295.843
0
LWPOLYLINE
5
8F96
100
AcDbEntity
8
Panels
100
AcDbPolyline
90
4
70
1
38
-37.944
10
14867.333
20
3257.374
10
14944.333
20
3257.374
10
14944.333
20
3295.843
10
14867.333
20
3295.843
0
LWPOLYLINE
5
8F95
100
AcDbEntity
8
Panels
100
AcDbPolyline
90
4
70
1
38
-37.944
10
15330.833
20
3257.374
10
15407.833
20
3257.374
10
15407.833
20
3295.843
10
15330.833
20
3295.843
0
LWPOLYLINE
5
8F94
100
AcDbEntity
8
Panels
100
AcDbPolyline
90
4
70
1
38
-37.944
10
15253.583
20
3257.374
10
15330.583
20
3257.374
10
15330.583
20
3295.843
10
15253.583
20
3295.843
0
LWPOLYLINE
5
8F93
100
AcDbEntity
8
Panels
100
AcDbPolyline
90
4
70
1
38
-37.944
10
15176.333
20
3257.374
10
15253.333
20
3257.374
10
15253.333
20
3295.843
10
15176.333
20
3295.843
0
LWPOLYLINE
5
8F92
100
AcDbEntity
8
Panels
100
AcDbPolyline
90
4
70
1
38
-37.944
10
14790.083
20
3257.374
10
14867.083
20
3257.374
10
14867.083
20
3295.843
10
14790.083
20
3295.843
0
LWPOLYLINE
5
8F91
100
AcDbEntity
8
Panels
100
AcDbPolyline
90
4
70
1
38
-37.944
10
14712.833
20
3257.374
10
14789.833
20
3257.374
10
14789.833
20
3295.843
10
14712.833
20
3295.843
0
LWPOLYLINE
5
8F90
100
AcDbEntity
8
Panels
100
AcDbPolyline
90
4
70
1
38
-37.944
10
14635.583
20
3257.374
10
14712.583
20
3257.374
10
14712.583
20
3295.843
10
14635.583
20
3295.843
0
LWPOLYLINE
5
8F8F
100
AcDbEntity
8
Panels
100
AcDbPolyline
90
4
70
1
38
-37.944
10
14249.333
20
3257.374
10
14326.333
20
3257.374
10
14326.333
20
3295.843
10
14249.333
20
3295.843
0
LWPOLYLINE
5
8F8E
100
AcDbEntity
8
Panels
100
AcDbPolyline
90
4
70
1
38
-37.944
10
14172.083
20
3257.374
10
14249.083
20
3257.374
10
14249.083
20
3295.843
10
14172.083
20
3295.843
0
LWPOLYLINE
5
8F8D
100
AcDbEntity
8
Panels
100
AcDbPolyline
90
4
70
1
38
-37.944
10
14094.833
20
3257.374
10
14171.833
20
3257.374
10
14171.833
20
3295.843
10
14094.833
20
3295.843
0
LWPOLYLINE
5
8F8C
100
AcDbEntity
8
Panels
100
AcDbPolyline
90
4
70
1
38
-37.944
10
14017.583
20
3257.374
10
14094.583
20
3257.374
10
14094.583
20
3295.843
10
14017.583
20
3295.843
0
LWPOLYLINE
5
8F8B
100
AcDbEntity
8
Panels
100
AcDbPolyline
90
4
70
1
38
-37.944
10
13940.333
20
3257.374
10
14017.333
20
3257.374
10
14017.333
20
3295.843
10
13940.333
20
3295.843
0
LWPOLYLINE
5
8F8A
100
AcDbEntity
8
Panels
100
AcDbPolyline
90
4
70
1
38
-37.944
10
15099.083
20
3315.181
10
15176.083
20
3315.181
10
15176.083
20
3353.649
10
15099.083
20
3353.649
0
LWPOLYLINE
5
8F89
100
AcDbEntity
8
Panels
100
AcDbPolyline
90
4
70
1
38
-37.944
10
15021.833
20
3315.181
10
15098.833
20
3315.181
10
15098.833
20
3353.649
10
15021.833
20
3353.649
0
LWPOLYLINE
5
8F88
100
AcDbEntity
8
Panels
100
AcDbPolyline
90
4
70
1
38
-37.944
10
14944.583
20
3315.181
10
15021.583
20
3315.181
10
15021.583
20
3353.649
10
14944.583
20
3353.649
0
LWPOLYLINE
5
8F87
100
AcDbEntity
8
Panels
100
AcDbPolyline
90
4
70
1
38
-37.944
10
14867.333
20
3315.181
10
14944.333
20
3315.181
10
14944.333
20
3353.649
10
14867.333
20
3353.649
0
LWPOLYLINE
5
8F86
100
AcDbEntity
8
Panels
100
AcDbPolyline
90
4
70
1
38
-37.944
10
15330.833
20
3315.181
10
15407.833
20
3315.181
10
15407.833
20
3353.649
10
15330.833
20
3353.649
0
LWPOLYLINE
5
8F85
100
AcDbEntity
8
Panels
100
AcDbPolyline
90
4
70
1
38
-37.944
10
15253.583
20
3315.181
10
15330.583
20
3315.181
10
15330.583
20
3353.649
10
15253.583
20
3353.649
0
LWPOLYLINE
5
8F84
100
AcDbEntity
8
Panels
100
AcDbPolyline
90
4
70
1
38
-37.944
10
15176.333
20
3315.181
10
15253.333
20
3315.181
10
15253.333
20
3353.649
10
15176.333
20
3353.649
0
LWPOLYLINE
5
8F83
100
AcDbEntity
8
Panels
100
AcDbPolyline
90
4
70
1
38
-37.944
10
14790.083
20
3315.181
10
14867.083
20
3315.181
10
14867.083
20
3353.649
10
14790.083
20
3353.649
0
LWPOLYLINE
5
8F82
100
AcDbEntity
8
Panels
100
AcDbPolyline
90
4
70
1
38
-37.944
10
14712.833
20
3315.181
10
14789.833
20
3315.181
10
14789.833
20
3353.649
10
14712.833
20
3353.649
0
LWPOLYLINE
5
8F81
100
AcDbEntity
8
Panels
100
AcDbPolyline
90
4
70
1
38
-37.944
10
14635.583
20
3315.181
10
14712.583
20
3315.181
10
14712.583
20
3353.649
10
14635.583
20
3353.649
0
LWPOLYLINE
5
8F80
100
AcDbEntity
8
Panels
100
AcDbPolyline
90
4
70
1
38
-37.944
10
14249.333
20
3315.181
10
14326.333
20
3315.181
10
14326.333
20
3353.649
10
14249.333
20
3353.649
0
LWPOLYLINE
5
8F7F
100
AcDbEntity
8
Panels
100
AcDbPolyline
90
4
70
1
38
-37.944
10
14172.083
20
3315.181
10
14249.083
20
3315.181
10
14249.083
20
3353.649
10
14172.083
20
3353.649
0
LWPOLYLINE
5
8F7E
100
AcDbEntity
8
Panels
100
AcDbPolyline
90
4
70
1
38
-37.944
10
14094.833
20
3315.181
10
14171.833
20
3315.181
10
14171.833
20
3353.649
10
14094.833
20
3353.649
0
LWPOLYLINE
5
8F7D
100
AcDbEntity
8
Panels
100
AcDbPolyline
90
4
70
1
38
-37.944
10
14017.583
20
3315.181
10
14094.583
20
3315.181
10
14094.583
20
3353.649
10
14017.583
20
3353.649
0
LWPOLYLINE
5
8F7C
100
AcDbEntity
8
Panels
100
AcDbPolyline
90
4
70
1
38
-37.944
10
13940.333
20
3315.181
10
14017.333
20
3315.181
10
14017.333
20
3353.649
10
13940.333
20
3353.649
0
LWPOLYLINE
5
8F7B
100
AcDbEntity
8
Panels
100
AcDbPolyline
90
4
70
1
38
-37.944
10
15099.083
20
3372.987
10
15176.083
20
3372.987
10
15176.083
20
3411.456
10
15099.083
20
3411.456
0
LWPOLYLINE
5
8F7A
100
AcDbEntity
8
Panels
100
AcDbPolyline
90
4
70
1
38
-37.944
10
15021.833
20
3372.987
10
15098.833
20
3372.987
10
15098.833
20
3411.456
10
15021.833
20
3411.456
0
LWPOLYLINE
5
8F79
100
AcDbEntity
8
Panels
100
AcDbPolyline
90
4
70
1
38
-37.944
10
14944.583
20
3372.987
10
15021.583
20
3372.987
10
15021.583
20
3411.456
10
14944.583
20
3411.456
0
LWPOLYLINE
5
8F78
100
AcDbEntity
8
Panels
100
AcDbPolyline
90
4
70
1
38
-37.944
10
14867.333
20
3372.987
10
14944.333
20
3372.987
10
14944.333
20
3411.456
10
14867.333
20
3411.456
0
LWPOLYLINE
5
8F77
100
AcDbEntity
8
Panels
100
AcDbPolyline
90
4
70
1
38
-37.944
10
15330.833
20
3372.987
10
15407.833
20
3372.987
10
15407.833
20
3411.456
10
15330.833
20
3411.456
0
LWPOLYLINE
5
8F76
100
AcDbEntity
8
Panels
100
AcDbPolyline
90
4
70
1
38
-37.944
10
15253.583
20
3372.987
10
15330.583
20
3372.987
10
15330.583
20
3411.456
10
15253.583
20
3411.456
0
LWPOLYLINE
5
8F75
100
AcDbEntity
8
Panels
100
AcDbPolyline
90
4
70
1
38
-37.944
10
15176.333
20
3372.987
10
15253.333
20
3372.987
10
15253.333
20
3411.456
10
15176.333
20
3411.456
0
LWPOLYLINE
5
8F74
100
AcDbEntity
8
Panels
100
AcDbPolyline
90
4
70
1
38
-37.944
10
14790.083
20
3372.987
10
14867.083
20
3372.987
10
14867.083
20
3411.456
10
14790.083
20
3411.456
0
LWPOLYLINE
5
8F73
100
AcDbEntity
8
Panels
100
AcDbPolyline
90
4
70
1
38
-37.944
10
14712.833
20
3372.987
10
14789.833
20
3372.987
10
14789.833
20
3411.456
10
14712.833
20
3411.456
0
LWPOLYLINE
5
8F72
100
AcDbEntity
8
Panels
100
AcDbPolyline
90
4
70
1
38
-37.944
10
14635.583
20
3372.987
10
14712.583
20
3372.987
10
14712.583
20
3411.456
10
14635.583
20
3411.456
0
LWPOLYLINE
5
8F71
100
AcDbEntity
8
Panels
100
AcDbPolyline
90
4
70
1
38
-37.944
10
14249.333
20
3372.987
10
14326.333
20
3372.987
10
14326.333
20
3411.456
10
14249.333
20
3411.456
0
LWPOLYLINE
5
8F70
100
AcDbEntity
8
Panels
100
AcDbPolyline
90
4
70
1
38
-37.944
10
14172.083
20
3372.987
10
14249.083
20
3372.987
10
14249.083
20
3411.456
10
14172.083
20
3411.456
0
LWPOLYLINE
5
8F6F
100
AcDbEntity
8
Panels
100
AcDbPolyline
90
4
70
1
38
-37.944
10
14094.833
20
3372.987
10
14171.833
20
3372.987
10
14171.833
20
3411.456
10
14094.833
20
3411.456
0
LWPOLYLINE
5
8F6E
100
AcDbEntity
8
Panels
100
AcDbPolyline
90
4
70
1
38
-37.944
10
14017.583
20
3372.987
10
14094.583
20
3372.987
10
14094.583
20
3411.456
10
14017.583
20
3411.456
0
LWPOLYLINE
5
8F6D
100
AcDbEntity
8
Panels
100
AcDbPolyline
90
4
70
1
38
-37.944
10
13940.333
20
3372.987
10
14017.333
20
3372.987
10
14017.333
20
3411.456
10
13940.333
20
3411.456
0
LWPOLYLINE
5
8F6C
100
AcDbEntity
8
Panels
100
AcDbPolyline
90
4
70
1
38
-37.944
10
15099.083
20
3430.794
10
15176.083
20
3430.794
10
15176.083
20
3469.263
10
15099.083
20
3469.263
0
LWPOLYLINE
5
8F6B
100
AcDbEntity
8
Panels
100
AcDbPolyline
90
4
70
1
38
-37.944
10
15021.833
20
3430.794
10
15098.833
20
3430.794
10
15098.833
20
3469.263
10
15021.833
20
3469.263
0
LWPOLYLINE
5
8F6A
100
AcDbEntity
8
Panels
100
AcDbPolyline
90
4
70
1
38
-37.944
10
14944.583
20
3430.794
10
15021.583
20
3430.794
10
15021.583
20
3469.263
10
14944.583
20
3469.263
0
LWPOLYLINE
5
8F69
100
AcDbEntity
8
Panels
100
AcDbPolyline
90
4
70
1
38
-37.944
10
14867.333
20
3430.794
10
14944.333
20
3430.794
10
14944.333
20
3469.263
10
14867.333
20
3469.263
0
LWPOLYLINE
5
8F68
100
AcDbEntity
8
Panels
100
AcDbPolyline
90
4
70
1
38
-37.944
10
15330.833
20
3430.794
10
15407.833
20
3430.794
10
15407.833
20
3469.263
10
15330.833
20
3469.263
0
LWPOLYLINE
5
8F67
100
AcDbEntity
8
Panels
100
AcDbPolyline
90
4
70
1
38
-37.944
10
15253.583
20
3430.794
10
15330.583
20
3430.794
10
15330.583
20
3469.263
10
15253.583
20
3469.263
0
LWPOLYLINE
5
8F66
100
AcDbEntity
8
Panels
100
AcDbPolyline
90
4
70
1
38
-37.944
10
15176.333
20
3430.794
10
15253.333
20
3430.794
10
15253.333
20
3469.263
10
15176.333
20
3469.263
0
LWPOLYLINE
5
8F65
100
AcDbEntity
8
Panels
100
AcDbPolyline
90
4
70
1
38
-37.944
10
14790.083
20
3430.794
10
14867.083
20
3430.794
10
14867.083
20
3469.263
10
14790.083
20
3469.263
0
LWPOLYLINE
5
8F64
100
AcDbEntity
8
Panels
100
AcDbPolyline
90
4
70
1
38
-37.944
10
14712.833
20
3430.794
10
14789.833
20
3430.794
10
14789.833
20
3469.263
10
14712.833
20
3469.263
0
LWPOLYLINE
5
8F63
100
AcDbEntity
8
Panels
100
AcDbPolyline
90
4
70
1
38
-37.944
10
14635.583
20
3430.794
10
14712.583
20
3430.794
10
14712.583
20
3469.263
10
14635.583
20
3469.263
0
LWPOLYLINE
5
8F62
100
AcDbEntity
8
Panels
100
AcDbPolyline
90
4
70
1
38
-37.944
10
14249.333
20
3430.794
10
14326.333
20
3430.794
10
14326.333
20
3469.263
10
14249.333
20
3469.263
0
LWPOLYLINE
5
8F61
100
AcDbEntity
8
Panels
100
AcDbPolyline
90
4
70
1
38
-37.944
10
14172.083
20
3430.794
10
14249.083
20
3430.794
10
14249.083
20
3469.263
10
14172.083
20
3469.263
0
LWPOLYLINE
5
8F60
100
AcDbEntity
8
Panels
100
AcDbPolyline
90
4
70
1
38
-37.944
10
14094.833
20
3430.794
10
14171.833
20
3430.794
10
14171.833
20
3469.263
10
14094.833
20
3469.263
0
LWPOLYLINE
5
8F5F
100
AcDbEntity
8
Panels
100
AcDbPolyline
90
4
70
1
38
-37.944
10
14017.583
20
3430.794
10
14094.583
20
3430.794
10
14094.583
20
3469.263
10
14017.583
20
3469.263
0
LWPOLYLINE
5
8F5E
100
AcDbEntity
8
Panels
100
AcDbPolyline
90
4
70
1
38
-37.944
10
13940.333
20
3430.794
10
14017.333
20
3430.794
10
14017.333
20
3469.263
10
13940.333
20
3469.263
0
LWPOLYLINE
5
8F5D
100
AcDbEntity
8
Panels
100
AcDbPolyline
90
4
70
1
38
-37.944
10
15099.083
20
3488.601
10
15176.083
20
3488.601
10
15176.083
20
3527.07
10
15099.083
20
3527.07
0
LWPOLYLINE
5
8F5C
100
AcDbEntity
8
Panels
100
AcDbPolyline
90
4
70
1
38
-37.944
10
15021.833
20
3488.601
10
15098.833
20
3488.601
10
15098.833
20
3527.07
10
15021.833
20
3527.07
0
LWPOLYLINE
5
8F5B
100
AcDbEntity
8
Panels
100
AcDbPolyline
90
4
70
1
38
-37.944
10
14944.583
20
3488.601
10
15021.583
20
3488.601
10
15021.583
20
3527.07
10
14944.583
20
3527.07
0
LWPOLYLINE
5
8F5A
100
AcDbEntity
8
Panels
100
AcDbPolyline
90
4
70
1
38
-37.944
10
14867.333
20
3488.601
10
14944.333
20
3488.601
10
14944.333
20
3527.07
10
14867.333
20
3527.07
0
LWPOLYLINE
5
8F59
100
AcDbEntity
8
Panels
100
AcDbPolyline
90
4
70
1
38
-37.944
10
15330.833
20
3488.601
10
15407.833
20
3488.601
10
15407.833
20
3527.07
10
15330.833
20
3527.07
0
LWPOLYLINE
5
8F58
100
AcDbEntity
8
Panels
100
AcDbPolyline
90
4
70
1
38
-37.944
10
15253.583
20
3488.601
10
15330.583
20
3488.601
10
15330.583
20
3527.07
10
15253.583
20
3527.07
0
LWPOLYLINE
5
8F57
100
AcDbEntity
8
Panels
100
AcDbPolyline
90
4
70
1
38
-37.944
10
15176.333
20
3488.601
10
15253.333
20
3488.601
10
15253.333
20
3527.07
10
15176.333
20
3527.07
0
LWPOLYLINE
5
8F56
100
AcDbEntity
8
Panels
100
AcDbPolyline
90
4
70
1
38
-37.944
10
14790.083
20
3488.601
10
14867.083
20
3488.601
10
14867.083
20
3527.07
10
14790.083
20
3527.07
0
LWPOLYLINE
5
8F55
100
AcDbEntity
8
Panels
100
AcDbPolyline
90
4
70
1
38
-37.944
10
14712.833
20
3488.601
10
14789.833
20
3488.601
10
14789.833
20
3527.07
10
14712.833
20
3527.07
0
LWPOLYLINE
5
8F54
100
AcDbEntity
8
Panels
100
AcDbPolyline
90
4
70
1
38
-37.944
10
14635.583
20
3488.601
10
14712.583
20
3488.601
10
14712.583
20
3527.07
10
14635.583
20
3527.07
0
LWPOLYLINE
5
8F53
100
AcDbEntity
8
Panels
100
AcDbPolyline
90
4
70
1
38
-37.944
10
14403.833
20
3488.601
10
14480.833
20
3488.601
10
14480.833
20
3527.07
10
14403.833
20
3527.07
0
LWPOLYLINE
5
8F52
100
AcDbEntity
8
Panels
100
AcDbPolyline
90
4
70
1
38
-37.944
10
14326.583
20
3488.601
10
14403.583
20
3488.601
10
14403.583
20
3527.07
10
14326.583
20
3527.07
0
LWPOLYLINE
5
8F51
100
AcDbEntity
8
Panels
100
AcDbPolyline
90
4
70
1
38
-37.944
10
14249.333
20
3488.601
10
14326.333
20
3488.601
10
14326.333
20
3527.07
10
14249.333
20
3527.07
0
LWPOLYLINE
5
8F50
100
AcDbEntity
8
Panels
100
AcDbPolyline
90
4
70
1
38
-37.944
10
14172.083
20
3488.601
10
14249.083
20
3488.601
10
14249.083
20
3527.07
10
14172.083
20
3527.07
0
LWPOLYLINE
5
8F4F
100
AcDbEntity
8
Panels
100
AcDbPolyline
90
4
70
1
38
-37.944
10
14094.833
20
3488.601
10
14171.833
20
3488.601
10
14171.833
20
3527.07
10
14094.833
20
3527.07
0
LWPOLYLINE
5
8F4E
100
AcDbEntity
8
Panels
100
AcDbPolyline
90
4
70
1
38
-37.944
10
14017.583
20
3488.601
10
14094.583
20
3488.601
10
14094.583
20
3527.07
10
14017.583
20
3527.07
0
LWPOLYLINE
5
8F4D
100
AcDbEntity
8
Panels
100
AcDbPolyline
90
4
70
1
38
-37.944
10
13940.333
20
3488.601
10
14017.333
20
3488.601
10
14017.333
20
3527.07
10
13940.333
20
3527.07
0
LWPOLYLINE
5
8F4C
100
AcDbEntity
8
Panels
100
AcDbPolyline
90
4
70
1
38
-37.944
10
15099.083
20
3546.408
10
15176.083
20
3546.408
10
15176.083
20
3584.877
10
15099.083
20
3584.877
0
LWPOLYLINE
5
8F4B
100
AcDbEntity
8
Panels
100
AcDbPolyline
90
4
70
1
38
-37.944
10
15021.833
20
3546.408
10
15098.833
20
3546.408
10
15098.833
20
3584.877
10
15021.833
20
3584.877
0
LWPOLYLINE
5
8F4A
100
AcDbEntity
8
Panels
100
AcDbPolyline
90
4
70
1
38
-37.944
10
14944.583
20
3546.408
10
15021.583
20
3546.408
10
15021.583
20
3584.877
10
14944.583
20
3584.877
0
LWPOLYLINE
5
8F49
100
AcDbEntity
8
Panels
100
AcDbPolyline
90
4
70
1
38
-37.944
10
14867.333
20
3546.408
10
14944.333
20
3546.408
10
14944.333
20
3584.877
10
14867.333
20
3584.877
0
LWPOLYLINE
5
8F48
100
AcDbEntity
8
Panels
100
AcDbPolyline
90
4
70
1
38
-37.944
10
15330.833
20
3546.408
10
15407.833
20
3546.408
10
15407.833
20
3584.877
10
15330.833
20
3584.877
0
LWPOLYLINE
5
8F47
100
AcDbEntity
8
Panels
100
AcDbPolyline
90
4
70
1
38
-37.944
10
15253.583
20
3546.408
10
15330.583
20
3546.408
10
15330.583
20
3584.877
10
15253.583
20
3584.877
0
LWPOLYLINE
5
8F46
100
AcDbEntity
8
Panels
100
AcDbPolyline
90
4
70
1
38
-37.944
10
15176.333
20
3546.408
10
15253.333
20
3546.408
10
15253.333
20
3584.877
10
15176.333
20
3584.877
0
LWPOLYLINE
5
8F45
100
AcDbEntity
8
Panels
100
AcDbPolyline
90
4
70
1
38
-37.944
10
14790.083
20
3546.408
10
14867.083
20
3546.408
10
14867.083
20
3584.877
10
14790.083
20
3584.877
0
LWPOLYLINE
5
8F44
100
AcDbEntity
8
Panels
100
AcDbPolyline
90
4
70
1
38
-37.944
10
14712.833
20
3546.408
10
14789.833
20
3546.408
10
14789.833
20
3584.877
10
14712.833
20
3584.877
0
LWPOLYLINE
5
8F43
100
AcDbEntity
8
Panels
100
AcDbPolyline
90
4
70
1
38
-37.944
10
14635.583
20
3546.408
10
14712.583
20
3546.408
10
14712.583
20
3584.877
10
14635.583
20
3584.877
0
LWPOLYLINE
5
8F42
100
AcDbEntity
8
Panels
100
AcDbPolyline
90
4
70
1
38
-37.944
10
15099.083
20
3604.215
10
15176.083
20
3604.215
10
15176.083
20
3642.683
10
15099.083
20
3642.683
0
LWPOLYLINE
5
8F41
100
AcDbEntity
8
Panels
100
AcDbPolyline
90
4
70
1
38
-37.944
10
15021.833
20
3604.215
10
15098.833
20
3604.215
10
15098.833
20
3642.683
10
15021.833
20
3642.683
0
LWPOLYLINE
5
8F40
100
AcDbEntity
8
Panels
100
AcDbPolyline
90
4
70
1
38
-37.944
10
14944.583
20
3604.215
10
15021.583
20
3604.215
10
15021.583
20
3642.683
10
14944.583
20
3642.683
0
LWPOLYLINE
5
8F3F
100
AcDbEntity
8
Panels
100
AcDbPolyline
90
4
70
1
38
-37.944
10
14867.333
20
3604.215
10
14944.333
20
3604.215
10
14944.333
20
3642.683
10
14867.333
20
3642.683
0
LWPOLYLINE
5
8F3E
100
AcDbEntity
8
Panels
100
AcDbPolyline
90
4
70
1
38
-37.944
10
15330.833
20
3604.215
10
15407.833
20
3604.215
10
15407.833
20
3642.683
10
15330.833
20
3642.683
0
LWPOLYLINE
5
8F3D
100
AcDbEntity
8
Panels
100
AcDbPolyline
90
4
70
1
38
-37.944
10
15253.583
20
3604.215
10
15330.583
20
3604.215
10
15330.583
20
3642.683
10
15253.583
20
3642.683
0
LWPOLYLINE
5
8F3C
100
AcDbEntity
8
Panels
100
AcDbPolyline
90
4
70
1
38
-37.944
10
15176.333
20
3604.215
10
15253.333
20
3604.215
10
15253.333
20
3642.683
10
15176.333
20
3642.683
0
LWPOLYLINE
5
8F3B
100
AcDbEntity
8
Panels
100
AcDbPolyline
90
4
70
1
38
-37.944
10
14790.083
20
3604.215
10
14867.083
20
3604.215
10
14867.083
20
3642.683
10
14790.083
20
3642.683
0
LWPOLYLINE
5
8F3A
100
AcDbEntity
8
Panels
100
AcDbPolyline
90
4
70
1
38
-37.944
10
14712.833
20
3604.215
10
14789.833
20
3604.215
10
14789.833
20
3642.683
10
14712.833
20
3642.683
0
LWPOLYLINE
5
8F39
100
AcDbEntity
8
Panels
100
AcDbPolyline
90
4
70
1
38
-37.944
10
14635.583
20
3604.215
10
14712.583
20
3604.215
10
14712.583
20
3642.683
10
14635.583
20
3642.683
0
LWPOLYLINE
5
8F38
100
AcDbEntity
8
Panels
100
AcDbPolyline
90
4
70
1
38
-37.944
10
15099.083
20
3662.021
10
15176.083
20
3662.021
10
15176.083
20
3700.49
10
15099.083
20
3700.49
0
LWPOLYLINE
5
8F37
100
AcDbEntity
8
Panels
100
AcDbPolyline
90
4
70
1
38
-37.944
10
15021.833
20
3662.021
10
15098.833
20
3662.021
10
15098.833
20
3700.49
10
15021.833
20
3700.49
0
LWPOLYLINE
5
8F36
100
AcDbEntity
8
Panels
100
AcDbPolyline
90
4
70
1
38
-37.944
10
14944.583
20
3662.021
10
15021.583
20
3662.021
10
15021.583
20
3700.49
10
14944.583
20
3700.49
0
LWPOLYLINE
5
8F35
100
AcDbEntity
8
Panels
100
AcDbPolyline
90
4
70
1
38
-37.944
10
14867.333
20
3662.021
10
14944.333
20
3662.021
10
14944.333
20
3700.49
10
14867.333
20
3700.49
0
LWPOLYLINE
5
8F34
100
AcDbEntity
8
Panels
100
AcDbPolyline
90
4
70
1
38
-37.944
10
15330.833
20
3662.021
10
15407.833
20
3662.021
10
15407.833
20
3700.49
10
15330.833
20
3700.49
0
LWPOLYLINE
5
8F33
100
AcDbEntity
8
Panels
100
AcDbPolyline
90
4
70
1
38
-37.944
10
15253.583
20
3662.021
10
15330.583
20
3662.021
10
15330.583
20
3700.49
10
15253.583
20
3700.49
0
LWPOLYLINE
5
8F32
100
AcDbEntity
8
Panels
100
AcDbPolyline
90
4
70
1
38
-37.944
10
15176.333
20
3662.021
10
15253.333
20
3662.021
10
15253.333
20
3700.49
10
15176.333
20
3700.49
0
LWPOLYLINE
5
8F31
100
AcDbEntity
8
Panels
100
AcDbPolyline
90
4
70
1
38
-37.944
10
14790.083
20
3662.021
10
14867.083
20
3662.021
10
14867.083
20
3700.49
10
14790.083
20
3700.49
0
LWPOLYLINE
5
8F30
100
AcDbEntity
8
Panels
100
AcDbPolyline
90
4
70
1
38
-37.944
10
14712.833
20
3662.021
10
14789.833
20
3662.021
10
14789.833
20
3700.49
10
14712.833
20
3700.49
0
LWPOLYLINE
5
8F2F
100
AcDbEntity
8
Panels
100
AcDbPolyline
90
4
70
1
38
-37.944
10
14635.583
20
3662.021
10
14712.583
20
3662.021
10
14712.583
20
3700.49
10
14635.583
20
3700.49
0
LWPOLYLINE
5
8F2E
100
AcDbEntity
8
Panels
100
AcDbPolyline
90
4
70
1
38
-37.944
10
15099.083
20
3719.828
10
15176.083
20
3719.828
10
15176.083
20
3758.297
10
15099.083
20
3758.297
0
LWPOLYLINE
5
8F2D
100
AcDbEntity
8
Panels
100
AcDbPolyline
90
4
70
1
38
-37.944
10
15021.833
20
3719.828
10
15098.833
20
3719.828
10
15098.833
20
3758.297
10
15021.833
20
3758.297
0
LWPOLYLINE
5
8F2C
100
AcDbEntity
8
Panels
100
AcDbPolyline
90
4
70
1
38
-37.944
10
14944.583
20
3719.828
10
15021.583
20
3719.828
10
15021.583
20
3758.297
10
14944.583
20
3758.297
0
LWPOLYLINE
5
8F2B
100
AcDbEntity
8
Panels
100
AcDbPolyline
90
4
70
1
38
-37.944
10
14867.333
20
3719.828
10
14944.333
20
3719.828
10
14944.333
20
3758.297
10
14867.333
20
3758.297
0
LWPOLYLINE
5
8F2A
100
AcDbEntity
8
Panels
100
AcDbPolyline
90
4
70
1
38
-37.944
10
15408.083
20
3719.828
10
15485.083
20
3719.828
10
15485.083
20
3758.297
10
15408.083
20
3758.297
0
LWPOLYLINE
5
8F29
100
AcDbEntity
8
Panels
100
AcDbPolyline
90
4
70
1
38
-37.944
10
15562.583
20
3719.828
10
15639.583
20
3719.828
10
15639.583
20
3758.297
10
15562.583
20
3758.297
0
LWPOLYLINE
5
8F28
100
AcDbEntity
8
Panels
100
AcDbPolyline
90
4
70
1
38
-37.944
10
15330.833
20
3719.828
10
15407.833
20
3719.828
10
15407.833
20
3758.297
10
15330.833
20
3758.297
0
LWPOLYLINE
5
8F27
100
AcDbEntity
8
Panels
100
AcDbPolyline
90
4
70
1
38
-37.944
10
15253.583
20
3719.828
10
15330.583
20
3719.828
10
15330.583
20
3758.297
10
15253.583
20
3758.297
0
LWPOLYLINE
5
8F26
100
AcDbEntity
8
Panels
100
AcDbPolyline
90
4
70
1
38
-37.944
10
15176.333
20
3719.828
10
15253.333
20
3719.828
10
15253.333
20
3758.297
10
15176.333
20
3758.297
0
LWPOLYLINE
5
8F25
100
AcDbEntity
8
Panels
100
AcDbPolyline
90
4
70
1
38
-37.944
10
14790.083
20
3719.828
10
14867.083
20
3719.828
10
14867.083
20
3758.297
10
14790.083
20
3758.297
0
LWPOLYLINE
5
8F24
100
AcDbEntity
8
Panels
100
AcDbPolyline
90
4
70
1
38
-37.944
10
14712.833
20
3719.828
10
14789.833
20
3719.828
10
14789.833
20
3758.297
10
14712.833
20
3758.297
0
LWPOLYLINE
5
8F23
100
AcDbEntity
8
Panels
100
AcDbPolyline
90
4
70
1
38
-37.944
10
14635.583
20
3719.828
10
14712.583
20
3719.828
10
14712.583
20
3758.297
10
14635.583
20
3758.297
0
LWPOLYLINE
5
8F22
100
AcDbEntity
8
Panels
100
AcDbPolyline
90
4
70
1
38
-37.944
10
15099.083
20
3777.635
10
15176.083
20
3777.635
10
15176.083
20
3816.104
10
15099.083
20
3816.104
0
LWPOLYLINE
5
8F21
100
AcDbEntity
8
Panels
100
AcDbPolyline
90
4
70
1
38
-37.944
10
15021.833
20
3777.635
10
15098.833
20
3777.635
10
15098.833
20
3816.104
10
15021.833
20
3816.104
0
LWPOLYLINE
5
8F20
100
AcDbEntity
8
Panels
100
AcDbPolyline
90
4
70
1
38
-37.944
10
14944.583
20
3777.635
10
15021.583
20
3777.635
10
15021.583
20
3816.104
10
14944.583
20
3816.104
0
LWPOLYLINE
5
8F1F
100
AcDbEntity
8
Panels
100
AcDbPolyline
90
4
70
1
38
-37.944
10
14867.333
20
3777.635
10
14944.333
20
3777.635
10
14944.333
20
3816.104
10
14867.333
20
3816.104
0
LWPOLYLINE
5
8F1E
100
AcDbEntity
8
Panels
100
AcDbPolyline
90
4
70
1
38
-37.944
10
15408.083
20
3777.635
10
15485.083
20
3777.635
10
15485.083
20
3816.104
10
15408.083
20
3816.104
0
LWPOLYLINE
5
8F1D
100
AcDbEntity
8
Panels
100
AcDbPolyline
90
4
70
1
38
-37.944
10
15562.583
20
3777.635
10
15639.583
20
3777.635
10
15639.583
20
3816.104
10
15562.583
20
3816.104
0
LWPOLYLINE
5
8F1C
100
AcDbEntity
8
Panels
100
AcDbPolyline
90
4
70
1
38
-37.944
10
15330.833
20
3777.635
10
15407.833
20
3777.635
10
15407.833
20
3816.104
10
15330.833
20
3816.104
0
LWPOLYLINE
5
8F1B
100
AcDbEntity
8
Panels
100
AcDbPolyline
90
4
70
1
38
-37.944
10
15253.583
20
3777.635
10
15330.583
20
3777.635
10
15330.583
20
3816.104
10
15253.583
20
3816.104
0
LWPOLYLINE
5
8F1A
100
AcDbEntity
8
Panels
100
AcDbPolyline
90
4
70
1
38
-37.944
10
15176.333
20
3777.635
10
15253.333
20
3777.635
10
15253.333
20
3816.104
10
15176.333
20
3816.104
0
LWPOLYLINE
5
8F19
100
AcDbEntity
8
Panels
100
AcDbPolyline
90
4
70
1
38
-37.944
10
14790.083
20
3777.635
10
14867.083
20
3777.635
10
14867.083
20
3816.104
10
14790.083
20
3816.104
0
LWPOLYLINE
5
8F18
100
AcDbEntity
8
Panels
100
AcDbPolyline
90
4
70
1
38
-37.944
10
14712.833
20
3777.635
10
14789.833
20
3777.635
10
14789.833
20
3816.104
10
14712.833
20
3816.104
0
LWPOLYLINE
5
8F17
100
AcDbEntity
8
Panels
100
AcDbPolyline
90
4
70
1
38
-37.944
10
14635.583
20
3777.635
10
14712.583
20
3777.635
10
14712.583
20
3816.104
10
14635.583
20
3816.104
0
LWPOLYLINE
5
8F16
100
AcDbEntity
8
Panels
100
AcDbPolyline
90
4
70
1
38
-37.944
10
15099.083
20
3835.442
10
15176.083
20
3835.442
10
15176.083
20
3873.91
10
15099.083
20
3873.91
0
LWPOLYLINE
5
8F15
100
AcDbEntity
8
Panels
100
AcDbPolyline
90
4
70
1
38
-37.944
10
15021.833
20
3835.442
10
15098.833
20
3835.442
10
15098.833
20
3873.91
10
15021.833
20
3873.91
0
LWPOLYLINE
5
8F14
100
AcDbEntity
8
Panels
100
AcDbPolyline
90
4
70
1
38
-37.944
10
14944.583
20
3835.442
10
15021.583
20
3835.442
10
15021.583
20
3873.91
10
14944.583
20
3873.91
0
LWPOLYLINE
5
8F13
100
AcDbEntity
8
Panels
100
AcDbPolyline
90
4
70
1
38
-37.944
10
14867.333
20
3835.442
10
14944.333
20
3835.442
10
14944.333
20
3873.91
10
14867.333
20
3873.91
0
LWPOLYLINE
5
8F12
100
AcDbEntity
8
Panels
100
AcDbPolyline
90
4
70
1
38
-37.944
10
15408.083
20
3835.442
10
15485.083
20
3835.442
10
15485.083
20
3873.91
10
15408.083
20
3873.91
0
LWPOLYLINE
5
8F11
100
AcDbEntity
8
Panels
100
AcDbPolyline
90
4
70
1
38
-37.944
10
15562.583
20
3835.442
10
15639.583
20
3835.442
10
15639.583
20
3873.91
10
15562.583
20
3873.91
0
LWPOLYLINE
5
8F10
100
AcDbEntity
8
Panels
100
AcDbPolyline
90
4
70
1
38
-37.944
10
15330.833
20
3835.442
10
15407.833
20
3835.442
10
15407.833
20
3873.91
10
15330.833
20
3873.91
0
LWPOLYLINE
5
8F0F
100
AcDbEntity
8
Panels
100
AcDbPolyline
90
4
70
1
38
-37.944
10
15253.583
20
3835.442
10
15330.583
20
3835.442
10
15330.583
20
3873.91
10
15253.583
20
3873.91
0
LWPOLYLINE
5
8F0E
100
AcDbEntity
8
Panels
100
AcDbPolyline
90
4
70
1
38
-37.944
10
15176.333
20
3835.442
10
15253.333
20
3835.442
10
15253.333
20
3873.91
10
15176.333
20
3873.91
0
LWPOLYLINE
5
8F0D
100
AcDbEntity
8
Panels
100
AcDbPolyline
90
4
70
1
38
-37.944
10
14790.083
20
3835.442
10
14867.083
20
3835.442
10
14867.083
20
3873.91
10
14790.083
20
3873.91
0
LWPOLYLINE
5
8F0C
100
AcDbEntity
8
Panels
100
AcDbPolyline
90
4
70
1
38
-37.944
10
14712.833
20
3835.442
10
14789.833
20
3835.442
10
14789.833
20
3873.91
10
14712.833
20
3873.91
0
LWPOLYLINE
5
8F0B
100
AcDbEntity
8
Panels
100
AcDbPolyline
90
4
70
1
38
-37.944
10
14635.583
20
3835.442
10
14712.583
20
3835.442
10
14712.583
20
3873.91
10
14635.583
20
3873.91
0
LWPOLYLINE
5
8F0A
100
AcDbEntity
8
Panels
100
AcDbPolyline
90
4
70
1
38
-37.944
10
15099.083
20
3893.248
10
15176.083
20
3893.248
10
15176.083
20
3931.717
10
15099.083
20
3931.717
0
LWPOLYLINE
5
8F09
100
AcDbEntity
8
Panels
100
AcDbPolyline
90
4
70
1
38
-37.944
10
15021.833
20
3893.248
10
15098.833
20
3893.248
10
15098.833
20
3931.717
10
15021.833
20
3931.717
0
LWPOLYLINE
5
8F08
100
AcDbEntity
8
Panels
100
AcDbPolyline
90
4
70
1
38
-37.944
10
14944.583
20
3893.248
10
15021.583
20
3893.248
10
15021.583
20
3931.717
10
14944.583
20
3931.717
0
LWPOLYLINE
5
8F07
100
AcDbEntity
8
Panels
100
AcDbPolyline
90
4
70
1
38
-37.944
10
14867.333
20
3893.248
10
14944.333
20
3893.248
10
14944.333
20
3931.717
10
14867.333
20
3931.717
0
LWPOLYLINE
5
8F06
100
AcDbEntity
8
Panels
100
AcDbPolyline
90
4
70
1
38
-37.944
10
15408.083
20
3893.248
10
15485.083
20
3893.248
10
15485.083
20
3931.717
10
15408.083
20
3931.717
0
LWPOLYLINE
5
8F05
100
AcDbEntity
8
Panels
100
AcDbPolyline
90
4
70
1
38
-37.944
10
15562.583
20
3893.248
10
15639.583
20
3893.248
10
15639.583
20
3931.717
10
15562.583
20
3931.717
0
LWPOLYLINE
5
8F04
100
AcDbEntity
8
Panels
100
AcDbPolyline
90
4
70
1
38
-37.944
10
15330.833
20
3893.248
10
15407.833
20
3893.248
10
15407.833
20
3931.717
10
15330.833
20
3931.717
0
LWPOLYLINE
5
8F03
100
AcDbEntity
8
Panels
100
AcDbPolyline
90
4
70
1
38
-37.944
10
15253.583
20
3893.248
10
15330.583
20
3893.248
10
15330.583
20
3931.717
10
15253.583
20
3931.717
0
LWPOLYLINE
5
8F02
100
AcDbEntity
8
Panels
100
AcDbPolyline
90
4
70
1
38
-37.944
10
15176.333
20
3893.248
10
15253.333
20
3893.248
10
15253.333
20
3931.717
10
15176.333
20
3931.717
0
LWPOLYLINE
5
8F01
100
AcDbEntity
8
Panels
100
AcDbPolyline
90
4
70
1
38
-37.944
10
14790.083
20
3893.248
10
14867.083
20
3893.248
10
14867.083
20
3931.717
10
14790.083
20
3931.717
0
LWPOLYLINE
5
8F00
100
AcDbEntity
8
Panels
100
AcDbPolyline
90
4
70
1
38
-37.944
10
14712.833
20
3893.248
10
14789.833
20
3893.248
10
14789.833
20
3931.717
10
14712.833
20
3931.717
0
LWPOLYLINE
5
8EFF
100
AcDbEntity
8
Panels
100
AcDbPolyline
90
4
70
1
38
-37.944
10
14635.583
20
3893.248
10
14712.583
20
3893.248
10
14712.583
20
3931.717
10
14635.583
20
3931.717
0
LWPOLYLINE
5
8EFE
100
AcDbEntity
8
Panels
100
AcDbPolyline
90
4
70
1
38
-37.944
10
15099.083
20
3951.055
10
15176.083
20
3951.055
10
15176.083
20
3989.524
10
15099.083
20
3989.524
0
LWPOLYLINE
5
8EFD
100
AcDbEntity
8
Panels
100
AcDbPolyline
90
4
70
1
38
-37.944
10
15021.833
20
3951.055
10
15098.833
20
3951.055
10
15098.833
20
3989.524
10
15021.833
20
3989.524
0
LWPOLYLINE
5
8EFC
100
AcDbEntity
8
Panels
100
AcDbPolyline
90
4
70
1
38
-37.944
10
14944.583
20
3951.055
10
15021.583
20
3951.055
10
15021.583
20
3989.524
10
14944.583
20
3989.524
0
LWPOLYLINE
5
8EFB
100
AcDbEntity
8
Panels
100
AcDbPolyline
90
4
70
1
38
-37.944
10
14867.333
20
3951.055
10
14944.333
20
3951.055
10
14944.333
20
3989.524
10
14867.333
20
3989.524
0
LWPOLYLINE
5
8EFA
100
AcDbEntity
8
Panels
100
AcDbPolyline
90
4
70
1
38
-37.944
10
15408.083
20
3951.055
10
15485.083
20
3951.055
10
15485.083
20
3989.524
10
15408.083
20
3989.524
0
LWPOLYLINE
5
8EF9
100
AcDbEntity
8
Panels
100
AcDbPolyline
90
4
70
1
38
-37.944
10
15562.583
20
3951.055
10
15639.583
20
3951.055
10
15639.583
20
3989.524
10
15562.583
20
3989.524
0
LWPOLYLINE
5
8EF8
100
AcDbEntity
8
Panels
100
AcDbPolyline
90
4
70
1
38
-37.944
10
15330.833
20
3951.055
10
15407.833
20
3951.055
10
15407.833
20
3989.524
10
15330.833
20
3989.524
0
LWPOLYLINE
5
8EF7
100
AcDbEntity
8
Panels
100
AcDbPolyline
90
4
70
1
38
-37.944
10
15253.583
20
3951.055
10
15330.583
20
3951.055
10
15330.583
20
3989.524
10
15253.583
20
3989.524
0
LWPOLYLINE
5
8EF6
100
AcDbEntity
8
Panels
100
AcDbPolyline
90
4
70
1
38
-37.944
10
15176.333
20
3951.055
10
15253.333
20
3951.055
10
15253.333
20
3989.524
10
15176.333
20
3989.524
0
LWPOLYLINE
5
8EF5
100
AcDbEntity
8
Panels
100
AcDbPolyline
90
4
70
1
38
-37.944
10
14790.083
20
3951.055
10
14867.083
20
3951.055
10
14867.083
20
3989.524
10
14790.083
20
3989.524
0
LWPOLYLINE
5
8EF4
100
AcDbEntity
8
Panels
100
AcDbPolyline
90
4
70
1
38
-37.944
10
14712.833
20
3951.055
10
14789.833
20
3951.055
10
14789.833
20
3989.524
10
14712.833
20
3989.524
0
LWPOLYLINE
5
8EF3
100
AcDbEntity
8
Panels
100
AcDbPolyline
90
4
70
1
38
-37.944
10
14635.583
20
3951.055
10
14712.583
20
3951.055
10
14712.583
20
3989.524
10
14635.583
20
3989.524
0
LWPOLYLINE
5
8EF2
100
AcDbEntity
8
Panels
100
AcDbPolyline
90
4
70
1
38
-37.944
10
15099.083
20
4008.862
10
15176.083
20
4008.862
10
15176.083
20
4047.331
10
15099.083
20
4047.331
0
LWPOLYLINE
5
8EF1
100
AcDbEntity
8
Panels
100
AcDbPolyline
90
4
70
1
38
-37.944
10
15021.833
20
4008.862
10
15098.833
20
4008.862
10
15098.833
20
4047.331
10
15021.833
20
4047.331
0
LWPOLYLINE
5
8EF0
100
AcDbEntity
8
Panels
100
AcDbPolyline
90
4
70
1
38
-37.944
10
14944.583
20
4008.862
10
15021.583
20
4008.862
10
15021.583
20
4047.331
10
14944.583
20
4047.331
0
LWPOLYLINE
5
8EEF
100
AcDbEntity
8
Panels
100
AcDbPolyline
90
4
70
1
38
-37.944
10
14867.333
20
4008.862
10
14944.333
20
4008.862
10
14944.333
20
4047.331
10
14867.333
20
4047.331
0
LWPOLYLINE
5
8EEE
100
AcDbEntity
8
Panels
100
AcDbPolyline
90
4
70
1
38
-37.944
10
15408.083
20
4008.862
10
15485.083
20
4008.862
10
15485.083
20
4047.331
10
15408.083
20
4047.331
0
LWPOLYLINE
5
8EED
100
AcDbEntity
8
Panels
100
AcDbPolyline
90
4
70
1
38
-37.944
10
15562.583
20
4008.862
10
15639.583
20
4008.862
10
15639.583
20
4047.331
10
15562.583
20
4047.331
0
LWPOLYLINE
5
8EEC
100
AcDbEntity
8
Panels
100
AcDbPolyline
90
4
70
1
38
-37.944
10
15330.833
20
4008.862
10
15407.833
20
4008.862
10
15407.833
20
4047.331
10
15330.833
20
4047.331
0
LWPOLYLINE
5
8EEB
100
AcDbEntity
8
Panels
100
AcDbPolyline
90
4
70
1
38
-37.944
10
15253.583
20
4008.862
10
15330.583
20
4008.862
10
15330.583
20
4047.331
10
15253.583
20
4047.331
0
LWPOLYLINE
5
8EEA
100
AcDbEntity
8
Panels
100
AcDbPolyline
90
4
70
1
38
-37.944
10
15176.333
20
4008.862
10
15253.333
20
4008.862
10
15253.333
20
4047.331
10
15176.333
20
4047.331
0
LWPOLYLINE
5
8EE9
100
AcDbEntity
8
Panels
100
AcDbPolyline
90
4
70
1
38
-37.944
10
14790.083
20
4008.862
10
14867.083
20
4008.862
10
14867.083
20
4047.331
10
14790.083
20
4047.331
0
LWPOLYLINE
5
8EE8
100
AcDbEntity
8
Panels
100
AcDbPolyline
90
4
70
1
38
-37.944
10
14712.833
20
4008.862
10
14789.833
20
4008.862
10
14789.833
20
4047.331
10
14712.833
20
4047.331
0
LWPOLYLINE
5
8EE7
100
AcDbEntity
8
Panels
100
AcDbPolyline
90
4
70
1
38
-37.944
10
14635.583
20
4008.862
10
14712.583
20
4008.862
10
14712.583
20
4047.331
10
14635.583
20
4047.331
0
LWPOLYLINE
5
8EE6
100
AcDbEntity
8
Panels
100
AcDbPolyline
90
4
70
1
38
-37.944
10
15099.083
20
4066.669
10
15176.083
20
4066.669
10
15176.083
20
4105.138
10
15099.083
20
4105.138
0
LWPOLYLINE
5
8EE5
100
AcDbEntity
8
Panels
100
AcDbPolyline
90
4
70
1
38
-37.944
10
15021.833
20
4066.669
10
15098.833
20
4066.669
10
15098.833
20
4105.138
10
15021.833
20
4105.138
0
LWPOLYLINE
5
8EE4
100
AcDbEntity
8
Panels
100
AcDbPolyline
90
4
70
1
38
-37.944
10
14944.583
20
4066.669
10
15021.583
20
4066.669
10
15021.583
20
4105.138
10
14944.583
20
4105.138
0
LWPOLYLINE
5
8EE3
100
AcDbEntity
8
Panels
100
AcDbPolyline
90
4
70
1
38
-37.944
10
14867.333
20
4066.669
10
14944.333
20
4066.669
10
14944.333
20
4105.138
10
14867.333
20
4105.138
0
LWPOLYLINE
5
8EE2
100
AcDbEntity
8
Panels
100
AcDbPolyline
90
4
70
1
38
-37.944
10
15408.083
20
4066.669
10
15485.083
20
4066.669
10
15485.083
20
4105.138
10
15408.083
20
4105.138
0
LWPOLYLINE
5
8EE1
100
AcDbEntity
8
Panels
100
AcDbPolyline
90
4
70
1
38
-37.944
10
15562.583
20
4066.669
10
15639.583
20
4066.669
10
15639.583
20
4105.138
10
15562.583
20
4105.138
0
LWPOLYLINE
5
8EE0
100
AcDbEntity
8
Panels
100
AcDbPolyline
90
4
70
1
38
-37.944
10
15330.833
20
4066.669
10
15407.833
20
4066.669
10
15407.833
20
4105.138
10
15330.833
20
4105.138
0
LWPOLYLINE
5
8EDF
100
AcDbEntity
8
Panels
100
AcDbPolyline
90
4
70
1
38
-37.944
10
15253.583
20
4066.669
10
15330.583
20
4066.669
10
15330.583
20
4105.138
10
15253.583
20
4105.138
0
LWPOLYLINE
5
8EDE
100
AcDbEntity
8
Panels
100
AcDbPolyline
90
4
70
1
38
-37.944
10
15176.333
20
4066.669
10
15253.333
20
4066.669
10
15253.333
20
4105.138
10
15176.333
20
4105.138
0
LWPOLYLINE
5
8EDD
100
AcDbEntity
8
Panels
100
AcDbPolyline
90
4
70
1
38
-37.944
10
14790.083
20
4066.669
10
14867.083
20
4066.669
10
14867.083
20
4105.138
10
14790.083
20
4105.138
0
LWPOLYLINE
5
8EDC
100
AcDbEntity
8
Panels
100
AcDbPolyline
90
4
70
1
38
-37.944
10
14712.833
20
4066.669
10
14789.833
20
4066.669
10
14789.833
20
4105.138
10
14712.833
20
4105.138
0
LWPOLYLINE
5
8EDB
100
AcDbEntity
8
Panels
100
AcDbPolyline
90
4
70
1
38
-37.944
10
14635.583
20
4066.669
10
14712.583
20
4066.669
10
14712.583
20
4105.138
10
14635.583
20
4105.138
0
LWPOLYLINE
5
8EDA
100
AcDbEntity
8
Panels
100
AcDbPolyline
90
4
70
1
38
-37.944
10
15099.083
20
4124.476
10
15176.083
20
4124.476
10
15176.083
20
4162.944
10
15099.083
20
4162.944
0
LWPOLYLINE
5
8ED9
100
AcDbEntity
8
Panels
100
AcDbPolyline
90
4
70
1
38
-37.944
10
15021.833
20
4124.476
10
15098.833
20
4124.476
10
15098.833
20
4162.944
10
15021.833
20
4162.944
0
LWPOLYLINE
5
8ED8
100
AcDbEntity
8
Panels
100
AcDbPolyline
90
4
70
1
38
-37.944
10
14944.583
20
4124.476
10
15021.583
20
4124.476
10
15021.583
20
4162.944
10
14944.583
20
4162.944
0
LWPOLYLINE
5
8ED7
100
AcDbEntity
8
Panels
100
AcDbPolyline
90
4
70
1
38
-37.944
10
14867.333
20
4124.476
10
14944.333
20
4124.476
10
14944.333
20
4162.944
10
14867.333
20
4162.944
0
LWPOLYLINE
5
8ED6
100
AcDbEntity
8
Panels
100
AcDbPolyline
90
4
70
1
38
-37.944
10
15408.083
20
4124.476
10
15485.083
20
4124.476
10
15485.083
20
4162.944
10
15408.083
20
4162.944
0
LWPOLYLINE
5
8ED5
100
AcDbEntity
8
Panels
100
AcDbPolyline
90
4
70
1
38
-37.944
10
15330.833
20
4124.476
10
15407.833
20
4124.476
10
15407.833
20
4162.944
10
15330.833
20
4162.944
0
LWPOLYLINE
5
8ED4
100
AcDbEntity
8
Panels
100
AcDbPolyline
90
4
70
1
38
-37.944
10
15253.583
20
4124.476
10
15330.583
20
4124.476
10
15330.583
20
4162.944
10
15253.583
20
4162.944
0
LWPOLYLINE
5
8ED3
100
AcDbEntity
8
Panels
100
AcDbPolyline
90
4
70
1
38
-37.944
10
15176.333
20
4124.476
10
15253.333
20
4124.476
10
15253.333
20
4162.944
10
15176.333
20
4162.944
0
LWPOLYLINE
5
8ED2
100
AcDbEntity
8
Panels
100
AcDbPolyline
90
4
70
1
38
-37.944
10
14790.083
20
4124.476
10
14867.083
20
4124.476
10
14867.083
20
4162.944
10
14790.083
20
4162.944
0
LWPOLYLINE
5
8ED1
100
AcDbEntity
8
Panels
100
AcDbPolyline
90
4
70
1
38
-37.944
10
14712.833
20
4124.476
10
14789.833
20
4124.476
10
14789.833
20
4162.944
10
14712.833
20
4162.944
0
LWPOLYLINE
5
8ED0
100
AcDbEntity
8
Panels
100
AcDbPolyline
90
4
70
1
38
-37.944
10
14635.583
20
4124.476
10
14712.583
20
4124.476
10
14712.583
20
4162.944
10
14635.583
20
4162.944
0
LWPOLYLINE
5
8ECF
100
AcDbEntity
8
Panels
100
AcDbPolyline
90
4
70
1
38
-37.944
10
15099.083
20
4182.282
10
15176.083
20
4182.282
10
15176.083
20
4220.751
10
15099.083
20
4220.751
0
LWPOLYLINE
5
8ECE
100
AcDbEntity
8
Panels
100
AcDbPolyline
90
4
70
1
38
-37.944
10
15021.833
20
4182.282
10
15098.833
20
4182.282
10
15098.833
20
4220.751
10
15021.833
20
4220.751
0
LWPOLYLINE
5
8ECD
100
AcDbEntity
8
Panels
100
AcDbPolyline
90
4
70
1
38
-37.944
10
14944.583
20
4182.282
10
15021.583
20
4182.282
10
15021.583
20
4220.751
10
14944.583
20
4220.751
0
LWPOLYLINE
5
8ECC
100
AcDbEntity
8
Panels
100
AcDbPolyline
90
4
70
1
38
-37.944
10
14867.333
20
4182.282
10
14944.333
20
4182.282
10
14944.333
20
4220.751
10
14867.333
20
4220.751
0
LWPOLYLINE
5
8ECB
100
AcDbEntity
8
Panels
100
AcDbPolyline
90
4
70
1
38
-37.944
10
15408.083
20
4182.282
10
15485.083
20
4182.282
10
15485.083
20
4220.751
10
15408.083
20
4220.751
0
LWPOLYLINE
5
8ECA
100
AcDbEntity
8
Panels
100
AcDbPolyline
90
4
70
1
38
-37.944
10
15330.833
20
4182.282
10
15407.833
20
4182.282
10
15407.833
20
4220.751
10
15330.833
20
4220.751
0
LWPOLYLINE
5
8EC9
100
AcDbEntity
8
Panels
100
AcDbPolyline
90
4
70
1
38
-37.944
10
15253.583
20
4182.282
10
15330.583
20
4182.282
10
15330.583
20
4220.751
10
15253.583
20
4220.751
0
LWPOLYLINE
5
8EC8
100
AcDbEntity
8
Panels
100
AcDbPolyline
90
4
70
1
38
-37.944
10
15176.333
20
4182.282
10
15253.333
20
4182.282
10
15253.333
20
4220.751
10
15176.333
20
4220.751
0
LWPOLYLINE
5
8EC7
100
AcDbEntity
8
Panels
100
AcDbPolyline
90
4
70
1
38
-37.944
10
14790.083
20
4182.282
10
14867.083
20
4182.282
10
14867.083
20
4220.751
10
14790.083
20
4220.751
0
LWPOLYLINE
5
8EC6
100
AcDbEntity
8
Panels
100
AcDbPolyline
90
4
70
1
38
-37.944
10
14712.833
20
4182.282
10
14789.833
20
4182.282
10
14789.833
20
4220.751
10
14712.833
20
4220.751
0
LWPOLYLINE
5
8EC5
100
AcDbEntity
8
Panels
100
AcDbPolyline
90
4
70
1
38
-37.944
10
14635.583
20
4182.282
10
14712.583
20
4182.282
10
14712.583
20
4220.751
10
14635.583
20
4220.751
0
LWPOLYLINE
5
8EC4
100
AcDbEntity
8
Panels
100
AcDbPolyline
90
4
70
1
38
-37.944
10
15099.083
20
4297.896
10
15176.083
20
4297.896
10
15176.083
20
4336.365
10
15099.083
20
4336.365
0
LWPOLYLINE
5
8EC3
100
AcDbEntity
8
Panels
100
AcDbPolyline
90
4
70
1
38
-37.944
10
15021.833
20
4297.896
10
15098.833
20
4297.896
10
15098.833
20
4336.365
10
15021.833
20
4336.365
0
LWPOLYLINE
5
8EC2
100
AcDbEntity
8
Panels
100
AcDbPolyline
90
4
70
1
38
-37.944
10
14944.583
20
4297.896
10
15021.583
20
4297.896
10
15021.583
20
4336.365
10
14944.583
20
4336.365
0
LWPOLYLINE
5
8EC1
100
AcDbEntity
8
Panels
100
AcDbPolyline
90
4
70
1
38
-37.944
10
14867.333
20
4297.896
10
14944.333
20
4297.896
10
14944.333
20
4336.365
10
14867.333
20
4336.365
0
LWPOLYLINE
5
8EC0
100
AcDbEntity
8
Panels
100
AcDbPolyline
90
4
70
1
38
-37.944
10
15408.083
20
4297.896
10
15485.083
20
4297.896
10
15485.083
20
4336.365
10
15408.083
20
4336.365
0
LWPOLYLINE
5
8EBF
100
AcDbEntity
8
Panels
100
AcDbPolyline
90
4
70
1
38
-37.944
10
15562.583
20
4297.896
10
15639.583
20
4297.896
10
15639.583
20
4336.365
10
15562.583
20
4336.365
0
LWPOLYLINE
5
8EBE
100
AcDbEntity
8
Panels
100
AcDbPolyline
90
4
70
1
38
-37.944
10
15330.833
20
4297.896
10
15407.833
20
4297.896
10
15407.833
20
4336.365
10
15330.833
20
4336.365
0
LWPOLYLINE
5
8EBD
100
AcDbEntity
8
Panels
100
AcDbPolyline
90
4
70
1
38
-37.944
10
15253.583
20
4297.896
10
15330.583
20
4297.896
10
15330.583
20
4336.365
10
15253.583
20
4336.365
0
LWPOLYLINE
5
8EBC
100
AcDbEntity
8
Panels
100
AcDbPolyline
90
4
70
1
38
-37.944
10
15176.333
20
4297.896
10
15253.333
20
4297.896
10
15253.333
20
4336.365
10
15176.333
20
4336.365
0
LWPOLYLINE
5
8EBB
100
AcDbEntity
8
Panels
100
AcDbPolyline
90
4
70
1
38
-37.944
10
14790.083
20
4297.896
10
14867.083
20
4297.896
10
14867.083
20
4336.365
10
14790.083
20
4336.365
0
LWPOLYLINE
5
8EBA
100
AcDbEntity
8
Panels
100
AcDbPolyline
90
4
70
1
38
-37.944
10
14712.833
20
4297.896
10
14789.833
20
4297.896
10
14789.833
20
4336.365
10
14712.833
20
4336.365
0
LWPOLYLINE
5
8EB9
100
AcDbEntity
8
Panels
100
AcDbPolyline
90
4
70
1
38
-37.944
10
14635.583
20
4297.896
10
14712.583
20
4297.896
10
14712.583
20
4336.365
10
14635.583
20
4336.365
0
LWPOLYLINE
5
8EB8
100
AcDbEntity
8
Panels
100
AcDbPolyline
90
4
70
1
38
-37.944
10
14558.333
20
4297.896
10
14635.333
20
4297.896
10
14635.333
20
4336.365
10
14558.333
20
4336.365
0
LWPOLYLINE
5
8EB7
100
AcDbEntity
8
Panels
100
AcDbPolyline
90
4
70
1
38
-37.944
10
14481.083
20
4297.896
10
14558.083
20
4297.896
10
14558.083
20
4336.365
10
14481.083
20
4336.365
0
LWPOLYLINE
5
8EB6
100
AcDbEntity
8
Panels
100
AcDbPolyline
90
4
70
1
38
-37.944
10
14403.833
20
4297.896
10
14480.833
20
4297.896
10
14480.833
20
4336.365
10
14403.833
20
4336.365
0
LWPOLYLINE
5
8EB5
100
AcDbEntity
8
Panels
100
AcDbPolyline
90
4
70
1
38
-37.944
10
14326.583
20
4297.896
10
14403.583
20
4297.896
10
14403.583
20
4336.365
10
14326.583
20
4336.365
0
LWPOLYLINE
5
8EB4
100
AcDbEntity
8
Panels
100
AcDbPolyline
90
4
70
1
38
-37.944
10
14249.333
20
4297.896
10
14326.333
20
4297.896
10
14326.333
20
4336.365
10
14249.333
20
4336.365
0
LWPOLYLINE
5
8EB3
100
AcDbEntity
8
Panels
100
AcDbPolyline
90
4
70
1
38
-37.944
10
14172.083
20
4297.896
10
14249.083
20
4297.896
10
14249.083
20
4336.365
10
14172.083
20
4336.365
0
LWPOLYLINE
5
8EB2
100
AcDbEntity
8
Panels
100
AcDbPolyline
90
4
70
1
38
-37.944
10
14094.833
20
4297.896
10
14171.833
20
4297.896
10
14171.833
20
4336.365
10
14094.833
20
4336.365
0
LWPOLYLINE
5
8EB1
100
AcDbEntity
8
Panels
100
AcDbPolyline
90
4
70
1
38
-37.944
10
14017.583
20
4297.896
10
14094.583
20
4297.896
10
14094.583
20
4336.365
10
14017.583
20
4336.365
0
LWPOLYLINE
5
8EB0
100
AcDbEntity
8
Panels
100
AcDbPolyline
90
4
70
1
38
-37.944
10
13940.333
20
4297.896
10
14017.333
20
4297.896
10
14017.333
20
4336.365
10
13940.333
20
4336.365
0
LWPOLYLINE
5
8EAF
100
AcDbEntity
8
Panels
100
AcDbPolyline
90
4
70
1
38
-37.944
10
15099.083
20
4355.703
10
15176.083
20
4355.703
10
15176.083
20
4394.171
10
15099.083
20
4394.171
0
LWPOLYLINE
5
8EAE
100
AcDbEntity
8
Panels
100
AcDbPolyline
90
4
70
1
38
-37.944
10
15021.833
20
4355.703
10
15098.833
20
4355.703
10
15098.833
20
4394.171
10
15021.833
20
4394.171
0
LWPOLYLINE
5
8EAD
100
AcDbEntity
8
Panels
100
AcDbPolyline
90
4
70
1
38
-37.944
10
14944.583
20
4355.703
10
15021.583
20
4355.703
10
15021.583
20
4394.171
10
14944.583
20
4394.171
0
LWPOLYLINE
5
8EAC
100
AcDbEntity
8
Panels
100
AcDbPolyline
90
4
70
1
38
-37.944
10
14867.333
20
4355.703
10
14944.333
20
4355.703
10
14944.333
20
4394.171
10
14867.333
20
4394.171
0
LWPOLYLINE
5
8EAB
100
AcDbEntity
8
Panels
100
AcDbPolyline
90
4
70
1
38
-37.944
10
15408.083
20
4355.703
10
15485.083
20
4355.703
10
15485.083
20
4394.171
10
15408.083
20
4394.171
0
LWPOLYLINE
5
8EAA
100
AcDbEntity
8
Panels
100
AcDbPolyline
90
4
70
1
38
-37.944
10
15562.583
20
4355.703
10
15639.583
20
4355.703
10
15639.583
20
4394.171
10
15562.583
20
4394.171
0
LWPOLYLINE
5
8EA9
100
AcDbEntity
8
Panels
100
AcDbPolyline
90
4
70
1
38
-37.944
10
15330.833
20
4355.703
10
15407.833
20
4355.703
10
15407.833
20
4394.171
10
15330.833
20
4394.171
0
LWPOLYLINE
5
8EA8
100
AcDbEntity
8
Panels
100
AcDbPolyline
90
4
70
1
38
-37.944
10
15253.583
20
4355.703
10
15330.583
20
4355.703
10
15330.583
20
4394.171
10
15253.583
20
4394.171
0
LWPOLYLINE
5
8EA7
100
AcDbEntity
8
Panels
100
AcDbPolyline
90
4
70
1
38
-37.944
10
15176.333
20
4355.703
10
15253.333
20
4355.703
10
15253.333
20
4394.171
10
15176.333
20
4394.171
0
LWPOLYLINE
5
8EA6
100
AcDbEntity
8
Panels
100
AcDbPolyline
90
4
70
1
38
-37.944
10
14790.083
20
4355.703
10
14867.083
20
4355.703
10
14867.083
20
4394.171
10
14790.083
20
4394.171
0
LWPOLYLINE
5
8EA5
100
AcDbEntity
8
Panels
100
AcDbPolyline
90
4
70
1
38
-37.944
10
14712.833
20
4355.703
10
14789.833
20
4355.703
10
14789.833
20
4394.171
10
14712.833
20
4394.171
0
LWPOLYLINE
5
8EA4
100
AcDbEntity
8
Panels
100
AcDbPolyline
90
4
70
1
38
-37.944
10
14635.583
20
4355.703
10
14712.583
20
4355.703
10
14712.583
20
4394.171
10
14635.583
20
4394.171
0
LWPOLYLINE
5
8EA3
100
AcDbEntity
8
Panels
100
AcDbPolyline
90
4
70
1
38
-37.944
10
14558.333
20
4355.703
10
14635.333
20
4355.703
10
14635.333
20
4394.171
10
14558.333
20
4394.171
0
LWPOLYLINE
5
8EA2
100
AcDbEntity
8
Panels
100
AcDbPolyline
90
4
70
1
38
-37.944
10
14481.083
20
4355.703
10
14558.083
20
4355.703
10
14558.083
20
4394.171
10
14481.083
20
4394.171
0
LWPOLYLINE
5
8EA1
100
AcDbEntity
8
Panels
100
AcDbPolyline
90
4
70
1
38
-37.944
10
14403.833
20
4355.703
10
14480.833
20
4355.703
10
14480.833
20
4394.171
10
14403.833
20
4394.171
0
LWPOLYLINE
5
8EA0
100
AcDbEntity
8
Panels
100
AcDbPolyline
90
4
70
1
38
-37.944
10
14326.583
20
4355.703
10
14403.583
20
4355.703
10
14403.583
20
4394.171
10
14326.583
20
4394.171
0
LWPOLYLINE
5
8E9F
100
AcDbEntity
8
Panels
100
AcDbPolyline
90
4
70
1
38
-37.944
10
14249.333
20
4355.703
10
14326.333
20
4355.703
10
14326.333
20
4394.171
10
14249.333
20
4394.171
0
LWPOLYLINE
5
8E9E
100
AcDbEntity
8
Panels
100
AcDbPolyline
90
4
70
1
38
-37.944
10
14172.083
20
4355.703
10
14249.083
20
4355.703
10
14249.083
20
4394.171
10
14172.083
20
4394.171
0
LWPOLYLINE
5
8E9D
100
AcDbEntity
8
Panels
100
AcDbPolyline
90
4
70
1
38
-37.944
10
14094.833
20
4355.703
10
14171.833
20
4355.703
10
14171.833
20
4394.171
10
14094.833
20
4394.171
0
LWPOLYLINE
5
8E9C
100
AcDbEntity
8
Panels
100
AcDbPolyline
90
4
70
1
38
-37.944
10
14017.583
20
4355.703
10
14094.583
20
4355.703
10
14094.583
20
4394.171
10
14017.583
20
4394.171
0
LWPOLYLINE
5
8E9B
100
AcDbEntity
8
Panels
100
AcDbPolyline
90
4
70
1
38
-37.944
10
13940.333
20
4355.703
10
14017.333
20
4355.703
10
14017.333
20
4394.171
10
13940.333
20
4394.171
0
LWPOLYLINE
5
8E9A
100
AcDbEntity
8
Panels
100
AcDbPolyline
90
4
70
1
38
-37.944
10
15099.083
20
4413.509
10
15176.083
20
4413.509
10
15176.083
20
4451.978
10
15099.083
20
4451.978
0
LWPOLYLINE
5
8E99
100
AcDbEntity
8
Panels
100
AcDbPolyline
90
4
70
1
38
-37.944
10
15021.833
20
4413.509
10
15098.833
20
4413.509
10
15098.833
20
4451.978
10
15021.833
20
4451.978
0
LWPOLYLINE
5
8E98
100
AcDbEntity
8
Panels
100
AcDbPolyline
90
4
70
1
38
-37.944
10
14944.583
20
4413.509
10
15021.583
20
4413.509
10
15021.583
20
4451.978
10
14944.583
20
4451.978
0
LWPOLYLINE
5
8E97
100
AcDbEntity
8
Panels
100
AcDbPolyline
90
4
70
1
38
-37.944
10
14867.333
20
4413.509
10
14944.333
20
4413.509
10
14944.333
20
4451.978
10
14867.333
20
4451.978
0
LWPOLYLINE
5
8E96
100
AcDbEntity
8
Panels
100
AcDbPolyline
90
4
70
1
38
-37.944
10
15408.083
20
4413.509
10
15485.083
20
4413.509
10
15485.083
20
4451.978
10
15408.083
20
4451.978
0
LWPOLYLINE
5
8E95
100
AcDbEntity
8
Panels
100
AcDbPolyline
90
4
70
1
38
-37.944
10
15562.583
20
4413.509
10
15639.583
20
4413.509
10
15639.583
20
4451.978
10
15562.583
20
4451.978
0
LWPOLYLINE
5
8E94
100
AcDbEntity
8
Panels
100
AcDbPolyline
90
4
70
1
38
-37.944
10
15330.833
20
4413.509
10
15407.833
20
4413.509
10
15407.833
20
4451.978
10
15330.833
20
4451.978
0
LWPOLYLINE
5
8E93
100
AcDbEntity
8
Panels
100
AcDbPolyline
90
4
70
1
38
-37.944
10
15253.583
20
4413.509
10
15330.583
20
4413.509
10
15330.583
20
4451.978
10
15253.583
20
4451.978
0
LWPOLYLINE
5
8E92
100
AcDbEntity
8
Panels
100
AcDbPolyline
90
4
70
1
38
-37.944
10
15176.333
20
4413.509
10
15253.333
20
4413.509
10
15253.333
20
4451.978
10
15176.333
20
4451.978
0
LWPOLYLINE
5
8E91
100
AcDbEntity
8
Panels
100
AcDbPolyline
90
4
70
1
38
-37.944
10
14790.083
20
4413.509
10
14867.083
20
4413.509
10
14867.083
20
4451.978
10
14790.083
20
4451.978
0
LWPOLYLINE
5
8E90
100
AcDbEntity
8
Panels
100
AcDbPolyline
90
4
70
1
38
-37.944
10
14712.833
20
4413.509
10
14789.833
20
4413.509
10
14789.833
20
4451.978
10
14712.833
20
4451.978
0
LWPOLYLINE
5
8E8F
100
AcDbEntity
8
Panels
100
AcDbPolyline
90
4
70
1
38
-37.944
10
14635.583
20
4413.509
10
14712.583
20
4413.509
10
14712.583
20
4451.978
10
14635.583
20
4451.978
0
LWPOLYLINE
5
8E8E
100
AcDbEntity
8
Panels
100
AcDbPolyline
90
4
70
1
38
-37.944
10
14558.333
20
4413.509
10
14635.333
20
4413.509
10
14635.333
20
4451.978
10
14558.333
20
4451.978
0
LWPOLYLINE
5
8E8D
100
AcDbEntity
8
Panels
100
AcDbPolyline
90
4
70
1
38
-37.944
10
14481.083
20
4413.509
10
14558.083
20
4413.509
10
14558.083
20
4451.978
10
14481.083
20
4451.978
0
LWPOLYLINE
5
8E8C
100
AcDbEntity
8
Panels
100
AcDbPolyline
90
4
70
1
38
-37.944
10
14403.833
20
4413.509
10
14480.833
20
4413.509
10
14480.833
20
4451.978
10
14403.833
20
4451.978
0
LWPOLYLINE
5
8E8B
100
AcDbEntity
8
Panels
100
AcDbPolyline
90
4
70
1
38
-37.944
10
14326.583
20
4413.509
10
14403.583
20
4413.509
10
14403.583
20
4451.978
10
14326.583
20
4451.978
0
LWPOLYLINE
5
8E8A
100
AcDbEntity
8
Panels
100
AcDbPolyline
90
4
70
1
38
-37.944
10
14249.333
20
4413.509
10
14326.333
20
4413.509
10
14326.333
20
4451.978
10
14249.333
20
4451.978
0
LWPOLYLINE
5
8E89
100
AcDbEntity
8
Panels
100
AcDbPolyline
90
4
70
1
38
-37.944
10
14172.083
20
4413.509
10
14249.083
20
4413.509
10
14249.083
20
4451.978
10
14172.083
20
4451.978
0
LWPOLYLINE
5
8E88
100
AcDbEntity
8
Panels
100
AcDbPolyline
90
4
70
1
38
-37.944
10
14094.833
20
4413.509
10
14171.833
20
4413.509
10
14171.833
20
4451.978
10
14094.833
20
4451.978
0
LWPOLYLINE
5
8E87
100
AcDbEntity
8
Panels
100
AcDbPolyline
90
4
70
1
38
-37.944
10
14017.583
20
4413.509
10
14094.583
20
4413.509
10
14094.583
20
4451.978
10
14017.583
20
4451.978
0
LWPOLYLINE
5
8E86
100
AcDbEntity
8
Panels
100
AcDbPolyline
90
4
70
1
38
-37.944
10
13940.333
20
4413.509
10
14017.333
20
4413.509
10
14017.333
20
4451.978
10
13940.333
20
4451.978
0
LWPOLYLINE
5
8E85
100
AcDbEntity
8
Panels
100
AcDbPolyline
90
4
70
1
38
-37.944
10
15099.083
20
4471.316
10
15176.083
20
4471.316
10
15176.083
20
4509.785
10
15099.083
20
4509.785
0
LWPOLYLINE
5
8E84
100
AcDbEntity
8
Panels
100
AcDbPolyline
90
4
70
1
38
-37.944
10
15021.833
20
4471.316
10
15098.833
20
4471.316
10
15098.833
20
4509.785
10
15021.833
20
4509.785
0
LWPOLYLINE
5
8E83
100
AcDbEntity
8
Panels
100
AcDbPolyline
90
4
70
1
38
-37.944
10
14944.583
20
4471.316
10
15021.583
20
4471.316
10
15021.583
20
4509.785
10
14944.583
20
4509.785
0
LWPOLYLINE
5
8E82
100
AcDbEntity
8
Panels
100
AcDbPolyline
90
4
70
1
38
-37.944
10
14867.333
20
4471.316
10
14944.333
20
4471.316
10
14944.333
20
4509.785
10
14867.333
20
4509.785
0
LWPOLYLINE
5
8E81
100
AcDbEntity
8
Panels
100
AcDbPolyline
90
4
70
1
38
-37.944
10
15408.083
20
4471.316
10
15485.083
20
4471.316
10
15485.083
20
4509.785
10
15408.083
20
4509.785
0
LWPOLYLINE
5
8E80
100
AcDbEntity
8
Panels
100
AcDbPolyline
90
4
70
1
38
-37.944
10
15562.583
20
4471.316
10
15639.583
20
4471.316
10
15639.583
20
4509.785
10
15562.583
20
4509.785
0
LWPOLYLINE
5
8E7F
100
AcDbEntity
8
Panels
100
AcDbPolyline
90
4
70
1
38
-37.944
10
15330.833
20
4471.316
10
15407.833
20
4471.316
10
15407.833
20
4509.785
10
15330.833
20
4509.785
0
LWPOLYLINE
5
8E7E
100
AcDbEntity
8
Panels
100
AcDbPolyline
90
4
70
1
38
-37.944
10
15253.583
20
4471.316
10
15330.583
20
4471.316
10
15330.583
20
4509.785
10
15253.583
20
4509.785
0
LWPOLYLINE
5
8E7D
100
AcDbEntity
8
Panels
100
AcDbPolyline
90
4
70
1
38
-37.944
10
15176.333
20
4471.316
10
15253.333
20
4471.316
10
15253.333
20
4509.785
10
15176.333
20
4509.785
0
LWPOLYLINE
5
8E7C
100
AcDbEntity
8
Panels
100
AcDbPolyline
90
4
70
1
38
-37.944
10
14790.083
20
4471.316
10
14867.083
20
4471.316
10
14867.083
20
4509.785
10
14790.083
20
4509.785
0
LWPOLYLINE
5
8E7B
100
AcDbEntity
8
Panels
100
AcDbPolyline
90
4
70
1
38
-37.944
10
14481.083
20
4471.316
10
14558.083
20
4471.316
10
14558.083
20
4509.785
10
14481.083
20
4509.785
0
LWPOLYLINE
5
8E7A
100
AcDbEntity
8
Panels
100
AcDbPolyline
90
4
70
1
38
-37.944
10
14403.833
20
4471.316
10
14480.833
20
4471.316
10
14480.833
20
4509.785
10
14403.833
20
4509.785
0
LWPOLYLINE
5
8E79
100
AcDbEntity
8
Panels
100
AcDbPolyline
90
4
70
1
38
-37.944
10
14326.583
20
4471.316
10
14403.583
20
4471.316
10
14403.583
20
4509.785
10
14326.583
20
4509.785
0
LWPOLYLINE
5
8E78
100
AcDbEntity
8
Panels
100
AcDbPolyline
90
4
70
1
38
-37.944
10
14249.333
20
4471.316
10
14326.333
20
4471.316
10
14326.333
20
4509.785
10
14249.333
20
4509.785
0
LWPOLYLINE
5
8E77
100
AcDbEntity
8
Panels
100
AcDbPolyline
90
4
70
1
38
-37.944
10
14172.083
20
4471.316
10
14249.083
20
4471.316
10
14249.083
20
4509.785
10
14172.083
20
4509.785
0
LWPOLYLINE
5
8E76
100
AcDbEntity
8
Panels
100
AcDbPolyline
90
4
70
1
38
-37.944
10
14094.833
20
4471.316
10
14171.833
20
4471.316
10
14171.833
20
4509.785
10
14094.833
20
4509.785
0
LWPOLYLINE
5
8E75
100
AcDbEntity
8
Panels
100
AcDbPolyline
90
4
70
1
38
-37.944
10
14017.583
20
4471.316
10
14094.583
20
4471.316
10
14094.583
20
4509.785
10
14017.583
20
4509.785
0
LWPOLYLINE
5
8E74
100
AcDbEntity
8
Panels
100
AcDbPolyline
90
4
70
1
38
-37.944
10
13940.333
20
4471.316
10
14017.333
20
4471.316
10
14017.333
20
4509.785
10
13940.333
20
4509.785
0
LWPOLYLINE
5
8E73
100
AcDbEntity
8
Panels
100
AcDbPolyline
90
4
70
1
38
-37.944
10
15099.083
20
4529.123
10
15176.083
20
4529.123
10
15176.083
20
4567.592
10
15099.083
20
4567.592
0
LWPOLYLINE
5
8E72
100
AcDbEntity
8
Panels
100
AcDbPolyline
90
4
70
1
38
-37.944
10
15021.833
20
4529.123
10
15098.833
20
4529.123
10
15098.833
20
4567.592
10
15021.833
20
4567.592
0
LWPOLYLINE
5
8E71
100
AcDbEntity
8
Panels
100
AcDbPolyline
90
4
70
1
38
-37.944
10
14944.583
20
4529.123
10
15021.583
20
4529.123
10
15021.583
20
4567.592
10
14944.583
20
4567.592
0
LWPOLYLINE
5
8E70
100
AcDbEntity
8
Panels
100
AcDbPolyline
90
4
70
1
38
-37.944
10
14867.333
20
4529.123
10
14944.333
20
4529.123
10
14944.333
20
4567.592
10
14867.333
20
4567.592
0
LWPOLYLINE
5
8E6F
100
AcDbEntity
8
Panels
100
AcDbPolyline
90
4
70
1
38
-37.944
10
15408.083
20
4529.123
10
15485.083
20
4529.123
10
15485.083
20
4567.592
10
15408.083
20
4567.592
0
LWPOLYLINE
5
8E6E
100
AcDbEntity
8
Panels
100
AcDbPolyline
90
4
70
1
38
-37.944
10
15562.583
20
4529.123
10
15639.583
20
4529.123
10
15639.583
20
4567.592
10
15562.583
20
4567.592
0
LWPOLYLINE
5
8E6D
100
AcDbEntity
8
Panels
100
AcDbPolyline
90
4
70
1
38
-37.944
10
15330.833
20
4529.123
10
15407.833
20
4529.123
10
15407.833
20
4567.592
10
15330.833
20
4567.592
0
LWPOLYLINE
5
8E6C
100
AcDbEntity
8
Panels
100
AcDbPolyline
90
4
70
1
38
-37.944
10
15253.583
20
4529.123
10
15330.583
20
4529.123
10
15330.583
20
4567.592
10
15253.583
20
4567.592
0
LWPOLYLINE
5
8E6B
100
AcDbEntity
8
Panels
100
AcDbPolyline
90
4
70
1
38
-37.944
10
15176.333
20
4529.123
10
15253.333
20
4529.123
10
15253.333
20
4567.592
10
15176.333
20
4567.592
0
LWPOLYLINE
5
8E6A
100
AcDbEntity
8
Panels
100
AcDbPolyline
90
4
70
1
38
-37.944
10
14790.083
20
4529.123
10
14867.083
20
4529.123
10
14867.083
20
4567.592
10
14790.083
20
4567.592
0
LWPOLYLINE
5
8E69
100
AcDbEntity
8
Panels
100
AcDbPolyline
90
4
70
1
38
-37.944
10
14481.083
20
4529.123
10
14558.083
20
4529.123
10
14558.083
20
4567.592
10
14481.083
20
4567.592
0
LWPOLYLINE
5
8E68
100
AcDbEntity
8
Panels
100
AcDbPolyline
90
4
70
1
38
-37.944
10
14403.833
20
4529.123
10
14480.833
20
4529.123
10
14480.833
20
4567.592
10
14403.833
20
4567.592
0
LWPOLYLINE
5
8E67
100
AcDbEntity
8
Panels
100
AcDbPolyline
90
4
70
1
38
-37.944
10
14326.583
20
4529.123
10
14403.583
20
4529.123
10
14403.583
20
4567.592
10
14326.583
20
4567.592
0
LWPOLYLINE
5
8E66
100
AcDbEntity
8
Panels
100
AcDbPolyline
90
4
70
1
38
-37.944
10
14249.333
20
4529.123
10
14326.333
20
4529.123
10
14326.333
20
4567.592
10
14249.333
20
4567.592
0
LWPOLYLINE
5
8E65
100
AcDbEntity
8
Panels
100
AcDbPolyline
90
4
70
1
38
-37.944
10
14172.083
20
4529.123
10
14249.083
20
4529.123
10
14249.083
20
4567.592
10
14172.083
20
4567.592
0
LWPOLYLINE
5
8E64
100
AcDbEntity
8
Panels
100
AcDbPolyline
90
4
70
1
38
-37.944
10
14094.833
20
4529.123
10
14171.833
20
4529.123
10
14171.833
20
4567.592
10
14094.833
20
4567.592
0
LWPOLYLINE
5
8E63
100
AcDbEntity
8
Panels
100
AcDbPolyline
90
4
70
1
38
-37.944
10
14017.583
20
4529.123
10
14094.583
20
4529.123
10
14094.583
20
4567.592
10
14017.583
20
4567.592
0
LWPOLYLINE
5
8E62
100
AcDbEntity
8
Panels
100
AcDbPolyline
90
4
70
1
38
-37.944
10
13940.333
20
4529.123
10
14017.333
20
4529.123
10
14017.333
20
4567.592
10
13940.333
20
4567.592
0
LWPOLYLINE
5
8E61
100
AcDbEntity
8
Panels
100
AcDbPolyline
90
4
70
1
38
-37.944
10
15099.083
20
4586.93
10
15176.083
20
4586.93
10
15176.083
20
4625.399
10
15099.083
20
4625.399
0
LWPOLYLINE
5
8E60
100
AcDbEntity
8
Panels
100
AcDbPolyline
90
4
70
1
38
-37.944
10
15021.833
20
4586.93
10
15098.833
20
4586.93
10
15098.833
20
4625.399
10
15021.833
20
4625.399
0
LWPOLYLINE
5
8E5F
100
AcDbEntity
8
Panels
100
AcDbPolyline
90
4
70
1
38
-37.944
10
14944.583
20
4586.93
10
15021.583
20
4586.93
10
15021.583
20
4625.399
10
14944.583
20
4625.399
0
LWPOLYLINE
5
8E5E
100
AcDbEntity
8
Panels
100
AcDbPolyline
90
4
70
1
38
-37.944
10
14867.333
20
4586.93
10
14944.333
20
4586.93
10
14944.333
20
4625.399
10
14867.333
20
4625.399
0
LWPOLYLINE
5
8E5D
100
AcDbEntity
8
Panels
100
AcDbPolyline
90
4
70
1
38
-37.944
10
15408.083
20
4586.93
10
15485.083
20
4586.93
10
15485.083
20
4625.399
10
15408.083
20
4625.399
0
LWPOLYLINE
5
8E5C
100
AcDbEntity
8
Panels
100
AcDbPolyline
90
4
70
1
38
-37.944
10
15562.583
20
4586.93
10
15639.583
20
4586.93
10
15639.583
20
4625.399
10
15562.583
20
4625.399
0
LWPOLYLINE
5
8E5B
100
AcDbEntity
8
Panels
100
AcDbPolyline
90
4
70
1
38
-37.944
10
15330.833
20
4586.93
10
15407.833
20
4586.93
10
15407.833
20
4625.399
10
15330.833
20
4625.399
0
LWPOLYLINE
5
8E5A
100
AcDbEntity
8
Panels
100
AcDbPolyline
90
4
70
1
38
-37.944
10
15253.583
20
4586.93
10
15330.583
20
4586.93
10
15330.583
20
4625.399
10
15253.583
20
4625.399
0
LWPOLYLINE
5
8E59
100
AcDbEntity
8
Panels
100
AcDbPolyline
90
4
70
1
38
-37.944
10
15176.333
20
4586.93
10
15253.333
20
4586.93
10
15253.333
20
4625.399
10
15176.333
20
4625.399
0
LWPOLYLINE
5
8E58
100
AcDbEntity
8
Panels
100
AcDbPolyline
90
4
70
1
38
-37.944
10
14790.083
20
4586.93
10
14867.083
20
4586.93
10
14867.083
20
4625.399
10
14790.083
20
4625.399
0
LWPOLYLINE
5
8E57
100
AcDbEntity
8
Panels
100
AcDbPolyline
90
4
70
1
38
-37.944
10
14481.083
20
4586.93
10
14558.083
20
4586.93
10
14558.083
20
4625.399
10
14481.083
20
4625.399
0
LWPOLYLINE
5
8E56
100
AcDbEntity
8
Panels
100
AcDbPolyline
90
4
70
1
38
-37.944
10
14403.833
20
4586.93
10
14480.833
20
4586.93
10
14480.833
20
4625.399
10
14403.833
20
4625.399
0
LWPOLYLINE
5
8E55
100
AcDbEntity
8
Panels
100
AcDbPolyline
90
4
70
1
38
-37.944
10
14326.583
20
4586.93
10
14403.583
20
4586.93
10
14403.583
20
4625.399
10
14326.583
20
4625.399
0
LWPOLYLINE
5
8E54
100
AcDbEntity
8
Panels
100
AcDbPolyline
90
4
70
1
38
-37.944
10
14249.333
20
4586.93
10
14326.333
20
4586.93
10
14326.333
20
4625.399
10
14249.333
20
4625.399
0
LWPOLYLINE
5
8E53
100
AcDbEntity
8
Panels
100
AcDbPolyline
90
4
70
1
38
-37.944
10
14172.083
20
4586.93
10
14249.083
20
4586.93
10
14249.083
20
4625.399
10
14172.083
20
4625.399
0
LWPOLYLINE
5
8E52
100
AcDbEntity
8
Panels
100
AcDbPolyline
90
4
70
1
38
-37.944
10
14094.833
20
4586.93
10
14171.833
20
4586.93
10
14171.833
20
4625.399
10
14094.833
20
4625.399
0
LWPOLYLINE
5
8E51
100
AcDbEntity
8
Panels
100
AcDbPolyline
90
4
70
1
38
-37.944
10
14017.583
20
4586.93
10
14094.583
20
4586.93
10
14094.583
20
4625.399
10
14017.583
20
4625.399
0
LWPOLYLINE
5
8E50
100
AcDbEntity
8
Panels
100
AcDbPolyline
90
4
70
1
38
-37.944
10
13940.333
20
4586.93
10
14017.333
20
4586.93
10
14017.333
20
4625.399
10
13940.333
20
4625.399
0
LWPOLYLINE
5
8E4F
100
AcDbEntity
8
Panels
100
AcDbPolyline
90
4
70
1
38
-37.944
10
15099.083
20
4644.737
10
15176.083
20
4644.737
10
15176.083
20
4683.205
10
15099.083
20
4683.205
0
LWPOLYLINE
5
8E4E
100
AcDbEntity
8
Panels
100
AcDbPolyline
90
4
70
1
38
-37.944
10
15021.833
20
4644.737
10
15098.833
20
4644.737
10
15098.833
20
4683.205
10
15021.833
20
4683.205
0
LWPOLYLINE
5
8E4D
100
AcDbEntity
8
Panels
100
AcDbPolyline
90
4
70
1
38
-37.944
10
14944.583
20
4644.737
10
15021.583
20
4644.737
10
15021.583
20
4683.205
10
14944.583
20
4683.205
0
LWPOLYLINE
5
8E4C
100
AcDbEntity
8
Panels
100
AcDbPolyline
90
4
70
1
38
-37.944
10
14867.333
20
4644.737
10
14944.333
20
4644.737
10
14944.333
20
4683.205
10
14867.333
20
4683.205
0
LWPOLYLINE
5
8E4B
100
AcDbEntity
8
Panels
100
AcDbPolyline
90
4
70
1
38
-37.944
10
15330.833
20
4644.737
10
15407.833
20
4644.737
10
15407.833
20
4683.205
10
15330.833
20
4683.205
0
LWPOLYLINE
5
8E4A
100
AcDbEntity
8
Panels
100
AcDbPolyline
90
4
70
1
38
-37.944
10
15253.583
20
4644.737
10
15330.583
20
4644.737
10
15330.583
20
4683.205
10
15253.583
20
4683.205
0
LWPOLYLINE
5
8E49
100
AcDbEntity
8
Panels
100
AcDbPolyline
90
4
70
1
38
-37.944
10
15176.333
20
4644.737
10
15253.333
20
4644.737
10
15253.333
20
4683.205
10
15176.333
20
4683.205
0
LWPOLYLINE
5
8E48
100
AcDbEntity
8
Panels
100
AcDbPolyline
90
4
70
1
38
-37.944
10
14790.083
20
4644.737
10
14867.083
20
4644.737
10
14867.083
20
4683.205
10
14790.083
20
4683.205
0
LWPOLYLINE
5
8E47
100
AcDbEntity
8
Panels
100
AcDbPolyline
90
4
70
1
38
-37.944
10
14481.083
20
4644.737
10
14558.083
20
4644.737
10
14558.083
20
4683.205
10
14481.083
20
4683.205
0
LWPOLYLINE
5
8E46
100
AcDbEntity
8
Panels
100
AcDbPolyline
90
4
70
1
38
-37.944
10
14403.833
20
4644.737
10
14480.833
20
4644.737
10
14480.833
20
4683.205
10
14403.833
20
4683.205
0
LWPOLYLINE
5
8E45
100
AcDbEntity
8
Panels
100
AcDbPolyline
90
4
70
1
38
-37.944
10
14326.583
20
4644.737
10
14403.583
20
4644.737
10
14403.583
20
4683.205
10
14326.583
20
4683.205
0
LWPOLYLINE
5
8E44
100
AcDbEntity
8
Panels
100
AcDbPolyline
90
4
70
1
38
-37.944
10
14249.333
20
4644.737
10
14326.333
20
4644.737
10
14326.333
20
4683.205
10
14249.333
20
4683.205
0
LWPOLYLINE
5
8E43
100
AcDbEntity
8
Panels
100
AcDbPolyline
90
4
70
1
38
-37.944
10
14172.083
20
4644.737
10
14249.083
20
4644.737
10
14249.083
20
4683.205
10
14172.083
20
4683.205
0
LWPOLYLINE
5
8E42
100
AcDbEntity
8
Panels
100
AcDbPolyline
90
4
70
1
38
-37.944
10
14094.833
20
4644.737
10
14171.833
20
4644.737
10
14171.833
20
4683.205
10
14094.833
20
4683.205
0
LWPOLYLINE
5
8E41
100
AcDbEntity
8
Panels
100
AcDbPolyline
90
4
70
1
38
-37.944
10
14017.583
20
4644.737
10
14094.583
20
4644.737
10
14094.583
20
4683.205
10
14017.583
20
4683.205
0
LWPOLYLINE
5
8E40
100
AcDbEntity
8
Panels
100
AcDbPolyline
90
4
70
1
38
-37.944
10
13940.333
20
4644.737
10
14017.333
20
4644.737
10
14017.333
20
4683.205
10
13940.333
20
4683.205
0
LWPOLYLINE
5
8E3F
100
AcDbEntity
8
Panels
100
AcDbPolyline
90
4
70
1
38
-37.944
10
15099.083
20
4702.543
10
15176.083
20
4702.543
10
15176.083
20
4741.012
10
15099.083
20
4741.012
0
LWPOLYLINE
5
8E3E
100
AcDbEntity
8
Panels
100
AcDbPolyline
90
4
70
1
38
-37.944
10
15021.833
20
4702.543
10
15098.833
20
4702.543
10
15098.833
20
4741.012
10
15021.833
20
4741.012
0
LWPOLYLINE
5
8E3D
100
AcDbEntity
8
Panels
100
AcDbPolyline
90
4
70
1
38
-37.944
10
14944.583
20
4702.543
10
15021.583
20
4702.543
10
15021.583
20
4741.012
10
14944.583
20
4741.012
0
LWPOLYLINE
5
8E3C
100
AcDbEntity
8
Panels
100
AcDbPolyline
90
4
70
1
38
-37.944
10
14867.333
20
4702.543
10
14944.333
20
4702.543
10
14944.333
20
4741.012
10
14867.333
20
4741.012
0
LWPOLYLINE
5
8E3B
100
AcDbEntity
8
Panels
100
AcDbPolyline
90
4
70
1
38
-37.944
10
15330.833
20
4702.543
10
15407.833
20
4702.543
10
15407.833
20
4741.012
10
15330.833
20
4741.012
0
LWPOLYLINE
5
8E3A
100
AcDbEntity
8
Panels
100
AcDbPolyline
90
4
70
1
38
-37.944
10
15253.583
20
4702.543
10
15330.583
20
4702.543
10
15330.583
20
4741.012
10
15253.583
20
4741.012
0
LWPOLYLINE
5
8E39
100
AcDbEntity
8
Panels
100
AcDbPolyline
90
4
70
1
38
-37.944
10
15176.333
20
4702.543
10
15253.333
20
4702.543
10
15253.333
20
4741.012
10
15176.333
20
4741.012
0
LWPOLYLINE
5
8E38
100
AcDbEntity
8
Panels
100
AcDbPolyline
90
4
70
1
38
-37.944
10
14790.083
20
4702.543
10
14867.083
20
4702.543
10
14867.083
20
4741.012
10
14790.083
20
4741.012
0
LWPOLYLINE
5
8E37
100
AcDbEntity
8
Panels
100
AcDbPolyline
90
4
70
1
38
-37.944
10
14712.833
20
4702.543
10
14789.833
20
4702.543
10
14789.833
20
4741.012
10
14712.833
20
4741.012
0
LWPOLYLINE
5
8E36
100
AcDbEntity
8
Panels
100
AcDbPolyline
90
4
70
1
38
-37.944
10
14558.333
20
4702.543
10
14635.333
20
4702.543
10
14635.333
20
4741.012
10
14558.333
20
4741.012
0
LWPOLYLINE
5
8E35
100
AcDbEntity
8
Panels
100
AcDbPolyline
90
4
70
1
38
-37.944
10
14481.083
20
4702.543
10
14558.083
20
4702.543
10
14558.083
20
4741.012
10
14481.083
20
4741.012
0
LWPOLYLINE
5
8E34
100
AcDbEntity
8
Panels
100
AcDbPolyline
90
4
70
1
38
-37.944
10
14403.833
20
4702.543
10
14480.833
20
4702.543
10
14480.833
20
4741.012
10
14403.833
20
4741.012
0
LWPOLYLINE
5
8E33
100
AcDbEntity
8
Panels
100
AcDbPolyline
90
4
70
1
38
-37.944
10
14326.583
20
4702.543
10
14403.583
20
4702.543
10
14403.583
20
4741.012
10
14326.583
20
4741.012
0
LWPOLYLINE
5
8E32
100
AcDbEntity
8
Panels
100
AcDbPolyline
90
4
70
1
38
-37.944
10
14249.333
20
4702.543
10
14326.333
20
4702.543
10
14326.333
20
4741.012
10
14249.333
20
4741.012
0
LWPOLYLINE
5
8E31
100
AcDbEntity
8
Panels
100
AcDbPolyline
90
4
70
1
38
-37.944
10
14172.083
20
4702.543
10
14249.083
20
4702.543
10
14249.083
20
4741.012
10
14172.083
20
4741.012
0
LWPOLYLINE
5
8E30
100
AcDbEntity
8
Panels
100
AcDbPolyline
90
4
70
1
38
-37.944
10
14094.833
20
4702.543
10
14171.833
20
4702.543
10
14171.833
20
4741.012
10
14094.833
20
4741.012
0
LWPOLYLINE
5
8E2F
100
AcDbEntity
8
Panels
100
AcDbPolyline
90
4
70
1
38
-37.944
10
14017.583
20
4702.543
10
14094.583
20
4702.543
10
14094.583
20
4741.012
10
14017.583
20
4741.012
0
LWPOLYLINE
5
8E2E
100
AcDbEntity
8
Panels
100
AcDbPolyline
90
4
70
1
38
-37.944
10
13940.333
20
4702.543
10
14017.333
20
4702.543
10
14017.333
20
4741.012
10
13940.333
20
4741.012
0
LWPOLYLINE
5
8E2D
100
AcDbEntity
8
Panels
100
AcDbPolyline
90
4
70
1
38
-37.944
10
15099.083
20
4818.157
10
15176.083
20
4818.157
10
15176.083
20
4856.626
10
15099.083
20
4856.626
0
LWPOLYLINE
5
8E2C
100
AcDbEntity
8
Panels
100
AcDbPolyline
90
4
70
1
38
-37.944
10
15021.833
20
4818.157
10
15098.833
20
4818.157
10
15098.833
20
4856.626
10
15021.833
20
4856.626
0
LWPOLYLINE
5
8E2B
100
AcDbEntity
8
Panels
100
AcDbPolyline
90
4
70
1
38
-37.944
10
14944.583
20
4818.157
10
15021.583
20
4818.157
10
15021.583
20
4856.626
10
14944.583
20
4856.626
0
LWPOLYLINE
5
8E2A
100
AcDbEntity
8
Panels
100
AcDbPolyline
90
4
70
1
38
-37.944
10
14867.333
20
4818.157
10
14944.333
20
4818.157
10
14944.333
20
4856.626
10
14867.333
20
4856.626
0
LWPOLYLINE
5
8E29
100
AcDbEntity
8
Panels
100
AcDbPolyline
90
4
70
1
38
-37.944
10
15330.833
20
4818.157
10
15407.833
20
4818.157
10
15407.833
20
4856.626
10
15330.833
20
4856.626
0
LWPOLYLINE
5
8E28
100
AcDbEntity
8
Panels
100
AcDbPolyline
90
4
70
1
38
-37.944
10
15253.583
20
4818.157
10
15330.583
20
4818.157
10
15330.583
20
4856.626
10
15253.583
20
4856.626
0
LWPOLYLINE
5
8E27
100
AcDbEntity
8
Panels
100
AcDbPolyline
90
4
70
1
38
-37.944
10
15176.333
20
4818.157
10
15253.333
20
4818.157
10
15253.333
20
4856.626
10
15176.333
20
4856.626
0
LWPOLYLINE
5
8E26
100
AcDbEntity
8
Panels
100
AcDbPolyline
90
4
70
1
38
-37.944
10
14790.083
20
4818.157
10
14867.083
20
4818.157
10
14867.083
20
4856.626
10
14790.083
20
4856.626
0
LWPOLYLINE
5
8E25
100
AcDbEntity
8
Panels
100
AcDbPolyline
90
4
70
1
38
-37.944
10
14712.833
20
4818.157
10
14789.833
20
4818.157
10
14789.833
20
4856.626
10
14712.833
20
4856.626
0
LWPOLYLINE
5
8E24
100
AcDbEntity
8
Panels
100
AcDbPolyline
90
4
70
1
38
-37.944
10
14558.333
20
4818.157
10
14635.333
20
4818.157
10
14635.333
20
4856.626
10
14558.333
20
4856.626
0
LWPOLYLINE
5
8E23
100
AcDbEntity
8
Panels
100
AcDbPolyline
90
4
70
1
38
-37.944
10
14481.083
20
4818.157
10
14558.083
20
4818.157
10
14558.083
20
4856.626
10
14481.083
20
4856.626
0
LWPOLYLINE
5
8E22
100
AcDbEntity
8
Panels
100
AcDbPolyline
90
4
70
1
38
-37.944
10
14403.833
20
4818.157
10
14480.833
20
4818.157
10
14480.833
20
4856.626
10
14403.833
20
4856.626
0
LWPOLYLINE
5
8E21
100
AcDbEntity
8
Panels
100
AcDbPolyline
90
4
70
1
38
-37.944
10
14326.583
20
4818.157
10
14403.583
20
4818.157
10
14403.583
20
4856.626
10
14326.583
20
4856.626
0
LWPOLYLINE
5
8E20
100
AcDbEntity
8
Panels
100
AcDbPolyline
90
4
70
1
38
-37.944
10
14249.333
20
4818.157
10
14326.333
20
4818.157
10
14326.333
20
4856.626
10
14249.333
20
4856.626
0
LWPOLYLINE
5
8E1F
100
AcDbEntity
8
Panels
100
AcDbPolyline
90
4
70
1
38
-37.944
10
14172.083
20
4818.157
10
14249.083
20
4818.157
10
14249.083
20
4856.626
10
14172.083
20
4856.626
0
LWPOLYLINE
5
8E1E
100
AcDbEntity
8
Panels
100
AcDbPolyline
90
4
70
1
38
-37.944
10
14094.833
20
4818.157
10
14171.833
20
4818.157
10
14171.833
20
4856.626
10
14094.833
20
4856.626
0
LWPOLYLINE
5
8E1D
100
AcDbEntity
8
Panels
100
AcDbPolyline
90
4
70
1
38
-37.944
10
14017.583
20
4818.157
10
14094.583
20
4818.157
10
14094.583
20
4856.626
10
14017.583
20
4856.626
0
LWPOLYLINE
5
8E1C
100
AcDbEntity
8
Panels
100
AcDbPolyline
90
4
70
1
38
-37.944
10
13940.333
20
4818.157
10
14017.333
20
4818.157
10
14017.333
20
4856.626
10
13940.333
20
4856.626
0
LWPOLYLINE
5
889E
100
AcDbEntity
8
Panels
100
AcDbPolyline
90
4
70
1
38
-25.296
10
16881.966
20
3912.01
10
16958.966
20
3912.01
10
16958.966
20
3950.479
10
16881.966
20
3950.479
0
LWPOLYLINE
5
889D
100
AcDbEntity
8
Panels
100
AcDbPolyline
90
4
70
1
38
-25.296
10
16804.716
20
3912.01
10
16881.716
20
3912.01
10
16881.716
20
3950.479
10
16804.716
20
3950.479
0
LWPOLYLINE
5
889C
100
AcDbEntity
8
Panels
100
AcDbPolyline
90
4
70
1
38
-25.296
10
16727.466
20
3912.01
10
16804.466
20
3912.01
10
16804.466
20
3950.479
10
16727.466
20
3950.479
0
LWPOLYLINE
5
889B
100
AcDbEntity
8
Panels
100
AcDbPolyline
90
4
70
1
38
-25.296
10
16650.216
20
3912.01
10
16727.216
20
3912.01
10
16727.216
20
3950.479
10
16650.216
20
3950.479
0
LWPOLYLINE
5
889A
100
AcDbEntity
8
Panels
100
AcDbPolyline
90
4
70
1
38
-25.296
10
16572.966
20
3912.01
10
16649.966
20
3912.01
10
16649.966
20
3950.479
10
16572.966
20
3950.479
0
LWPOLYLINE
5
8899
100
AcDbEntity
8
Panels
100
AcDbPolyline
90
4
70
1
38
-25.296
10
16495.716
20
3912.01
10
16572.716
20
3912.01
10
16572.716
20
3950.479
10
16495.716
20
3950.479
0
LWPOLYLINE
5
8898
100
AcDbEntity
8
Panels
100
AcDbPolyline
90
4
70
1
38
-25.296
10
16418.466
20
3912.01
10
16495.466
20
3912.01
10
16495.466
20
3950.479
10
16418.466
20
3950.479
0
LWPOLYLINE
5
8897
100
AcDbEntity
8
Panels
100
AcDbPolyline
90
4
70
1
38
-25.296
10
16341.216
20
3912.01
10
16418.216
20
3912.01
10
16418.216
20
3950.479
10
16341.216
20
3950.479
0
LWPOLYLINE
5
8896
100
AcDbEntity
8
Panels
100
AcDbPolyline
90
4
70
1
38
-25.296
10
16263.966
20
3912.01
10
16340.966
20
3912.01
10
16340.966
20
3950.479
10
16263.966
20
3950.479
0
LWPOLYLINE
5
8895
100
AcDbEntity
8
Panels
100
AcDbPolyline
90
4
70
1
38
-25.296
10
16186.716
20
3912.01
10
16263.716
20
3912.01
10
16263.716
20
3950.479
10
16186.716
20
3950.479
0
LWPOLYLINE
5
8894
100
AcDbEntity
8
Panels
100
AcDbPolyline
90
4
70
1
38
-25.296
10
16109.466
20
3912.01
10
16186.466
20
3912.01
10
16186.466
20
3950.479
10
16109.466
20
3950.479
0
LWPOLYLINE
5
8893
100
AcDbEntity
8
Panels
100
AcDbPolyline
90
4
70
1
38
-25.296
10
16032.216
20
3912.01
10
16109.216
20
3912.01
10
16109.216
20
3950.479
10
16032.216
20
3950.479
0
LWPOLYLINE
5
8892
100
AcDbEntity
8
Panels
100
AcDbPolyline
90
4
70
1
38
-25.296
10
15954.966
20
3912.01
10
16031.966
20
3912.01
10
16031.966
20
3950.479
10
15954.966
20
3950.479
0
LWPOLYLINE
5
8891
100
AcDbEntity
8
Panels
100
AcDbPolyline
90
4
70
1
38
-25.296
10
16881.966
20
3160.522
10
16958.966
20
3160.522
10
16958.966
20
3198.991
10
16881.966
20
3198.991
0
LWPOLYLINE
5
8890
100
AcDbEntity
8
Panels
100
AcDbPolyline
90
4
70
1
38
-25.296
10
16804.716
20
3160.522
10
16881.716
20
3160.522
10
16881.716
20
3198.991
10
16804.716
20
3198.991
0
LWPOLYLINE
5
888F
100
AcDbEntity
8
Panels
100
AcDbPolyline
90
4
70
1
38
-25.296
10
16727.466
20
3160.522
10
16804.466
20
3160.522
10
16804.466
20
3198.991
10
16727.466
20
3198.991
0
LWPOLYLINE
5
888E
100
AcDbEntity
8
Panels
100
AcDbPolyline
90
4
70
1
38
-25.296
10
16650.216
20
3160.522
10
16727.216
20
3160.522
10
16727.216
20
3198.991
10
16650.216
20
3198.991
0
LWPOLYLINE
5
888D
100
AcDbEntity
8
Panels
100
AcDbPolyline
90
4
70
1
38
-25.296
10
16572.966
20
3160.522
10
16649.966
20
3160.522
10
16649.966
20
3198.991
10
16572.966
20
3198.991
0
LWPOLYLINE
5
888C
100
AcDbEntity
8
Panels
100
AcDbPolyline
90
4
70
1
38
-25.296
10
16495.716
20
3160.522
10
16572.716
20
3160.522
10
16572.716
20
3198.991
10
16495.716
20
3198.991
0
LWPOLYLINE
5
888B
100
AcDbEntity
8
Panels
100
AcDbPolyline
90
4
70
1
38
-25.296
10
16418.466
20
3160.522
10
16495.466
20
3160.522
10
16495.466
20
3198.991
10
16418.466
20
3198.991
0
LWPOLYLINE
5
888A
100
AcDbEntity
8
Panels
100
AcDbPolyline
90
4
70
1
38
-25.296
10
16341.216
20
3160.522
10
16418.216
20
3160.522
10
16418.216
20
3198.991
10
16341.216
20
3198.991
0
LWPOLYLINE
5
8889
100
AcDbEntity
8
Panels
100
AcDbPolyline
90
4
70
1
38
-25.296
10
16263.966
20
3160.522
10
16340.966
20
3160.522
10
16340.966
20
3198.991
10
16263.966
20
3198.991
0
LWPOLYLINE
5
8888
100
AcDbEntity
8
Panels
100
AcDbPolyline
90
4
70
1
38
-25.296
10
16186.716
20
3160.522
10
16263.716
20
3160.522
10
16263.716
20
3198.991
10
16186.716
20
3198.991
0
LWPOLYLINE
5
8887
100
AcDbEntity
8
Panels
100
AcDbPolyline
90
4
70
1
38
-25.296
10
16109.466
20
3160.522
10
16186.466
20
3160.522
10
16186.466
20
3198.991
10
16109.466
20
3198.991
0
LWPOLYLINE
5
8886
100
AcDbEntity
8
Panels
100
AcDbPolyline
90
4
70
1
38
-25.296
10
16032.216
20
3160.522
10
16109.216
20
3160.522
10
16109.216
20
3198.991
10
16032.216
20
3198.991
0
LWPOLYLINE
5
8885
100
AcDbEntity
8
Panels
100
AcDbPolyline
90
4
70
1
38
-25.296
10
15954.966
20
3160.522
10
16031.966
20
3160.522
10
16031.966
20
3198.991
10
15954.966
20
3198.991
0
LWPOLYLINE
5
8884
100
AcDbEntity
8
Panels
100
AcDbPolyline
90
4
70
1
38
-25.296
10
16881.966
20
3218.329
10
16958.966
20
3218.329
10
16958.966
20
3256.797
10
16881.966
20
3256.797
0
LWPOLYLINE
5
8883
100
AcDbEntity
8
Panels
100
AcDbPolyline
90
4
70
1
38
-25.296
10
16804.716
20
3218.329
10
16881.716
20
3218.329
10
16881.716
20
3256.797
10
16804.716
20
3256.797
0
LWPOLYLINE
5
8882
100
AcDbEntity
8
Panels
100
AcDbPolyline
90
4
70
1
38
-25.296
10
16727.466
20
3218.329
10
16804.466
20
3218.329
10
16804.466
20
3256.797
10
16727.466
20
3256.797
0
LWPOLYLINE
5
8881
100
AcDbEntity
8
Panels
100
AcDbPolyline
90
4
70
1
38
-25.296
10
16650.216
20
3218.329
10
16727.216
20
3218.329
10
16727.216
20
3256.797
10
16650.216
20
3256.797
0
LWPOLYLINE
5
8880
100
AcDbEntity
8
Panels
100
AcDbPolyline
90
4
70
1
38
-25.296
10
16572.966
20
3218.329
10
16649.966
20
3218.329
10
16649.966
20
3256.797
10
16572.966
20
3256.797
0
LWPOLYLINE
5
887F
100
AcDbEntity
8
Panels
100
AcDbPolyline
90
4
70
1
38
-25.296
10
16495.716
20
3218.329
10
16572.716
20
3218.329
10
16572.716
20
3256.797
10
16495.716
20
3256.797
0
LWPOLYLINE
5
887E
100
AcDbEntity
8
Panels
100
AcDbPolyline
90
4
70
1
38
-25.296
10
16418.466
20
3218.329
10
16495.466
20
3218.329
10
16495.466
20
3256.797
10
16418.466
20
3256.797
0
LWPOLYLINE
5
887D
100
AcDbEntity
8
Panels
100
AcDbPolyline
90
4
70
1
38
-25.296
10
16341.216
20
3218.329
10
16418.216
20
3218.329
10
16418.216
20
3256.797
10
16341.216
20
3256.797
0
LWPOLYLINE
5
887C
100
AcDbEntity
8
Panels
100
AcDbPolyline
90
4
70
1
38
-25.296
10
16263.966
20
3218.329
10
16340.966
20
3218.329
10
16340.966
20
3256.797
10
16263.966
20
3256.797
0
LWPOLYLINE
5
887B
100
AcDbEntity
8
Panels
100
AcDbPolyline
90
4
70
1
38
-25.296
10
16186.716
20
3218.329
10
16263.716
20
3218.329
10
16263.716
20
3256.797
10
16186.716
20
3256.797
0
LWPOLYLINE
5
887A
100
AcDbEntity
8
Panels
100
AcDbPolyline
90
4
70
1
38
-25.296
10
16109.466
20
3218.329
10
16186.466
20
3218.329
10
16186.466
20
3256.797
10
16109.466
20
3256.797
0
LWPOLYLINE
5
8879
100
AcDbEntity
8
Panels
100
AcDbPolyline
90
4
70
1
38
-25.296
10
16032.216
20
3218.329
10
16109.216
20
3218.329
10
16109.216
20
3256.797
10
16032.216
20
3256.797
0
LWPOLYLINE
5
8878
100
AcDbEntity
8
Panels
100
AcDbPolyline
90
4
70
1
38
-25.296
10
15954.966
20
3218.329
10
16031.966
20
3218.329
10
16031.966
20
3256.797
10
15954.966
20
3256.797
0
LWPOLYLINE
5
8877
100
AcDbEntity
8
Panels
100
AcDbPolyline
90
4
70
1
38
-25.296
10
16881.966
20
3276.135
10
16958.966
20
3276.135
10
16958.966
20
3314.604
10
16881.966
20
3314.604
0
LWPOLYLINE
5
8876
100
AcDbEntity
8
Panels
100
AcDbPolyline
90
4
70
1
38
-25.296
10
16804.716
20
3276.135
10
16881.716
20
3276.135
10
16881.716
20
3314.604
10
16804.716
20
3314.604
0
LWPOLYLINE
5
8875
100
AcDbEntity
8
Panels
100
AcDbPolyline
90
4
70
1
38
-25.296
10
16727.466
20
3276.135
10
16804.466
20
3276.135
10
16804.466
20
3314.604
10
16727.466
20
3314.604
0
LWPOLYLINE
5
8874
100
AcDbEntity
8
Panels
100
AcDbPolyline
90
4
70
1
38
-25.296
10
16650.216
20
3276.135
10
16727.216
20
3276.135
10
16727.216
20
3314.604
10
16650.216
20
3314.604
0
LWPOLYLINE
5
8873
100
AcDbEntity
8
Panels
100
AcDbPolyline
90
4
70
1
38
-25.296
10
16572.966
20
3276.135
10
16649.966
20
3276.135
10
16649.966
20
3314.604
10
16572.966
20
3314.604
0
LWPOLYLINE
5
8872
100
AcDbEntity
8
Panels
100
AcDbPolyline
90
4
70
1
38
-25.296
10
16495.716
20
3276.135
10
16572.716
20
3276.135
10
16572.716
20
3314.604
10
16495.716
20
3314.604
0
LWPOLYLINE
5
8871
100
AcDbEntity
8
Panels
100
AcDbPolyline
90
4
70
1
38
-25.296
10
16418.466
20
3276.135
10
16495.466
20
3276.135
10
16495.466
20
3314.604
10
16418.466
20
3314.604
0
LWPOLYLINE
5
8870
100
AcDbEntity
8
Panels
100
AcDbPolyline
90
4
70
1
38
-25.296
10
16341.216
20
3276.135
10
16418.216
20
3276.135
10
16418.216
20
3314.604
10
16341.216
20
3314.604
0
LWPOLYLINE
5
886F
100
AcDbEntity
8
Panels
100
AcDbPolyline
90
4
70
1
38
-25.296
10
16263.966
20
3276.135
10
16340.966
20
3276.135
10
16340.966
20
3314.604
10
16263.966
20
3314.604
0
LWPOLYLINE
5
886E
100
AcDbEntity
8
Panels
100
AcDbPolyline
90
4
70
1
38
-25.296
10
16186.716
20
3276.135
10
16263.716
20
3276.135
10
16263.716
20
3314.604
10
16186.716
20
3314.604
0
LWPOLYLINE
5
886D
100
AcDbEntity
8
Panels
100
AcDbPolyline
90
4
70
1
38
-25.296
10
16109.466
20
3276.135
10
16186.466
20
3276.135
10
16186.466
20
3314.604
10
16109.466
20
3314.604
0
LWPOLYLINE
5
886C
100
AcDbEntity
8
Panels
100
AcDbPolyline
90
4
70
1
38
-25.296
10
16032.216
20
3276.135
10
16109.216
20
3276.135
10
16109.216
20
3314.604
10
16032.216
20
3314.604
0
LWPOLYLINE
5
886B
100
AcDbEntity
8
Panels
100
AcDbPolyline
90
4
70
1
38
-25.296
10
15954.966
20
3276.135
10
16031.966
20
3276.135
10
16031.966
20
3314.604
10
15954.966
20
3314.604
0
LWPOLYLINE
5
886A
100
AcDbEntity
8
Panels
100
AcDbPolyline
90
4
70
1
38
-25.296
10
16881.966
20
3333.942
10
16958.966
20
3333.942
10
16958.966
20
3372.411
10
16881.966
20
3372.411
0
LWPOLYLINE
5
8869
100
AcDbEntity
8
Panels
100
AcDbPolyline
90
4
70
1
38
-25.296
10
16804.716
20
3333.942
10
16881.716
20
3333.942
10
16881.716
20
3372.411
10
16804.716
20
3372.411
0
LWPOLYLINE
5
8868
100
AcDbEntity
8
Panels
100
AcDbPolyline
90
4
70
1
38
-25.296
10
16727.466
20
3333.942
10
16804.466
20
3333.942
10
16804.466
20
3372.411
10
16727.466
20
3372.411
0
LWPOLYLINE
5
8867
100
AcDbEntity
8
Panels
100
AcDbPolyline
90
4
70
1
38
-25.296
10
16650.216
20
3333.942
10
16727.216
20
3333.942
10
16727.216
20
3372.411
10
16650.216
20
3372.411
0
LWPOLYLINE
5
8866
100
AcDbEntity
8
Panels
100
AcDbPolyline
90
4
70
1
38
-25.296
10
16572.966
20
3333.942
10
16649.966
20
3333.942
10
16649.966
20
3372.411
10
16572.966
20
3372.411
0
LWPOLYLINE
5
8865
100
AcDbEntity
8
Panels
100
AcDbPolyline
90
4
70
1
38
-25.296
10
16495.716
20
3333.942
10
16572.716
20
3333.942
10
16572.716
20
3372.411
10
16495.716
20
3372.411
0
LWPOLYLINE
5
8864
100
AcDbEntity
8
Panels
100
AcDbPolyline
90
4
70
1
38
-25.296
10
16418.466
20
3333.942
10
16495.466
20
3333.942
10
16495.466
20
3372.411
10
16418.466
20
3372.411
0
LWPOLYLINE
5
8863
100
AcDbEntity
8
Panels
100
AcDbPolyline
90
4
70
1
38
-25.296
10
16341.216
20
3333.942
10
16418.216
20
3333.942
10
16418.216
20
3372.411
10
16341.216
20
3372.411
0
LWPOLYLINE
5
8862
100
AcDbEntity
8
Panels
100
AcDbPolyline
90
4
70
1
38
-25.296
10
16263.966
20
3333.942
10
16340.966
20
3333.942
10
16340.966
20
3372.411
10
16263.966
20
3372.411
0
LWPOLYLINE
5
8861
100
AcDbEntity
8
Panels
100
AcDbPolyline
90
4
70
1
38
-25.296
10
16186.716
20
3333.942
10
16263.716
20
3333.942
10
16263.716
20
3372.411
10
16186.716
20
3372.411
0
LWPOLYLINE
5
8860
100
AcDbEntity
8
Panels
100
AcDbPolyline
90
4
70
1
38
-25.296
10
16109.466
20
3333.942
10
16186.466
20
3333.942
10
16186.466
20
3372.411
10
16109.466
20
3372.411
0
LWPOLYLINE
5
885F
100
AcDbEntity
8
Panels
100
AcDbPolyline
90
4
70
1
38
-25.296
10
16032.216
20
3333.942
10
16109.216
20
3333.942
10
16109.216
20
3372.411
10
16032.216
20
3372.411
0
LWPOLYLINE
5
885E
100
AcDbEntity
8
Panels
100
AcDbPolyline
90
4
70
1
38
-25.296
10
15954.966
20
3333.942
10
16031.966
20
3333.942
10
16031.966
20
3372.411
10
15954.966
20
3372.411
0
LWPOLYLINE
5
885D
100
AcDbEntity
8
Panels
100
AcDbPolyline
90
4
70
1
38
-25.296
10
16881.966
20
3391.749
10
16958.966
20
3391.749
10
16958.966
20
3430.218
10
16881.966
20
3430.218
0
LWPOLYLINE
5
885C
100
AcDbEntity
8
Panels
100
AcDbPolyline
90
4
70
1
38
-25.296
10
16804.716
20
3391.749
10
16881.716
20
3391.749
10
16881.716
20
3430.218
10
16804.716
20
3430.218
0
LWPOLYLINE
5
885B
100
AcDbEntity
8
Panels
100
AcDbPolyline
90
4
70
1
38
-25.296
10
16727.466
20
3391.749
10
16804.466
20
3391.749
10
16804.466
20
3430.218
10
16727.466
20
3430.218
0
LWPOLYLINE
5
885A
100
AcDbEntity
8
Panels
100
AcDbPolyline
90
4
70
1
38
-25.296
10
16650.216
20
3391.749
10
16727.216
20
3391.749
10
16727.216
20
3430.218
10
16650.216
20
3430.218
0
LWPOLYLINE
5
8859
100
AcDbEntity
8
Panels
100
AcDbPolyline
90
4
70
1
38
-25.296
10
16572.966
20
3391.749
10
16649.966
20
3391.749
10
16649.966
20
3430.218
10
16572.966
20
3430.218
0
LWPOLYLINE
5
8858
100
AcDbEntity
8
Panels
100
AcDbPolyline
90
4
70
1
38
-25.296
10
16495.716
20
3391.749
10
16572.716
20
3391.749
10
16572.716
20
3430.218
10
16495.716
20
3430.218
0
LWPOLYLINE
5
8857
100
AcDbEntity
8
Panels
100
AcDbPolyline
90
4
70
1
38
-25.296
10
16418.466
20
3391.749
10
16495.466
20
3391.749
10
16495.466
20
3430.218
10
16418.466
20
3430.218
0
LWPOLYLINE
5
8856
100
AcDbEntity
8
Panels
100
AcDbPolyline
90
4
70
1
38
-25.296
10
16341.216
20
3391.749
10
16418.216
20
3391.749
10
16418.216
20
3430.218
10
16341.216
20
3430.218
0
LWPOLYLINE
5
8855
100
AcDbEntity
8
Panels
100
AcDbPolyline
90
4
70
1
38
-25.296
10
16263.966
20
3391.749
10
16340.966
20
3391.749
10
16340.966
20
3430.218
10
16263.966
20
3430.218
0
LWPOLYLINE
5
8854
100
AcDbEntity
8
Panels
100
AcDbPolyline
90
4
70
1
38
-25.296
10
16186.716
20
3391.749
10
16263.716
20
3391.749
10
16263.716
20
3430.218
10
16186.716
20
3430.218
0
LWPOLYLINE
5
8853
100
AcDbEntity
8
Panels
100
AcDbPolyline
90
4
70
1
38
-25.296
10
16109.466
20
3391.749
10
16186.466
20
3391.749
10
16186.466
20
3430.218
10
16109.466
20
3430.218
0
LWPOLYLINE
5
8852
100
AcDbEntity
8
Panels
100
AcDbPolyline
90
4
70
1
38
-25.296
10
16032.216
20
3391.749
10
16109.216
20
3391.749
10
16109.216
20
3430.218
10
16032.216
20
3430.218
0
LWPOLYLINE
5
8851
100
AcDbEntity
8
Panels
100
AcDbPolyline
90
4
70
1
38
-25.296
10
15954.966
20
3391.749
10
16031.966
20
3391.749
10
16031.966
20
3430.218
10
15954.966
20
3430.218
0
LWPOLYLINE
5
8850
100
AcDbEntity
8
Panels
100
AcDbPolyline
90
4
70
1
38
-25.296
10
16881.966
20
3449.556
10
16958.966
20
3449.556
10
16958.966
20
3488.024
10
16881.966
20
3488.024
0
LWPOLYLINE
5
884F
100
AcDbEntity
8
Panels
100
AcDbPolyline
90
4
70
1
38
-25.296
10
16804.716
20
3449.556
10
16881.716
20
3449.556
10
16881.716
20
3488.024
10
16804.716
20
3488.024
0
LWPOLYLINE
5
884E
100
AcDbEntity
8
Panels
100
AcDbPolyline
90
4
70
1
38
-25.296
10
16727.466
20
3449.556
10
16804.466
20
3449.556
10
16804.466
20
3488.024
10
16727.466
20
3488.024
0
LWPOLYLINE
5
884D
100
AcDbEntity
8
Panels
100
AcDbPolyline
90
4
70
1
38
-25.296
10
16650.216
20
3449.556
10
16727.216
20
3449.556
10
16727.216
20
3488.024
10
16650.216
20
3488.024
0
LWPOLYLINE
5
884C
100
AcDbEntity
8
Panels
100
AcDbPolyline
90
4
70
1
38
-25.296
10
16572.966
20
3449.556
10
16649.966
20
3449.556
10
16649.966
20
3488.024
10
16572.966
20
3488.024
0
LWPOLYLINE
5
884B
100
AcDbEntity
8
Panels
100
AcDbPolyline
90
4
70
1
38
-25.296
10
16495.716
20
3449.556
10
16572.716
20
3449.556
10
16572.716
20
3488.024
10
16495.716
20
3488.024
0
LWPOLYLINE
5
884A
100
AcDbEntity
8
Panels
100
AcDbPolyline
90
4
70
1
38
-25.296
10
16418.466
20
3449.556
10
16495.466
20
3449.556
10
16495.466
20
3488.024
10
16418.466
20
3488.024
0
LWPOLYLINE
5
8849
100
AcDbEntity
8
Panels
100
AcDbPolyline
90
4
70
1
38
-25.296
10
16341.216
20
3449.556
10
16418.216
20
3449.556
10
16418.216
20
3488.024
10
16341.216
20
3488.024
0
LWPOLYLINE
5
8848
100
AcDbEntity
8
Panels
100
AcDbPolyline
90
4
70
1
38
-25.296
10
16263.966
20
3449.556
10
16340.966
20
3449.556
10
16340.966
20
3488.024
10
16263.966
20
3488.024
0
LWPOLYLINE
5
8847
100
AcDbEntity
8
Panels
100
AcDbPolyline
90
4
70
1
38
-25.296
10
16186.716
20
3449.556
10
16263.716
20
3449.556
10
16263.716
20
3488.024
10
16186.716
20
3488.024
0
LWPOLYLINE
5
8846
100
AcDbEntity
8
Panels
100
AcDbPolyline
90
4
70
1
38
-25.296
10
16109.466
20
3449.556
10
16186.466
20
3449.556
10
16186.466
20
3488.024
10
16109.466
20
3488.024
0
LWPOLYLINE
5
8845
100
AcDbEntity
8
Panels
100
AcDbPolyline
90
4
70
1
38
-25.296
10
16032.216
20
3449.556
10
16109.216
20
3449.556
10
16109.216
20
3488.024
10
16032.216
20
3488.024
0
LWPOLYLINE
5
8844
100
AcDbEntity
8
Panels
100
AcDbPolyline
90
4
70
1
38
-25.296
10
15954.966
20
3449.556
10
16031.966
20
3449.556
10
16031.966
20
3488.024
10
15954.966
20
3488.024
0
LWPOLYLINE
5
8843
100
AcDbEntity
8
Panels
100
AcDbPolyline
90
4
70
1
38
-25.296
10
16881.966
20
3507.362
10
16958.966
20
3507.362
10
16958.966
20
3545.831
10
16881.966
20
3545.831
0
LWPOLYLINE
5
8842
100
AcDbEntity
8
Panels
100
AcDbPolyline
90
4
70
1
38
-25.296
10
16804.716
20
3507.362
10
16881.716
20
3507.362
10
16881.716
20
3545.831
10
16804.716
20
3545.831
0
LWPOLYLINE
5
8841
100
AcDbEntity
8
Panels
100
AcDbPolyline
90
4
70
1
38
-25.296
10
16727.466
20
3507.362
10
16804.466
20
3507.362
10
16804.466
20
3545.831
10
16727.466
20
3545.831
0
LWPOLYLINE
5
8840
100
AcDbEntity
8
Panels
100
AcDbPolyline
90
4
70
1
38
-25.296
10
16650.216
20
3507.362
10
16727.216
20
3507.362
10
16727.216
20
3545.831
10
16650.216
20
3545.831
0
LWPOLYLINE
5
883F
100
AcDbEntity
8
Panels
100
AcDbPolyline
90
4
70
1
38
-25.296
10
16572.966
20
3507.362
10
16649.966
20
3507.362
10
16649.966
20
3545.831
10
16572.966
20
3545.831
0
LWPOLYLINE
5
883E
100
AcDbEntity
8
Panels
100
AcDbPolyline
90
4
70
1
38
-25.296
10
16495.716
20
3507.362
10
16572.716
20
3507.362
10
16572.716
20
3545.831
10
16495.716
20
3545.831
0
LWPOLYLINE
5
883D
100
AcDbEntity
8
Panels
100
AcDbPolyline
90
4
70
1
38
-25.296
10
16418.466
20
3507.362
10
16495.466
20
3507.362
10
16495.466
20
3545.831
10
16418.466
20
3545.831
0
LWPOLYLINE
5
883C
100
AcDbEntity
8
Panels
100
AcDbPolyline
90
4
70
1
38
-25.296
10
16341.216
20
3507.362
10
16418.216
20
3507.362
10
16418.216
20
3545.831
10
16341.216
20
3545.831
0
LWPOLYLINE
5
883B
100
AcDbEntity
8
Panels
100
AcDbPolyline
90
4
70
1
38
-25.296
10
16109.466
20
3507.362
10
16186.466
20
3507.362
10
16186.466
20
3545.831
10
16109.466
20
3545.831
0
LWPOLYLINE
5
883A
100
AcDbEntity
8
Panels
100
AcDbPolyline
90
4
70
1
38
-25.296
10
16032.216
20
3507.362
10
16109.216
20
3507.362
10
16109.216
20
3545.831
10
16032.216
20
3545.831
0
LWPOLYLINE
5
8839
100
AcDbEntity
8
Panels
100
AcDbPolyline
90
4
70
1
38
-25.296
10
15954.966
20
3507.362
10
16031.966
20
3507.362
10
16031.966
20
3545.831
10
15954.966
20
3545.831
0
LWPOLYLINE
5
8838
100
AcDbEntity
8
Panels
100
AcDbPolyline
90
4
70
1
38
-25.296
10
16881.966
20
3565.169
10
16958.966
20
3565.169
10
16958.966
20
3603.638
10
16881.966
20
3603.638
0
LWPOLYLINE
5
8837
100
AcDbEntity
8
Panels
100
AcDbPolyline
90
4
70
1
38
-25.296
10
16804.716
20
3565.169
10
16881.716
20
3565.169
10
16881.716
20
3603.638
10
16804.716
20
3603.638
0
LWPOLYLINE
5
8836
100
AcDbEntity
8
Panels
100
AcDbPolyline
90
4
70
1
38
-25.296
10
16727.466
20
3565.169
10
16804.466
20
3565.169
10
16804.466
20
3603.638
10
16727.466
20
3603.638
0
LWPOLYLINE
5
8835
100
AcDbEntity
8
Panels
100
AcDbPolyline
90
4
70
1
38
-25.296
10
16650.216
20
3565.169
10
16727.216
20
3565.169
10
16727.216
20
3603.638
10
16650.216
20
3603.638
0
LWPOLYLINE
5
8834
100
AcDbEntity
8
Panels
100
AcDbPolyline
90
4
70
1
38
-25.296
10
16572.966
20
3565.169
10
16649.966
20
3565.169
10
16649.966
20
3603.638
10
16572.966
20
3603.638
0
LWPOLYLINE
5
8833
100
AcDbEntity
8
Panels
100
AcDbPolyline
90
4
70
1
38
-25.296
10
16495.716
20
3565.169
10
16572.716
20
3565.169
10
16572.716
20
3603.638
10
16495.716
20
3603.638
0
LWPOLYLINE
5
8832
100
AcDbEntity
8
Panels
100
AcDbPolyline
90
4
70
1
38
-25.296
10
16418.466
20
3565.169
10
16495.466
20
3565.169
10
16495.466
20
3603.638
10
16418.466
20
3603.638
0
LWPOLYLINE
5
8831
100
AcDbEntity
8
Panels
100
AcDbPolyline
90
4
70
1
38
-25.296
10
16032.216
20
3565.169
10
16109.216
20
3565.169
10
16109.216
20
3603.638
10
16032.216
20
3603.638
0
LWPOLYLINE
5
8830
100
AcDbEntity
8
Panels
100
AcDbPolyline
90
4
70
1
38
-25.296
10
15954.966
20
3565.169
10
16031.966
20
3565.169
10
16031.966
20
3603.638
10
15954.966
20
3603.638
0
LWPOLYLINE
5
882F
100
AcDbEntity
8
Panels
100
AcDbPolyline
90
4
70
1
38
-25.296
10
16881.966
20
3622.976
10
16958.966
20
3622.976
10
16958.966
20
3661.445
10
16881.966
20
3661.445
0
LWPOLYLINE
5
882E
100
AcDbEntity
8
Panels
100
AcDbPolyline
90
4
70
1
38
-25.296
10
16804.716
20
3622.976
10
16881.716
20
3622.976
10
16881.716
20
3661.445
10
16804.716
20
3661.445
0
LWPOLYLINE
5
882D
100
AcDbEntity
8
Panels
100
AcDbPolyline
90
4
70
1
38
-25.296
10
16727.466
20
3622.976
10
16804.466
20
3622.976
10
16804.466
20
3661.445
10
16727.466
20
3661.445
0
LWPOLYLINE
5
882C
100
AcDbEntity
8
Panels
100
AcDbPolyline
90
4
70
1
38
-25.296
10
16650.216
20
3622.976
10
16727.216
20
3622.976
10
16727.216
20
3661.445
10
16650.216
20
3661.445
0
LWPOLYLINE
5
882B
100
AcDbEntity
8
Panels
100
AcDbPolyline
90
4
70
1
38
-25.296
10
16572.966
20
3622.976
10
16649.966
20
3622.976
10
16649.966
20
3661.445
10
16572.966
20
3661.445
0
LWPOLYLINE
5
882A
100
AcDbEntity
8
Panels
100
AcDbPolyline
90
4
70
1
38
-25.296
10
16495.716
20
3622.976
10
16572.716
20
3622.976
10
16572.716
20
3661.445
10
16495.716
20
3661.445
0
LWPOLYLINE
5
8829
100
AcDbEntity
8
Panels
100
AcDbPolyline
90
4
70
1
38
-25.296
10
16418.466
20
3622.976
10
16495.466
20
3622.976
10
16495.466
20
3661.445
10
16418.466
20
3661.445
0
LWPOLYLINE
5
8828
100
AcDbEntity
8
Panels
100
AcDbPolyline
90
4
70
1
38
-25.296
10
16032.216
20
3622.976
10
16109.216
20
3622.976
10
16109.216
20
3661.445
10
16032.216
20
3661.445
0
LWPOLYLINE
5
8827
100
AcDbEntity
8
Panels
100
AcDbPolyline
90
4
70
1
38
-25.296
10
15954.966
20
3622.976
10
16031.966
20
3622.976
10
16031.966
20
3661.445
10
15954.966
20
3661.445
0
LWPOLYLINE
5
8826
100
AcDbEntity
8
Panels
100
AcDbPolyline
90
4
70
1
38
-25.296
10
16881.966
20
3680.783
10
16958.966
20
3680.783
10
16958.966
20
3719.252
10
16881.966
20
3719.252
0
LWPOLYLINE
5
8825
100
AcDbEntity
8
Panels
100
AcDbPolyline
90
4
70
1
38
-25.296
10
16804.716
20
3680.783
10
16881.716
20
3680.783
10
16881.716
20
3719.252
10
16804.716
20
3719.252
0
LWPOLYLINE
5
8824
100
AcDbEntity
8
Panels
100
AcDbPolyline
90
4
70
1
38
-25.296
10
16727.466
20
3680.783
10
16804.466
20
3680.783
10
16804.466
20
3719.252
10
16727.466
20
3719.252
0
LWPOLYLINE
5
8823
100
AcDbEntity
8
Panels
100
AcDbPolyline
90
4
70
1
38
-25.296
10
16650.216
20
3680.783
10
16727.216
20
3680.783
10
16727.216
20
3719.252
10
16650.216
20
3719.252
0
LWPOLYLINE
5
8822
100
AcDbEntity
8
Panels
100
AcDbPolyline
90
4
70
1
38
-25.296
10
16572.966
20
3680.783
10
16649.966
20
3680.783
10
16649.966
20
3719.252
10
16572.966
20
3719.252
0
LWPOLYLINE
5
8821
100
AcDbEntity
8
Panels
100
AcDbPolyline
90
4
70
1
38
-25.296
10
16495.716
20
3680.783
10
16572.716
20
3680.783
10
16572.716
20
3719.252
10
16495.716
20
3719.252
0
LWPOLYLINE
5
8820
100
AcDbEntity
8
Panels
100
AcDbPolyline
90
4
70
1
38
-25.296
10
16418.466
20
3680.783
10
16495.466
20
3680.783
10
16495.466
20
3719.252
10
16418.466
20
3719.252
0
LWPOLYLINE
5
881F
100
AcDbEntity
8
Panels
100
AcDbPolyline
90
4
70
1
38
-25.296
10
16881.966
20
3738.59
10
16958.966
20
3738.59
10
16958.966
20
3777.058
10
16881.966
20
3777.058
0
LWPOLYLINE
5
881E
100
AcDbEntity
8
Panels
100
AcDbPolyline
90
4
70
1
38
-25.296
10
16804.716
20
3738.59
10
16881.716
20
3738.59
10
16881.716
20
3777.058
10
16804.716
20
3777.058
0
LWPOLYLINE
5
881D
100
AcDbEntity
8
Panels
100
AcDbPolyline
90
4
70
1
38
-25.296
10
16727.466
20
3738.59
10
16804.466
20
3738.59
10
16804.466
20
3777.058
10
16727.466
20
3777.058
0
LWPOLYLINE
5
881C
100
AcDbEntity
8
Panels
100
AcDbPolyline
90
4
70
1
38
-25.296
10
16650.216
20
3738.59
10
16727.216
20
3738.59
10
16727.216
20
3777.058
10
16650.216
20
3777.058
0
LWPOLYLINE
5
881B
100
AcDbEntity
8
Panels
100
AcDbPolyline
90
4
70
1
38
-25.296
10
16572.966
20
3738.59
10
16649.966
20
3738.59
10
16649.966
20
3777.058
10
16572.966
20
3777.058
0
LWPOLYLINE
5
881A
100
AcDbEntity
8
Panels
100
AcDbPolyline
90
4
70
1
38
-25.296
10
16495.716
20
3738.59
10
16572.716
20
3738.59
10
16572.716
20
3777.058
10
16495.716
20
3777.058
0
LWPOLYLINE
5
8819
100
AcDbEntity
8
Panels
100
AcDbPolyline
90
4
70
1
38
-25.296
10
16418.466
20
3738.59
10
16495.466
20
3738.59
10
16495.466
20
3777.058
10
16418.466
20
3777.058
0
LWPOLYLINE
5
8818
100
AcDbEntity
8
Panels
100
AcDbPolyline
90
4
70
1
38
-25.296
10
16341.216
20
3738.59
10
16418.216
20
3738.59
10
16418.216
20
3777.058
10
16341.216
20
3777.058
0
LWPOLYLINE
5
8817
100
AcDbEntity
8
Panels
100
AcDbPolyline
90
4
70
1
38
-25.296
10
16109.466
20
3738.59
10
16186.466
20
3738.59
10
16186.466
20
3777.058
10
16109.466
20
3777.058
0
LWPOLYLINE
5
8816
100
AcDbEntity
8
Panels
100
AcDbPolyline
90
4
70
1
38
-25.296
10
16032.216
20
3738.59
10
16109.216
20
3738.59
10
16109.216
20
3777.058
10
16032.216
20
3777.058
0
LWPOLYLINE
5
8815
100
AcDbEntity
8
Panels
100
AcDbPolyline
90
4
70
1
38
-25.296
10
16881.966
20
3796.396
10
16958.966
20
3796.396
10
16958.966
20
3834.865
10
16881.966
20
3834.865
0
LWPOLYLINE
5
8814
100
AcDbEntity
8
Panels
100
AcDbPolyline
90
4
70
1
38
-25.296
10
16804.716
20
3796.396
10
16881.716
20
3796.396
10
16881.716
20
3834.865
10
16804.716
20
3834.865
0
LWPOLYLINE
5
8813
100
AcDbEntity
8
Panels
100
AcDbPolyline
90
4
70
1
38
-25.296
10
16727.466
20
3796.396
10
16804.466
20
3796.396
10
16804.466
20
3834.865
10
16727.466
20
3834.865
0
LWPOLYLINE
5
8812
100
AcDbEntity
8
Panels
100
AcDbPolyline
90
4
70
1
38
-25.296
10
16650.216
20
3796.396
10
16727.216
20
3796.396
10
16727.216
20
3834.865
10
16650.216
20
3834.865
0
LWPOLYLINE
5
8811
100
AcDbEntity
8
Panels
100
AcDbPolyline
90
4
70
1
38
-25.296
10
16572.966
20
3796.396
10
16649.966
20
3796.396
10
16649.966
20
3834.865
10
16572.966
20
3834.865
0
LWPOLYLINE
5
8810
100
AcDbEntity
8
Panels
100
AcDbPolyline
90
4
70
1
38
-25.296
10
16495.716
20
3796.396
10
16572.716
20
3796.396
10
16572.716
20
3834.865
10
16495.716
20
3834.865
0
LWPOLYLINE
5
880F
100
AcDbEntity
8
Panels
100
AcDbPolyline
90
4
70
1
38
-25.296
10
16418.466
20
3796.396
10
16495.466
20
3796.396
10
16495.466
20
3834.865
10
16418.466
20
3834.865
0
LWPOLYLINE
5
880E
100
AcDbEntity
8
Panels
100
AcDbPolyline
90
4
70
1
38
-25.296
10
16341.216
20
3796.396
10
16418.216
20
3796.396
10
16418.216
20
3834.865
10
16341.216
20
3834.865
0
LWPOLYLINE
5
880D
100
AcDbEntity
8
Panels
100
AcDbPolyline
90
4
70
1
38
-25.296
10
16263.966
20
3796.396
10
16340.966
20
3796.396
10
16340.966
20
3834.865
10
16263.966
20
3834.865
0
LWPOLYLINE
5
880C
100
AcDbEntity
8
Panels
100
AcDbPolyline
90
4
70
1
38
-25.296
10
16186.716
20
3796.396
10
16263.716
20
3796.396
10
16263.716
20
3834.865
10
16186.716
20
3834.865
0
LWPOLYLINE
5
880B
100
AcDbEntity
8
Panels
100
AcDbPolyline
90
4
70
1
38
-25.296
10
16109.466
20
3796.396
10
16186.466
20
3796.396
10
16186.466
20
3834.865
10
16109.466
20
3834.865
0
LWPOLYLINE
5
880A
100
AcDbEntity
8
Panels
100
AcDbPolyline
90
4
70
1
38
-25.296
10
16032.216
20
3796.396
10
16109.216
20
3796.396
10
16109.216
20
3834.865
10
16032.216
20
3834.865
0
LWPOLYLINE
5
8809
100
AcDbEntity
8
Panels
100
AcDbPolyline
90
4
70
1
38
-25.296
10
16881.966
20
3854.203
10
16958.966
20
3854.203
10
16958.966
20
3892.672
10
16881.966
20
3892.672
0
LWPOLYLINE
5
8808
100
AcDbEntity
8
Panels
100
AcDbPolyline
90
4
70
1
38
-25.296
10
16804.716
20
3854.203
10
16881.716
20
3854.203
10
16881.716
20
3892.672
10
16804.716
20
3892.672
0
LWPOLYLINE
5
8807
100
AcDbEntity
8
Panels
100
AcDbPolyline
90
4
70
1
38
-25.296
10
16727.466
20
3854.203
10
16804.466
20
3854.203
10
16804.466
20
3892.672
10
16727.466
20
3892.672
0
LWPOLYLINE
5
8806
100
AcDbEntity
8
Panels
100
AcDbPolyline
90
4
70
1
38
-25.296
10
16650.216
20
3854.203
10
16727.216
20
3854.203
10
16727.216
20
3892.672
10
16650.216
20
3892.672
0
LWPOLYLINE
5
8805
100
AcDbEntity
8
Panels
100
AcDbPolyline
90
4
70
1
38
-25.296
10
16572.966
20
3854.203
10
16649.966
20
3854.203
10
16649.966
20
3892.672
10
16572.966
20
3892.672
0
LWPOLYLINE
5
8804
100
AcDbEntity
8
Panels
100
AcDbPolyline
90
4
70
1
38
-25.296
10
16495.716
20
3854.203
10
16572.716
20
3854.203
10
16572.716
20
3892.672
10
16495.716
20
3892.672
0
LWPOLYLINE
5
8803
100
AcDbEntity
8
Panels
100
AcDbPolyline
90
4
70
1
38
-25.296
10
16418.466
20
3854.203
10
16495.466
20
3854.203
10
16495.466
20
3892.672
10
16418.466
20
3892.672
0
LWPOLYLINE
5
8802
100
AcDbEntity
8
Panels
100
AcDbPolyline
90
4
70
1
38
-25.296
10
16341.216
20
3854.203
10
16418.216
20
3854.203
10
16418.216
20
3892.672
10
16341.216
20
3892.672
0
LWPOLYLINE
5
8801
100
AcDbEntity
8
Panels
100
AcDbPolyline
90
4
70
1
38
-25.296
10
16263.966
20
3854.203
10
16340.966
20
3854.203
10
16340.966
20
3892.672
10
16263.966
20
3892.672
0
LWPOLYLINE
5
8800
100
AcDbEntity
8
Panels
100
AcDbPolyline
90
4
70
1
38
-25.296
10
16186.716
20
3854.203
10
16263.716
20
3854.203
10
16263.716
20
3892.672
10
16186.716
20
3892.672
0
LWPOLYLINE
5
87FF
100
AcDbEntity
8
Panels
100
AcDbPolyline
90
4
70
1
38
-25.296
10
16109.466
20
3854.203
10
16186.466
20
3854.203
10
16186.466
20
3892.672
10
16109.466
20
3892.672
0
LWPOLYLINE
5
87FE
100
AcDbEntity
8
Panels
100
AcDbPolyline
90
4
70
1
38
-25.296
10
16032.216
20
3854.203
10
16109.216
20
3854.203
10
16109.216
20
3892.672
10
16032.216
20
3892.672
0
LWPOLYLINE
5
87FD
100
AcDbEntity
8
Panels
100
AcDbPolyline
90
4
70
1
38
-25.296
10
16881.966
20
3969.817
10
16958.966
20
3969.817
10
16958.966
20
4008.285
10
16881.966
20
4008.285
0
LWPOLYLINE
5
87FC
100
AcDbEntity
8
Panels
100
AcDbPolyline
90
4
70
1
38
-25.296
10
16804.716
20
3969.817
10
16881.716
20
3969.817
10
16881.716
20
4008.285
10
16804.716
20
4008.285
0
LWPOLYLINE
5
87FB
100
AcDbEntity
8
Panels
100
AcDbPolyline
90
4
70
1
38
-25.296
10
16727.466
20
3969.817
10
16804.466
20
3969.817
10
16804.466
20
4008.285
10
16727.466
20
4008.285
0
LWPOLYLINE
5
87FA
100
AcDbEntity
8
Panels
100
AcDbPolyline
90
4
70
1
38
-25.296
10
16650.216
20
3969.817
10
16727.216
20
3969.817
10
16727.216
20
4008.285
10
16650.216
20
4008.285
0
LWPOLYLINE
5
87F9
100
AcDbEntity
8
Panels
100
AcDbPolyline
90
4
70
1
38
-25.296
10
16572.966
20
3969.817
10
16649.966
20
3969.817
10
16649.966
20
4008.285
10
16572.966
20
4008.285
0
LWPOLYLINE
5
87F8
100
AcDbEntity
8
Panels
100
AcDbPolyline
90
4
70
1
38
-25.296
10
16495.716
20
3969.817
10
16572.716
20
3969.817
10
16572.716
20
4008.285
10
16495.716
20
4008.285
0
LWPOLYLINE
5
87F7
100
AcDbEntity
8
Panels
100
AcDbPolyline
90
4
70
1
38
-25.296
10
16418.466
20
3969.817
10
16495.466
20
3969.817
10
16495.466
20
4008.285
10
16418.466
20
4008.285
0
LWPOLYLINE
5
87F6
100
AcDbEntity
8
Panels
100
AcDbPolyline
90
4
70
1
38
-25.296
10
16341.216
20
3969.817
10
16418.216
20
3969.817
10
16418.216
20
4008.285
10
16341.216
20
4008.285
0
LWPOLYLINE
5
87F5
100
AcDbEntity
8
Panels
100
AcDbPolyline
90
4
70
1
38
-25.296
10
16263.966
20
3969.817
10
16340.966
20
3969.817
10
16340.966
20
4008.285
10
16263.966
20
4008.285
0
LWPOLYLINE
5
87F4
100
AcDbEntity
8
Panels
100
AcDbPolyline
90
4
70
1
38
-25.296
10
16186.716
20
3969.817
10
16263.716
20
3969.817
10
16263.716
20
4008.285
10
16186.716
20
4008.285
0
LWPOLYLINE
5
87F3
100
AcDbEntity
8
Panels
100
AcDbPolyline
90
4
70
1
38
-25.296
10
16109.466
20
3969.817
10
16186.466
20
3969.817
10
16186.466
20
4008.285
10
16109.466
20
4008.285
0
LWPOLYLINE
5
87F2
100
AcDbEntity
8
Panels
100
AcDbPolyline
90
4
70
1
38
-25.296
10
16032.216
20
3969.817
10
16109.216
20
3969.817
10
16109.216
20
4008.285
10
16032.216
20
4008.285
0
LWPOLYLINE
5
87F1
100
AcDbEntity
8
Panels
100
AcDbPolyline
90
4
70
1
38
-25.296
10
15954.966
20
3969.817
10
16031.966
20
3969.817
10
16031.966
20
4008.285
10
15954.966
20
4008.285
0
LWPOLYLINE
5
863D
100
AcDbEntity
8
Panels
100
AcDbPolyline
90
4
70
1
38
0.0
10
21019.429
20
2601.594
10
21098.741
20
2603.256
10
21097.933
20
2641.861
10
21018.62
20
2640.2
0
LWPOLYLINE
5
863C
100
AcDbEntity
8
Panels
100
AcDbPolyline
90
4
70
1
38
0.0
10
20939.866
20
2599.928
10
21019.179
20
2601.589
10
21018.37
20
2640.195
10
20939.057
20
2638.533
0
LWPOLYLINE
5
863B
100
AcDbEntity
8
Panels
100
AcDbPolyline
90
4
70
1
38
0.0
10
20860.304
20
2598.261
10
20939.616
20
2599.922
10
20938.808
20
2638.528
10
20859.495
20
2636.867
0
LWPOLYLINE
5
863A
100
AcDbEntity
8
Panels
100
AcDbPolyline
90
4
70
1
38
0.0
10
20780.741
20
2596.594
10
20860.054
20
2598.256
10
20859.245
20
2636.862
10
20779.932
20
2635.2
0
LWPOLYLINE
5
8639
100
AcDbEntity
8
Panels
100
AcDbPolyline
90
4
70
1
38
0.0
10
20701.178
20
2594.928
10
20780.491
20
2596.589
10
20779.682
20
2635.195
10
20700.37
20
2633.534
0
LWPOLYLINE
5
8638
100
AcDbEntity
8
Panels
100
AcDbPolyline
90
4
70
1
38
0.0
10
20621.616
20
2593.261
10
20700.929
20
2594.923
10
20700.12
20
2633.528
10
20620.807
20
2631.867
0
LWPOLYLINE
5
8637
100
AcDbEntity
8
Panels
100
AcDbPolyline
90
4
70
1
38
0.0
10
21020.646
20
2543.493
10
21099.958
20
2545.154
10
21099.15
20
2583.76
10
21019.837
20
2582.099
0
LWPOLYLINE
5
8636
100
AcDbEntity
8
Panels
100
AcDbPolyline
90
4
70
1
38
0.0
10
20941.083
20
2541.826
10
21020.396
20
2543.487
10
21019.587
20
2582.093
10
20940.275
20
2580.432
0
LWPOLYLINE
5
8635
100
AcDbEntity
8
Panels
100
AcDbPolyline
90
4
70
1
38
0.0
10
20861.521
20
2540.159
10
20940.833
20
2541.821
10
20940.025
20
2580.427
10
20860.712
20
2578.765
0
LWPOLYLINE
5
8634
100
AcDbEntity
8
Panels
100
AcDbPolyline
90
4
70
1
38
0.0
10
20781.958
20
2538.493
10
20861.271
20
2540.154
10
20860.462
20
2578.76
10
20781.149
20
2577.099
0
LWPOLYLINE
5
8633
100
AcDbEntity
8
Panels
100
AcDbPolyline
90
4
70
1
38
0.0
10
20702.396
20
2536.826
10
20781.708
20
2538.488
10
20780.899
20
2577.093
10
20701.587
20
2575.432
0
LWPOLYLINE
5
8632
100
AcDbEntity
8
Panels
100
AcDbPolyline
90
4
70
1
38
0.0
10
20622.833
20
2535.16
10
20702.146
20
2536.821
10
20701.337
20
2575.427
10
20622.024
20
2573.766
0
LWPOLYLINE
5
8631
100
AcDbEntity
8
Panels
100
AcDbPolyline
90
4
70
1
38
0.0
10
21021.863
20
2485.391
10
21101.175
20
2487.052
10
21100.367
20
2525.658
10
21021.054
20
2523.997
0
LWPOLYLINE
5
8630
100
AcDbEntity
8
Panels
100
AcDbPolyline
90
4
70
1
38
0.0
10
20942.3
20
2483.725
10
21021.613
20
2485.386
10
21020.804
20
2523.992
10
20941.492
20
2522.33
0
LWPOLYLINE
5
862F
100
AcDbEntity
8
Panels
100
AcDbPolyline
90
4
70
1
38
0.0
10
20862.738
20
2482.058
10
20942.05
20
2483.719
10
20941.242
20
2522.325
10
20861.929
20
2520.664
0
LWPOLYLINE
5
862E
100
AcDbEntity
8
Panels
100
AcDbPolyline
90
4
70
1
38
0.0
10
20783.175
20
2480.391
10
20862.488
20
2482.053
10
20861.679
20
2520.659
10
20782.366
20
2518.997
0
LWPOLYLINE
5
862D
100
AcDbEntity
8
Panels
100
AcDbPolyline
90
4
70
1
38
0.0
10
20703.613
20
2478.725
10
20782.925
20
2480.386
10
20782.117
20
2518.992
10
20702.804
20
2517.331
0
LWPOLYLINE
5
862C
100
AcDbEntity
8
Panels
100
AcDbPolyline
90
4
70
1
38
0.0
10
20624.05
20
2477.058
10
20703.363
20
2478.719
10
20702.554
20
2517.325
10
20623.241
20
2515.664
0
LWPOLYLINE
5
862B
100
AcDbEntity
8
Panels
100
AcDbPolyline
90
4
70
1
38
0.0
10
21023.08
20
2427.29
10
21102.392
20
2428.951
10
21101.584
20
2467.557
10
21022.271
20
2465.895
0
LWPOLYLINE
5
862A
100
AcDbEntity
8
Panels
100
AcDbPolyline
90
4
70
1
38
0.0
10
20943.517
20
2425.623
10
21022.83
20
2427.284
10
21022.021
20
2465.89
10
20942.709
20
2464.229
0
LWPOLYLINE
5
8629
100
AcDbEntity
8
Panels
100
AcDbPolyline
90
4
70
1
38
0.0
10
20863.955
20
2423.956
10
20943.267
20
2425.618
10
20942.459
20
2464.224
10
20863.146
20
2462.562
0
LWPOLYLINE
5
8628
100
AcDbEntity
8
Panels
100
AcDbPolyline
90
4
70
1
38
0.0
10
20784.392
20
2422.29
10
20863.705
20
2423.951
10
20862.896
20
2462.557
10
20783.584
20
2460.896
0
LWPOLYLINE
5
8627
100
AcDbEntity
8
Panels
100
AcDbPolyline
90
4
70
1
38
0.0
10
20704.83
20
2420.623
10
20784.142
20
2422.285
10
20783.334
20
2460.89
10
20704.021
20
2459.229
0
LWPOLYLINE
5
8626
100
AcDbEntity
8
Panels
100
AcDbPolyline
90
4
70
1
38
0.0
10
20625.267
20
2418.957
10
20704.58
20
2420.618
10
20703.771
20
2459.224
10
20624.458
20
2457.562
0
LWPOLYLINE
5
8625
100
AcDbEntity
8
Panels
100
AcDbPolyline
90
4
70
1
38
0.0
10
21024.297
20
2369.188
10
21103.609
20
2370.849
10
21102.801
20
2409.455
10
21023.488
20
2407.794
0
LWPOLYLINE
5
8624
100
AcDbEntity
8
Panels
100
AcDbPolyline
90
4
70
1
38
0.0
10
20944.734
20
2367.521
10
21024.047
20
2369.183
10
21023.238
20
2407.789
10
20943.926
20
2406.127
0
LWPOLYLINE
5
8623
100
AcDbEntity
8
Panels
100
AcDbPolyline
90
4
70
1
38
0.0
10
20865.172
20
2365.855
10
20944.484
20
2367.516
10
20943.676
20
2406.122
10
20864.363
20
2404.461
0
LWPOLYLINE
5
8622
100
AcDbEntity
8
Panels
100
AcDbPolyline
90
4
70
1
38
0.0
10
20785.609
20
2364.188
10
20864.922
20
2365.85
10
20864.113
20
2404.455
10
20784.801
20
2402.794
0
LWPOLYLINE
5
8621
100
AcDbEntity
8
Panels
100
AcDbPolyline
90
4
70
1
38
0.0
10
20706.047
20
2362.522
10
20785.359
20
2364.183
10
20784.551
20
2402.789
10
20705.238
20
2401.127
0
LWPOLYLINE
5
8620
100
AcDbEntity
8
Panels
100
AcDbPolyline
90
4
70
1
38
0.0
10
20626.484
20
2360.855
10
20705.797
20
2362.516
10
20704.988
20
2401.122
10
20625.675
20
2399.461
0
LWPOLYLINE
5
861F
100
AcDbEntity
8
Panels
100
AcDbPolyline
90
4
70
1
38
0.0
10
21025.514
20
2311.086
10
21104.827
20
2312.748
10
21104.018
20
2351.354
10
21024.705
20
2349.692
0
LWPOLYLINE
5
861E
100
AcDbEntity
8
Panels
100
AcDbPolyline
90
4
70
1
38
0.0
10
20945.951
20
2309.42
10
21025.264
20
2311.081
10
21024.455
20
2349.687
10
20945.143
20
2348.026
0
LWPOLYLINE
5
861D
100
AcDbEntity
8
Panels
100
AcDbPolyline
90
4
70
1
38
0.0
10
20866.389
20
2307.753
10
20945.701
20
2309.415
10
20944.893
20
2348.02
10
20865.58
20
2346.359
0
LWPOLYLINE
5
861C
100
AcDbEntity
8
Panels
100
AcDbPolyline
90
4
70
1
38
0.0
10
20786.826
20
2306.087
10
20866.139
20
2307.748
10
20865.33
20
2346.354
10
20786.018
20
2344.692
0
LWPOLYLINE
5
861B
100
AcDbEntity
8
Panels
100
AcDbPolyline
90
4
70
1
38
0.0
10
20707.264
20
2304.42
10
20786.576
20
2306.081
10
20785.768
20
2344.687
10
20706.455
20
2343.026
0
LWPOLYLINE
5
861A
100
AcDbEntity
8
Panels
100
AcDbPolyline
90
4
70
1
38
0.0
10
20627.701
20
2302.753
10
20707.014
20
2304.415
10
20706.205
20
2343.021
10
20626.893
20
2341.359
0
LWPOLYLINE
5
8619
100
AcDbEntity
8
Panels
100
AcDbPolyline
90
4
70
1
38
0.0
10
21026.731
20
2252.985
10
21106.044
20
2254.646
10
21105.235
20
2293.252
10
21025.922
20
2291.591
0
LWPOLYLINE
5
8618
100
AcDbEntity
8
Panels
100
AcDbPolyline
90
4
70
1
38
0.0
10
20947.168
20
2251.318
10
21026.481
20
2252.98
10
21025.672
20
2291.585
10
20946.36
20
2289.924
0
LWPOLYLINE
5
8617
100
AcDbEntity
8
Panels
100
AcDbPolyline
90
4
70
1
38
0.0
10
20867.606
20
2249.652
10
20946.919
20
2251.313
10
20946.11
20
2289.919
10
20866.797
20
2288.257
0
LWPOLYLINE
5
8616
100
AcDbEntity
8
Panels
100
AcDbPolyline
90
4
70
1
38
0.0
10
20788.043
20
2247.985
10
20867.356
20
2249.646
10
20866.547
20
2288.252
10
20787.235
20
2286.591
0
LWPOLYLINE
5
8615
100
AcDbEntity
8
Panels
100
AcDbPolyline
90
4
70
1
38
0.0
10
20708.481
20
2246.318
10
20787.793
20
2247.98
10
20786.985
20
2286.586
10
20707.672
20
2284.924
0
LWPOLYLINE
5
8614
100
AcDbEntity
8
Panels
100
AcDbPolyline
90
4
70
1
38
0.0
10
20628.918
20
2244.652
10
20708.231
20
2246.313
10
20707.422
20
2284.919
10
20628.11
20
2283.258
0
LWPOLYLINE
5
8613
100
AcDbEntity
8
Panels
100
AcDbPolyline
90
4
70
1
38
0.0
10
21027.948
20
2194.883
10
21107.261
20
2196.545
10
21106.452
20
2235.15
10
21027.139
20
2233.489
0
LWPOLYLINE
5
8612
100
AcDbEntity
8
Panels
100
AcDbPolyline
90
4
70
1
38
0.0
10
20948.386
20
2193.217
10
21027.698
20
2194.878
10
21026.889
20
2233.484
10
20947.577
20
2231.823
0
LWPOLYLINE
5
8611
100
AcDbEntity
8
Panels
100
AcDbPolyline
90
4
70
1
38
0.0
10
20868.823
20
2191.55
10
20948.136
20
2193.211
10
20947.327
20
2231.817
10
20868.014
20
2230.156
0
LWPOLYLINE
5
8610
100
AcDbEntity
8
Panels
100
AcDbPolyline
90
4
70
1
38
0.0
10
20789.26
20
2189.883
10
20868.573
20
2191.545
10
20867.764
20
2230.151
10
20788.452
20
2228.489
0
LWPOLYLINE
5
860F
100
AcDbEntity
8
Panels
100
AcDbPolyline
90
4
70
1
38
0.0
10
20709.698
20
2188.217
10
20789.01
20
2189.878
10
20788.202
20
2228.484
10
20708.889
20
2226.823
0
LWPOLYLINE
5
860E
100
AcDbEntity
8
Panels
100
AcDbPolyline
90
4
70
1
38
0.0
10
20630.135
20
2186.55
10
20709.448
20
2188.212
10
20708.639
20
2226.817
10
20629.327
20
2225.156
0
LWPOLYLINE
5
860D
100
AcDbEntity
8
Panels
100
AcDbPolyline
90
4
70
1
38
0.0
10
21029.165
20
2136.782
10
21108.478
20
2138.443
10
21107.669
20
2177.049
10
21028.356
20
2175.388
0
LWPOLYLINE
5
860C
100
AcDbEntity
8
Panels
100
AcDbPolyline
90
4
70
1
38
0.0
10
20949.603
20
2135.115
10
21028.915
20
2136.776
10
21028.106
20
2175.382
10
20948.794
20
2173.721
0
LWPOLYLINE
5
860B
100
AcDbEntity
8
Panels
100
AcDbPolyline
90
4
70
1
38
0.0
10
20870.04
20
2133.449
10
20949.353
20
2135.11
10
20948.544
20
2173.716
10
20869.231
20
2172.054
0
LWPOLYLINE
5
860A
100
AcDbEntity
8
Panels
100
AcDbPolyline
90
4
70
1
38
0.0
10
20790.477
20
2131.782
10
20869.79
20
2133.443
10
20868.981
20
2172.049
10
20789.669
20
2170.388
0
LWPOLYLINE
5
8609
100
AcDbEntity
8
Panels
100
AcDbPolyline
90
4
70
1
38
0.0
10
20710.915
20
2130.115
10
20790.228
20
2131.777
10
20789.419
20
2170.383
10
20710.106
20
2168.721
0
LWPOLYLINE
5
8608
100
AcDbEntity
8
Panels
100
AcDbPolyline
90
4
70
1
38
0.0
10
20631.352
20
2128.449
10
20710.665
20
2130.11
10
20709.856
20
2168.716
10
20630.544
20
2167.055
0
LWPOLYLINE
5
8607
100
AcDbEntity
8
Panels
100
AcDbPolyline
90
4
70
1
38
0.0
10
20223.803
20
2584.928
10
20303.116
20
2586.59
10
20302.307
20
2625.195
10
20222.995
20
2623.534
0
LWPOLYLINE
5
8606
100
AcDbEntity
8
Panels
100
AcDbPolyline
90
4
70
1
38
0.0
10
20144.241
20
2583.262
10
20223.553
20
2584.923
10
20222.745
20
2623.529
10
20143.432
20
2621.868
0
LWPOLYLINE
5
8605
100
AcDbEntity
8
Panels
100
AcDbPolyline
90
4
70
1
38
0.0
10
20064.678
20
2581.595
10
20143.991
20
2583.256
10
20143.182
20
2621.862
10
20063.869
20
2620.201
0
LWPOLYLINE
5
8604
100
AcDbEntity
8
Panels
100
AcDbPolyline
90
4
70
1
38
0.0
10
19985.116
20
2579.928
10
20064.428
20
2581.59
10
20063.619
20
2620.196
10
19984.307
20
2618.534
0
LWPOLYLINE
5
8603
100
AcDbEntity
8
Panels
100
AcDbPolyline
90
4
70
1
38
0.0
10
19905.553
20
2578.262
10
19984.866
20
2579.923
10
19984.057
20
2618.529
10
19904.744
20
2616.868
0
LWPOLYLINE
5
8602
100
AcDbEntity
8
Panels
100
AcDbPolyline
90
4
70
1
38
0.0
10
20225.02
20
2526.827
10
20304.333
20
2528.488
10
20303.524
20
2567.094
10
20224.212
20
2565.433
0
LWPOLYLINE
5
8601
100
AcDbEntity
8
Panels
100
AcDbPolyline
90
4
70
1
38
0.0
10
20145.458
20
2525.16
10
20224.77
20
2526.821
10
20223.962
20
2565.427
10
20144.649
20
2563.766
0
LWPOLYLINE
5
8600
100
AcDbEntity
8
Panels
100
AcDbPolyline
90
4
70
1
38
0.0
10
20065.895
20
2523.493
10
20145.208
20
2525.155
10
20144.399
20
2563.761
10
20065.086
20
2562.099
0
LWPOLYLINE
5
85FF
100
AcDbEntity
8
Panels
100
AcDbPolyline
90
4
70
1
38
0.0
10
19986.333
20
2521.827
10
20065.645
20
2523.488
10
20064.837
20
2562.094
10
19985.524
20
2560.433
0
LWPOLYLINE
5
85FE
100
AcDbEntity
8
Panels
100
AcDbPolyline
90
4
70
1
38
0.0
10
19906.77
20
2520.16
10
19986.083
20
2521.822
10
19985.274
20
2560.428
10
19905.961
20
2558.766
0
LWPOLYLINE
5
85FD
100
AcDbEntity
8
Panels
100
AcDbPolyline
90
4
70
1
38
0.0
10
20226.237
20
2468.725
10
20305.55
20
2470.386
10
20304.741
20
2508.992
10
20225.429
20
2507.331
0
LWPOLYLINE
5
85FC
100
AcDbEntity
8
Panels
100
AcDbPolyline
90
4
70
1
38
0.0
10
20146.675
20
2467.059
10
20225.987
20
2468.72
10
20225.179
20
2507.326
10
20145.866
20
2505.664
0
LWPOLYLINE
5
85FB
100
AcDbEntity
8
Panels
100
AcDbPolyline
90
4
70
1
38
0.0
10
20067.112
20
2465.392
10
20146.425
20
2467.053
10
20145.616
20
2505.659
10
20066.304
20
2503.998
0
LWPOLYLINE
5
85FA
100
AcDbEntity
8
Panels
100
AcDbPolyline
90
4
70
1
38
0.0
10
19987.55
20
2463.725
10
20066.862
20
2465.387
10
20066.054
20
2503.993
10
19986.741
20
2502.331
0
LWPOLYLINE
5
85F9
100
AcDbEntity
8
Panels
100
AcDbPolyline
90
4
70
1
38
0.0
10
19907.987
20
2462.059
10
19987.3
20
2463.72
10
19986.491
20
2502.326
10
19907.178
20
2500.665
0
LWPOLYLINE
5
85F8
100
AcDbEntity
8
Panels
100
AcDbPolyline
90
4
70
1
38
0.0
10
20227.454
20
2410.624
10
20306.767
20
2412.285
10
20305.958
20
2450.891
10
20226.646
20
2449.229
0
LWPOLYLINE
5
85F7
100
AcDbEntity
8
Panels
100
AcDbPolyline
90
4
70
1
38
0.0
10
20147.892
20
2408.957
10
20227.204
20
2410.618
10
20226.396
20
2449.224
10
20147.083
20
2447.563
0
LWPOLYLINE
5
85F6
100
AcDbEntity
8
Panels
100
AcDbPolyline
90
4
70
1
38
0.0
10
20068.329
20
2407.29
10
20147.642
20
2408.952
10
20146.833
20
2447.558
10
20067.521
20
2445.896
0
LWPOLYLINE
5
85F5
100
AcDbEntity
8
Panels
100
AcDbPolyline
90
4
70
1
38
0.0
10
19988.767
20
2405.624
10
20068.079
20
2407.285
10
20067.271
20
2445.891
10
19987.958
20
2444.23
0
LWPOLYLINE
5
85F4
100
AcDbEntity
8
Panels
100
AcDbPolyline
90
4
70
1
38
0.0
10
19909.204
20
2403.957
10
19988.517
20
2405.619
10
19987.708
20
2444.224
10
19908.396
20
2442.563
0
LWPOLYLINE
5
85F3
100
AcDbEntity
8
Panels
100
AcDbPolyline
90
4
70
1
38
0.0
10
20228.671
20
2352.522
10
20307.984
20
2354.183
10
20307.175
20
2392.789
10
20227.863
20
2391.128
0
LWPOLYLINE
5
85F2
100
AcDbEntity
8
Panels
100
AcDbPolyline
90
4
70
1
38
0.0
10
20149.109
20
2350.855
10
20228.421
20
2352.517
10
20227.613
20
2391.123
10
20148.3
20
2389.461
0
LWPOLYLINE
5
85F1
100
AcDbEntity
8
Panels
100
AcDbPolyline
90
4
70
1
38
0.0
10
20069.546
20
2349.189
10
20148.859
20
2350.85
10
20148.05
20
2389.456
10
20068.738
20
2387.795
0
LWPOLYLINE
5
85F0
100
AcDbEntity
8
Panels
100
AcDbPolyline
90
4
70
1
38
0.0
10
19989.984
20
2347.522
10
20069.296
20
2349.184
10
20068.488
20
2387.789
10
19989.175
20
2386.128
0
LWPOLYLINE
5
85EF
100
AcDbEntity
8
Panels
100
AcDbPolyline
90
4
70
1
38
0.0
10
19910.421
20
2345.856
10
19989.734
20
2347.517
10
19988.925
20
2386.123
10
19909.613
20
2384.461
0
LWPOLYLINE
5
85EE
100
AcDbEntity
8
Panels
100
AcDbPolyline
90
4
70
1
38
0.0
10
20229.888
20
2294.42
10
20309.201
20
2296.082
10
20308.392
20
2334.688
10
20229.08
20
2333.026
0
LWPOLYLINE
5
85ED
100
AcDbEntity
8
Panels
100
AcDbPolyline
90
4
70
1
38
0.0
10
20150.326
20
2292.754
10
20229.639
20
2294.415
10
20228.83
20
2333.021
10
20149.517
20
2331.36
0
LWPOLYLINE
5
85EC
100
AcDbEntity
8
Panels
100
AcDbPolyline
90
4
70
1
38
0.0
10
20070.763
20
2291.087
10
20150.076
20
2292.749
10
20149.267
20
2331.354
10
20069.955
20
2329.693
0
LWPOLYLINE
5
85EB
100
AcDbEntity
8
Panels
100
AcDbPolyline
90
4
70
1
38
0.0
10
19991.201
20
2289.421
10
20070.513
20
2291.082
10
20069.705
20
2329.688
10
19990.392
20
2328.026
0
LWPOLYLINE
5
85EA
100
AcDbEntity
8
Panels
100
AcDbPolyline
90
4
70
1
38
0.0
10
19911.638
20
2287.754
10
19990.951
20
2289.415
10
19990.142
20
2328.021
10
19910.83
20
2326.36
0
LWPOLYLINE
5
85E9
100
AcDbEntity
8
Panels
100
AcDbPolyline
90
4
70
1
38
0.0
10
20549.356
20
2242.985
10
20628.668
20
2244.647
10
20627.86
20
2283.252
10
20548.547
20
2281.591
0
LWPOLYLINE
5
85E8
100
AcDbEntity
8
Panels
100
AcDbPolyline
90
4
70
1
38
0.0
10
20469.793
20
2241.319
10
20549.106
20
2242.98
10
20548.297
20
2281.586
10
20468.984
20
2279.924
0
LWPOLYLINE
5
85E7
100
AcDbEntity
8
Panels
100
AcDbPolyline
90
4
70
1
38
0.0
10
20390.231
20
2239.652
10
20469.543
20
2241.313
10
20468.735
20
2279.919
10
20389.422
20
2278.258
0
LWPOLYLINE
5
85E6
100
AcDbEntity
8
Panels
100
AcDbPolyline
90
4
70
1
38
0.0
10
20310.668
20
2237.985
10
20389.981
20
2239.647
10
20389.172
20
2278.253
10
20309.859
20
2276.591
0
LWPOLYLINE
5
85E5
100
AcDbEntity
8
Panels
100
AcDbPolyline
90
4
70
1
38
0.0
10
20231.106
20
2236.319
10
20310.418
20
2237.98
10
20309.609
20
2276.586
10
20230.297
20
2274.925
0
LWPOLYLINE
5
85E4
100
AcDbEntity
8
Panels
100
AcDbPolyline
90
4
70
1
38
0.0
10
20151.543
20
2234.652
10
20230.856
20
2236.314
10
20230.047
20
2274.919
10
20150.734
20
2273.258
0
LWPOLYLINE
5
85E3
100
AcDbEntity
8
Panels
100
AcDbPolyline
90
4
70
1
38
0.0
10
20071.98
20
2232.986
10
20151.293
20
2234.647
10
20150.484
20
2273.253
10
20071.172
20
2271.592
0
LWPOLYLINE
5
85E2
100
AcDbEntity
8
Panels
100
AcDbPolyline
90
4
70
1
38
0.0
10
19992.418
20
2231.319
10
20071.73
20
2232.98
10
20070.922
20
2271.586
10
19991.609
20
2269.925
0
LWPOLYLINE
5
85E1
100
AcDbEntity
8
Panels
100
AcDbPolyline
90
4
70
1
38
0.0
10
19912.855
20
2229.652
10
19992.168
20
2231.314
10
19991.359
20
2269.92
10
19912.047
20
2268.258
0
LWPOLYLINE
5
85E0
100
AcDbEntity
8
Panels
100
AcDbPolyline
90
4
70
1
38
0.0
10
20550.573
20
2184.884
10
20629.885
20
2186.545
10
20629.077
20
2225.151
10
20549.764
20
2223.49
0
LWPOLYLINE
5
85DF
100
AcDbEntity
8
Panels
100
AcDbPolyline
90
4
70
1
38
0.0
10
20471.01
20
2183.217
10
20550.323
20
2184.878
10
20549.514
20
2223.484
10
20470.202
20
2221.823
0
LWPOLYLINE
5
85DE
100
AcDbEntity
8
Panels
100
AcDbPolyline
90
4
70
1
38
0.0
10
20391.448
20
2181.55
10
20470.76
20
2183.212
10
20469.952
20
2221.818
10
20390.639
20
2220.156
0
LWPOLYLINE
5
85DD
100
AcDbEntity
8
Panels
100
AcDbPolyline
90
4
70
1
38
0.0
10
20311.885
20
2179.884
10
20391.198
20
2181.545
10
20390.389
20
2220.151
10
20311.076
20
2218.49
0
LWPOLYLINE
5
85DC
100
AcDbEntity
8
Panels
100
AcDbPolyline
90
4
70
1
38
0.0
10
20232.323
20
2178.217
10
20311.635
20
2179.879
10
20310.827
20
2218.484
10
20231.514
20
2216.823
0
LWPOLYLINE
5
85DB
100
AcDbEntity
8
Panels
100
AcDbPolyline
90
4
70
1
38
0.0
10
20152.76
20
2176.551
10
20232.073
20
2178.212
10
20231.264
20
2216.818
10
20151.951
20
2215.157
0
LWPOLYLINE
5
85DA
100
AcDbEntity
8
Panels
100
AcDbPolyline
90
4
70
1
38
0.0
10
20073.197
20
2174.884
10
20152.51
20
2176.545
10
20151.701
20
2215.151
10
20072.389
20
2213.49
0
LWPOLYLINE
5
85D9
100
AcDbEntity
8
Panels
100
AcDbPolyline
90
4
70
1
38
0.0
10
19993.635
20
2173.217
10
20072.948
20
2174.879
10
20072.139
20
2213.485
10
19992.826
20
2211.823
0
LWPOLYLINE
5
85D8
100
AcDbEntity
8
Panels
100
AcDbPolyline
90
4
70
1
38
0.0
10
19914.072
20
2171.551
10
19993.385
20
2173.212
10
19992.576
20
2211.818
10
19913.264
20
2210.157
0
LWPOLYLINE
5
85D7
100
AcDbEntity
8
Panels
100
AcDbPolyline
90
4
70
1
38
0.0
10
20551.79
20
2126.782
10
20631.102
20
2128.443
10
20630.294
20
2167.049
10
20550.981
20
2165.388
0
LWPOLYLINE
5
85D6
100
AcDbEntity
8
Panels
100
AcDbPolyline
90
4
70
1
38
0.0
10
20472.227
20
2125.116
10
20551.54
20
2126.777
10
20550.731
20
2165.383
10
20471.419
20
2163.721
0
LWPOLYLINE
5
85D5
100
AcDbEntity
8
Panels
100
AcDbPolyline
90
4
70
1
38
0.0
10
20392.665
20
2123.449
10
20471.977
20
2125.11
10
20471.169
20
2163.716
10
20391.856
20
2162.055
0
LWPOLYLINE
5
85D4
100
AcDbEntity
8
Panels
100
AcDbPolyline
90
4
70
1
38
0.0
10
20313.102
20
2121.782
10
20392.415
20
2123.444
10
20391.606
20
2162.05
10
20312.294
20
2160.388
0
LWPOLYLINE
5
85D3
100
AcDbEntity
8
Panels
100
AcDbPolyline
90
4
70
1
38
0.0
10
20233.54
20
2120.116
10
20312.852
20
2121.777
10
20312.044
20
2160.383
10
20232.731
20
2158.722
0
LWPOLYLINE
5
85D2
100
AcDbEntity
8
Panels
100
AcDbPolyline
90
4
70
1
38
0.0
10
20153.977
20
2118.449
10
20233.29
20
2120.11
10
20232.481
20
2158.716
10
20153.168
20
2157.055
0
LWPOLYLINE
5
85D1
100
AcDbEntity
8
Panels
100
AcDbPolyline
90
4
70
1
38
0.0
10
20074.415
20
2116.783
10
20153.727
20
2118.444
10
20152.918
20
2157.05
10
20073.606
20
2155.388
0
LWPOLYLINE
5
85D0
100
AcDbEntity
8
Panels
100
AcDbPolyline
90
4
70
1
38
0.0
10
19994.852
20
2115.116
10
20074.165
20
2116.777
10
20073.356
20
2155.383
10
19994.043
20
2153.722
0
LWPOLYLINE
5
85CF
100
AcDbEntity
8
Panels
100
AcDbPolyline
90
4
70
1
38
0.0
10
19915.289
20
2113.449
10
19994.602
20
2115.111
10
19993.793
20
2153.717
10
19914.481
20
2152.055
0
LWPOLYLINE
5
85CE
100
AcDbEntity
8
Panels
100
AcDbPolyline
90
4
70
1
38
32.169
10
21012.472
20
2836.3
10
21091.785
20
2837.962
10
21090.976
20
2876.567
10
21011.663
20
2874.906
0
LWPOLYLINE
5
85CD
100
AcDbEntity
8
Panels
100
AcDbPolyline
90
4
70
1
38
32.169
10
21011.255
20
2894.402
10
21090.568
20
2896.063
10
21089.759
20
2934.669
10
21010.446
20
2933.008
0
LWPOLYLINE
5
85CC
100
AcDbEntity
8
Panels
100
AcDbPolyline
90
4
70
1
38
32.169
10
20608.574
20
3118.475
10
20687.887
20
3120.136
10
20687.078
20
3158.742
10
20607.765
20
3157.081
0
LWPOLYLINE
5
85CB
100
AcDbEntity
8
Panels
100
AcDbPolyline
90
4
70
1
38
32.169
10
20992.999
20
3765.925
10
21072.312
20
3767.587
10
21071.503
20
3806.192
10
20992.191
20
3804.531
0
LWPOLYLINE
5
85CA
100
AcDbEntity
8
Panels
100
AcDbPolyline
90
4
70
1
38
32.169
10
20913.437
20
3764.259
10
20992.749
20
3765.92
10
20991.941
20
3804.526
10
20912.628
20
3802.864
0
LWPOLYLINE
5
85C9
100
AcDbEntity
8
Panels
100
AcDbPolyline
90
4
70
1
38
32.169
10
20833.874
20
3762.592
10
20913.187
20
3764.253
10
20912.378
20
3802.859
10
20833.065
20
3801.198
0
LWPOLYLINE
5
85C8
100
AcDbEntity
8
Panels
100
AcDbPolyline
90
4
70
1
38
32.169
10
20754.312
20
3760.925
10
20833.624
20
3762.587
10
20832.816
20
3801.193
10
20753.503
20
3799.531
0
LWPOLYLINE
5
85C7
100
AcDbEntity
8
Panels
100
AcDbPolyline
90
4
70
1
38
32.169
10
20674.749
20
3759.259
10
20754.062
20
3760.92
10
20753.253
20
3799.526
10
20673.94
20
3797.865
0
LWPOLYLINE
5
85C6
100
AcDbEntity
8
Panels
100
AcDbPolyline
90
4
70
1
38
32.169
10
20595.187
20
3757.592
10
20674.499
20
3759.254
10
20673.69
20
3797.859
10
20594.378
20
3796.198
0
LWPOLYLINE
5
85C5
100
AcDbEntity
8
Panels
100
AcDbPolyline
90
4
70
1
38
32.169
10
20515.624
20
3755.926
10
20594.937
20
3757.587
10
20594.128
20
3796.193
10
20514.815
20
3794.531
0
LWPOLYLINE
5
85C4
100
AcDbEntity
8
Panels
100
AcDbPolyline
90
4
70
1
38
32.169
10
20994.216
20
3707.824
10
21073.529
20
3709.485
10
21072.72
20
3748.091
10
20993.408
20
3746.429
0
LWPOLYLINE
5
85C3
100
AcDbEntity
8
Panels
100
AcDbPolyline
90
4
70
1
38
32.169
10
20914.654
20
3706.157
10
20993.966
20
3707.818
10
20993.158
20
3746.424
10
20913.845
20
3744.763
0
LWPOLYLINE
5
85C2
100
AcDbEntity
8
Panels
100
AcDbPolyline
90
4
70
1
38
32.169
10
20835.091
20
3704.49
10
20914.404
20
3706.152
10
20913.595
20
3744.758
10
20834.283
20
3743.096
0
LWPOLYLINE
5
85C1
100
AcDbEntity
8
Panels
100
AcDbPolyline
90
4
70
1
38
32.169
10
20755.529
20
3702.824
10
20834.841
20
3704.485
10
20834.033
20
3743.091
10
20754.72
20
3741.43
0
LWPOLYLINE
5
85C0
100
AcDbEntity
8
Panels
100
AcDbPolyline
90
4
70
1
38
32.169
10
20675.966
20
3701.157
10
20755.279
20
3702.819
10
20754.47
20
3741.424
10
20675.157
20
3739.763
0
LWPOLYLINE
5
85BF
100
AcDbEntity
8
Panels
100
AcDbPolyline
90
4
70
1
38
32.169
10
20596.404
20
3699.491
10
20675.716
20
3701.152
10
20674.908
20
3739.758
10
20595.595
20
3738.096
0
LWPOLYLINE
5
85BE
100
AcDbEntity
8
Panels
100
AcDbPolyline
90
4
70
1
38
32.169
10
20516.841
20
3697.824
10
20596.154
20
3699.485
10
20595.345
20
3738.091
10
20516.032
20
3736.43
0
LWPOLYLINE
5
85BD
100
AcDbEntity
8
Panels
100
AcDbPolyline
90
4
70
1
38
32.169
10
20995.433
20
3649.722
10
21074.746
20
3651.383
10
21073.937
20
3689.989
10
20994.625
20
3688.328
0
LWPOLYLINE
5
85BC
100
AcDbEntity
8
Panels
100
AcDbPolyline
90
4
70
1
38
32.169
10
20915.871
20
3648.055
10
20995.183
20
3649.717
10
20994.375
20
3688.323
10
20915.062
20
3686.661
0
LWPOLYLINE
5
85BB
100
AcDbEntity
8
Panels
100
AcDbPolyline
90
4
70
1
38
32.169
10
20836.308
20
3646.389
10
20915.621
20
3648.05
10
20914.812
20
3686.656
10
20835.5
20
3684.995
0
LWPOLYLINE
5
85BA
100
AcDbEntity
8
Panels
100
AcDbPolyline
90
4
70
1
38
32.169
10
20756.746
20
3644.722
10
20836.058
20
3646.384
10
20835.25
20
3684.989
10
20755.937
20
3683.328
0
LWPOLYLINE
5
85B9
100
AcDbEntity
8
Panels
100
AcDbPolyline
90
4
70
1
38
32.169
10
20677.183
20
3643.056
10
20756.496
20
3644.717
10
20755.687
20
3683.323
10
20676.375
20
3681.662
0
LWPOLYLINE
5
85B8
100
AcDbEntity
8
Panels
100
AcDbPolyline
90
4
70
1
38
32.169
10
20597.621
20
3641.389
10
20676.933
20
3643.05
10
20676.125
20
3681.656
10
20596.812
20
3679.995
0
LWPOLYLINE
5
85B7
100
AcDbEntity
8
Panels
100
AcDbPolyline
90
4
70
1
38
32.169
10
20518.058
20
3639.722
10
20597.371
20
3641.384
10
20596.562
20
3679.99
10
20517.249
20
3678.328
0
LWPOLYLINE
5
85B6
100
AcDbEntity
8
Panels
100
AcDbPolyline
90
4
70
1
38
32.169
10
20996.65
20
3591.621
10
21075.963
20
3593.282
10
21075.154
20
3631.888
10
20995.842
20
3630.226
0
LWPOLYLINE
5
85B5
100
AcDbEntity
8
Panels
100
AcDbPolyline
90
4
70
1
38
32.169
10
20917.088
20
3589.954
10
20996.4
20
3591.615
10
20995.592
20
3630.221
10
20916.279
20
3628.56
0
LWPOLYLINE
5
85B4
100
AcDbEntity
8
Panels
100
AcDbPolyline
90
4
70
1
38
32.169
10
20837.525
20
3588.287
10
20916.838
20
3589.949
10
20916.029
20
3628.555
10
20836.717
20
3626.893
0
LWPOLYLINE
5
85B3
100
AcDbEntity
8
Panels
100
AcDbPolyline
90
4
70
1
38
32.169
10
20757.963
20
3586.621
10
20837.275
20
3588.282
10
20836.467
20
3626.888
10
20757.154
20
3625.227
0
LWPOLYLINE
5
85B2
100
AcDbEntity
8
Panels
100
AcDbPolyline
90
4
70
1
38
32.169
10
20678.4
20
3584.954
10
20757.713
20
3586.615
10
20756.904
20
3625.221
10
20677.592
20
3623.56
0
LWPOLYLINE
5
85B1
100
AcDbEntity
8
Panels
100
AcDbPolyline
90
4
70
1
38
32.169
10
20598.838
20
3583.288
10
20678.15
20
3584.949
10
20677.342
20
3623.555
10
20598.029
20
3621.893
0
LWPOLYLINE
5
85B0
100
AcDbEntity
8
Panels
100
AcDbPolyline
90
4
70
1
38
32.169
10
20519.275
20
3581.621
10
20598.588
20
3583.282
10
20597.779
20
3621.888
10
20518.466
20
3620.227
0
LWPOLYLINE
5
85AF
100
AcDbEntity
8
Panels
100
AcDbPolyline
90
4
70
1
38
32.169
10
20997.867
20
3533.519
10
21077.18
20
3535.18
10
21076.371
20
3573.786
10
20997.059
20
3572.125
0
LWPOLYLINE
5
85AE
100
AcDbEntity
8
Panels
100
AcDbPolyline
90
4
70
1
38
32.169
10
20918.305
20
3531.852
10
20997.618
20
3533.514
10
20996.809
20
3572.12
10
20917.496
20
3570.458
0
LWPOLYLINE
5
85AD
100
AcDbEntity
8
Panels
100
AcDbPolyline
90
4
70
1
38
32.169
10
20838.742
20
3530.186
10
20918.055
20
3531.847
10
20917.246
20
3570.453
10
20837.934
20
3568.792
0
LWPOLYLINE
5
85AC
100
AcDbEntity
8
Panels
100
AcDbPolyline
90
4
70
1
38
32.169
10
20759.18
20
3528.519
10
20838.492
20
3530.181
10
20837.684
20
3568.786
10
20758.371
20
3567.125
0
LWPOLYLINE
5
85AB
100
AcDbEntity
8
Panels
100
AcDbPolyline
90
4
70
1
38
32.169
10
20679.617
20
3526.853
10
20758.93
20
3528.514
10
20758.121
20
3567.12
10
20678.809
20
3565.458
0
LWPOLYLINE
5
85AA
100
AcDbEntity
8
Panels
100
AcDbPolyline
90
4
70
1
38
32.169
10
20600.055
20
3525.186
10
20679.367
20
3526.847
10
20678.559
20
3565.453
10
20599.246
20
3563.792
0
LWPOLYLINE
5
85A9
100
AcDbEntity
8
Panels
100
AcDbPolyline
90
4
70
1
38
32.169
10
20520.492
20
3523.519
10
20599.805
20
3525.181
10
20598.996
20
3563.787
10
20519.684
20
3562.125
0
LWPOLYLINE
5
85A8
100
AcDbEntity
8
Panels
100
AcDbPolyline
90
4
70
1
38
32.169
10
20999.085
20
3475.417
10
21078.397
20
3477.079
10
21077.588
20
3515.685
10
20998.276
20
3514.023
0
LWPOLYLINE
5
85A7
100
AcDbEntity
8
Panels
100
AcDbPolyline
90
4
70
1
38
32.169
10
20919.522
20
3473.751
10
20998.835
20
3475.412
10
20998.026
20
3514.018
10
20918.713
20
3512.357
0
LWPOLYLINE
5
85A6
100
AcDbEntity
8
Panels
100
AcDbPolyline
90
4
70
1
38
32.169
10
20839.959
20
3472.084
10
20919.272
20
3473.746
10
20918.463
20
3512.351
10
20839.151
20
3510.69
0
LWPOLYLINE
5
85A5
100
AcDbEntity
8
Panels
100
AcDbPolyline
90
4
70
1
38
32.169
10
20760.397
20
3470.418
10
20839.709
20
3472.079
10
20838.901
20
3510.685
10
20759.588
20
3509.023
0
LWPOLYLINE
5
85A4
100
AcDbEntity
8
Panels
100
AcDbPolyline
90
4
70
1
38
32.169
10
20680.834
20
3468.751
10
20760.147
20
3470.412
10
20759.338
20
3509.018
10
20680.026
20
3507.357
0
LWPOLYLINE
5
85A3
100
AcDbEntity
8
Panels
100
AcDbPolyline
90
4
70
1
38
32.169
10
20601.272
20
3467.084
10
20680.584
20
3468.746
10
20679.776
20
3507.352
10
20600.463
20
3505.69
0
LWPOLYLINE
5
85A2
100
AcDbEntity
8
Panels
100
AcDbPolyline
90
4
70
1
38
32.169
10
20521.709
20
3465.418
10
20601.022
20
3467.079
10
20600.213
20
3505.685
10
20520.901
20
3504.024
0
LWPOLYLINE
5
85A1
100
AcDbEntity
8
Panels
100
AcDbPolyline
90
4
70
1
38
32.169
10
21000.302
20
3417.316
10
21079.614
20
3418.977
10
21078.806
20
3457.583
10
20999.493
20
3455.922
0
LWPOLYLINE
5
85A0
100
AcDbEntity
8
Panels
100
AcDbPolyline
90
4
70
1
38
32.169
10
20920.739
20
3415.649
10
21000.052
20
3417.311
10
20999.243
20
3455.916
10
20919.93
20
3454.255
0
LWPOLYLINE
5
859F
100
AcDbEntity
8
Panels
100
AcDbPolyline
90
4
70
1
38
32.169
10
20761.614
20
3412.316
10
20840.927
20
3413.977
10
20840.118
20
3452.583
10
20760.805
20
3450.922
0
LWPOLYLINE
5
859E
100
AcDbEntity
8
Panels
100
AcDbPolyline
90
4
70
1
38
32.169
10
20682.051
20
3410.649
10
20761.364
20
3412.311
10
20760.555
20
3450.917
10
20681.243
20
3449.255
0
LWPOLYLINE
5
859D
100
AcDbEntity
8
Panels
100
AcDbPolyline
90
4
70
1
38
32.169
10
20602.489
20
3408.983
10
20681.801
20
3410.644
10
20680.993
20
3449.25
10
20601.68
20
3447.589
0
LWPOLYLINE
5
859C
100
AcDbEntity
8
Panels
100
AcDbPolyline
90
4
70
1
38
32.169
10
20522.926
20
3407.316
10
20602.239
20
3408.978
10
20601.43
20
3447.583
10
20522.118
20
3445.922
0
LWPOLYLINE
5
859B
100
AcDbEntity
8
Panels
100
AcDbPolyline
90
4
70
1
38
32.169
10
21001.519
20
3359.214
10
21080.831
20
3360.876
10
21080.023
20
3399.481
10
21000.71
20
3397.82
0
LWPOLYLINE
5
859A
100
AcDbEntity
8
Panels
100
AcDbPolyline
90
4
70
1
38
32.169
10
20921.956
20
3357.548
10
21001.269
20
3359.209
10
21000.46
20
3397.815
10
20921.147
20
3396.153
0
LWPOLYLINE
5
8599
100
AcDbEntity
8
Panels
100
AcDbPolyline
90
4
70
1
38
32.169
10
20842.394
20
3355.881
10
20921.706
20
3357.542
10
20920.897
20
3396.148
10
20841.585
20
3394.487
0
LWPOLYLINE
5
8598
100
AcDbEntity
8
Panels
100
AcDbPolyline
90
4
70
1
38
32.169
10
20762.831
20
3354.214
10
20842.144
20
3355.876
10
20841.335
20
3394.482
10
20762.022
20
3392.82
0
LWPOLYLINE
5
8597
100
AcDbEntity
8
Panels
100
AcDbPolyline
90
4
70
1
38
32.169
10
20683.268
20
3352.548
10
20762.581
20
3354.209
10
20761.772
20
3392.815
10
20682.46
20
3391.154
0
LWPOLYLINE
5
8596
100
AcDbEntity
8
Panels
100
AcDbPolyline
90
4
70
1
38
32.169
10
20603.706
20
3350.881
10
20683.019
20
3352.543
10
20682.21
20
3391.148
10
20602.897
20
3389.487
0
LWPOLYLINE
5
8595
100
AcDbEntity
8
Panels
100
AcDbPolyline
90
4
70
1
38
32.169
10
21002.736
20
3301.113
10
21082.048
20
3302.774
10
21081.24
20
3341.38
10
21001.927
20
3339.719
0
LWPOLYLINE
5
8594
100
AcDbEntity
8
Panels
100
AcDbPolyline
90
4
70
1
38
32.169
10
20923.173
20
3299.446
10
21002.486
20
3301.107
10
21001.677
20
3339.713
10
20922.364
20
3338.052
0
LWPOLYLINE
5
8593
100
AcDbEntity
8
Panels
100
AcDbPolyline
90
4
70
1
38
32.169
10
20843.611
20
3297.779
10
20922.923
20
3299.441
10
20922.115
20
3338.047
10
20842.802
20
3336.385
0
LWPOLYLINE
5
8592
100
AcDbEntity
8
Panels
100
AcDbPolyline
90
4
70
1
38
32.169
10
20764.048
20
3296.113
10
20843.361
20
3297.774
10
20842.552
20
3336.38
10
20763.239
20
3334.719
0
LWPOLYLINE
5
8591
100
AcDbEntity
8
Panels
100
AcDbPolyline
90
4
70
1
38
32.169
10
20684.486
20
3294.446
10
20763.798
20
3296.108
10
20762.989
20
3334.713
10
20683.677
20
3333.052
0
LWPOLYLINE
5
8590
100
AcDbEntity
8
Panels
100
AcDbPolyline
90
4
70
1
38
32.169
10
20604.923
20
3292.78
10
20684.236
20
3294.441
10
20683.427
20
3333.047
10
20604.114
20
3331.386
0
LWPOLYLINE
5
858F
100
AcDbEntity
8
Panels
100
AcDbPolyline
90
4
70
1
38
32.169
10
21003.953
20
3243.011
10
21083.265
20
3244.672
10
21082.457
20
3283.278
10
21003.144
20
3281.617
0
LWPOLYLINE
5
858E
100
AcDbEntity
8
Panels
100
AcDbPolyline
90
4
70
1
38
32.169
10
20924.39
20
3241.345
10
21003.703
20
3243.006
10
21002.894
20
3281.612
10
20923.582
20
3279.95
0
LWPOLYLINE
5
858D
100
AcDbEntity
8
Panels
100
AcDbPolyline
90
4
70
1
38
32.169
10
20844.828
20
3239.678
10
20924.14
20
3241.339
10
20923.332
20
3279.945
10
20844.019
20
3278.284
0
LWPOLYLINE
5
858C
100
AcDbEntity
8
Panels
100
AcDbPolyline
90
4
70
1
38
32.169
10
20765.265
20
3238.011
10
20844.578
20
3239.673
10
20843.769
20
3278.279
10
20764.456
20
3276.617
0
LWPOLYLINE
5
858B
100
AcDbEntity
8
Panels
100
AcDbPolyline
90
4
70
1
38
32.169
10
20685.703
20
3236.345
10
20765.015
20
3238.006
10
20764.206
20
3276.612
10
20684.894
20
3274.951
0
LWPOLYLINE
5
858A
100
AcDbEntity
8
Panels
100
AcDbPolyline
90
4
70
1
38
32.169
10
20606.14
20
3234.678
10
20685.453
20
3236.339
10
20684.644
20
3274.945
10
20605.331
20
3273.284
0
LWPOLYLINE
5
8589
100
AcDbEntity
8
Panels
100
AcDbPolyline
90
4
70
1
38
32.169
10
21005.17
20
3184.91
10
21084.482
20
3186.571
10
21083.674
20
3225.177
10
21004.361
20
3223.515
0
LWPOLYLINE
5
8588
100
AcDbEntity
8
Panels
100
AcDbPolyline
90
4
70
1
38
32.169
10
20925.607
20
3183.243
10
21004.92
20
3184.904
10
21004.111
20
3223.51
10
20924.799
20
3221.849
0
LWPOLYLINE
5
8587
100
AcDbEntity
8
Panels
100
AcDbPolyline
90
4
70
1
38
32.169
10
20846.045
20
3181.576
10
20925.357
20
3183.238
10
20924.549
20
3221.844
10
20845.236
20
3220.182
0
LWPOLYLINE
5
8586
100
AcDbEntity
8
Panels
100
AcDbPolyline
90
4
70
1
38
32.169
10
20766.482
20
3179.91
10
20845.795
20
3181.571
10
20844.986
20
3220.177
10
20765.673
20
3218.516
0
LWPOLYLINE
5
8585
100
AcDbEntity
8
Panels
100
AcDbPolyline
90
4
70
1
38
32.169
10
20686.92
20
3178.243
10
20766.232
20
3179.905
10
20765.424
20
3218.51
10
20686.111
20
3216.849
0
LWPOLYLINE
5
8584
100
AcDbEntity
8
Panels
100
AcDbPolyline
90
4
70
1
38
32.169
10
20607.357
20
3176.577
10
20686.67
20
3178.238
10
20685.861
20
3216.844
10
20606.548
20
3215.182
0
LWPOLYLINE
5
8583
100
AcDbEntity
8
Panels
100
AcDbPolyline
90
4
70
1
38
32.169
10
21006.387
20
3126.808
10
21085.699
20
3128.469
10
21084.891
20
3167.075
10
21005.578
20
3165.414
0
LWPOLYLINE
5
8582
100
AcDbEntity
8
Panels
100
AcDbPolyline
90
4
70
1
38
32.169
10
20847.262
20
3123.475
10
20926.574
20
3125.136
10
20925.766
20
3163.742
10
20846.453
20
3162.081
0
LWPOLYLINE
5
8581
100
AcDbEntity
8
Panels
100
AcDbPolyline
90
4
70
1
38
32.169
10
20767.699
20
3121.808
10
20847.012
20
3123.47
10
20846.203
20
3162.075
10
20766.891
20
3160.414
0
LWPOLYLINE
5
8580
100
AcDbEntity
8
Panels
100
AcDbPolyline
90
4
70
1
38
32.169
10
20688.137
20
3120.142
10
20767.449
20
3121.803
10
20766.641
20
3160.409
10
20687.328
20
3158.747
0
LWPOLYLINE
5
857F
100
AcDbEntity
8
Panels
100
AcDbPolyline
90
4
70
1
38
32.169
10
21007.604
20
3068.706
10
21086.917
20
3070.368
10
21086.108
20
3108.974
10
21006.795
20
3107.312
0
LWPOLYLINE
5
857E
100
AcDbEntity
8
Panels
100
AcDbPolyline
90
4
70
1
38
32.169
10
20928.041
20
3067.04
10
21007.354
20
3068.701
10
21006.545
20
3107.307
10
20927.233
20
3105.646
0
LWPOLYLINE
5
857D
100
AcDbEntity
8
Panels
100
AcDbPolyline
90
4
70
1
38
32.169
10
20848.479
20
3065.373
10
20927.791
20
3067.035
10
20926.983
20
3105.64
10
20847.67
20
3103.979
0
LWPOLYLINE
5
857C
100
AcDbEntity
8
Panels
100
AcDbPolyline
90
4
70
1
38
32.169
10
20768.916
20
3063.707
10
20848.229
20
3065.368
10
20847.42
20
3103.974
10
20768.108
20
3102.312
0
LWPOLYLINE
5
857B
100
AcDbEntity
8
Panels
100
AcDbPolyline
90
4
70
1
38
32.169
10
20689.354
20
3062.04
10
20768.666
20
3063.701
10
20767.858
20
3102.307
10
20688.545
20
3100.646
0
LWPOLYLINE
5
857A
100
AcDbEntity
8
Panels
100
AcDbPolyline
90
4
70
1
38
32.169
10
21008.821
20
3010.605
10
21088.134
20
3012.266
10
21087.325
20
3050.872
10
21008.012
20
3049.211
0
LWPOLYLINE
5
8579
100
AcDbEntity
8
Panels
100
AcDbPolyline
90
4
70
1
38
32.169
10
20929.258
20
3008.938
10
21008.571
20
3010.6
10
21007.762
20
3049.205
10
20928.45
20
3047.544
0
LWPOLYLINE
5
8578
100
AcDbEntity
8
Panels
100
AcDbPolyline
90
4
70
1
38
32.169
10
20849.696
20
3007.272
10
20929.008
20
3008.933
10
20928.2
20
3047.539
10
20848.887
20
3045.877
0
LWPOLYLINE
5
8577
100
AcDbEntity
8
Panels
100
AcDbPolyline
90
4
70
1
38
32.169
10
20770.133
20
3005.605
10
20849.446
20
3007.266
10
20848.637
20
3045.872
10
20769.325
20
3044.211
0
LWPOLYLINE
5
8576
100
AcDbEntity
8
Panels
100
AcDbPolyline
90
4
70
1
38
32.169
10
20690.571
20
3003.938
10
20769.883
20
3005.6
10
20769.075
20
3044.206
10
20689.762
20
3042.544
0
LWPOLYLINE
5
8575
100
AcDbEntity
8
Panels
100
AcDbPolyline
90
4
70
1
38
32.169
10
21010.038
20
2952.503
10
21089.351
20
2954.165
10
21088.542
20
2992.77
10
21009.229
20
2991.109
0
LWPOLYLINE
5
8574
100
AcDbEntity
8
Panels
100
AcDbPolyline
90
4
70
1
38
32.169
10
20930.475
20
2950.837
10
21009.788
20
2952.498
10
21008.979
20
2991.104
10
20929.667
20
2989.443
0
LWPOLYLINE
5
8573
100
AcDbEntity
8
Panels
100
AcDbPolyline
90
4
70
1
38
32.169
10
20850.913
20
2949.17
10
20930.226
20
2950.831
10
20929.417
20
2989.437
10
20850.104
20
2987.776
0
LWPOLYLINE
5
8572
100
AcDbEntity
8
Panels
100
AcDbPolyline
90
4
70
1
38
32.169
10
20771.35
20
2947.503
10
20850.663
20
2949.165
10
20849.854
20
2987.771
10
20770.542
20
2986.109
0
LWPOLYLINE
5
8571
100
AcDbEntity
8
Panels
100
AcDbPolyline
90
4
70
1
38
32.169
10
20691.788
20
2945.837
10
20771.1
20
2947.498
10
20770.292
20
2986.104
10
20690.979
20
2984.443
0
LWPOLYLINE
5
8570
100
AcDbEntity
8
Panels
100
AcDbPolyline
90
4
70
1
38
32.169
10
20931.693
20
2892.735
10
21011.005
20
2894.396
10
21010.196
20
2933.002
10
20930.884
20
2931.341
0
LWPOLYLINE
5
856F
100
AcDbEntity
8
Panels
100
AcDbPolyline
90
4
70
1
38
32.169
10
20852.13
20
2891.069
10
20931.443
20
2892.73
10
20930.634
20
2931.336
10
20851.321
20
2929.674
0
LWPOLYLINE
5
856E
100
AcDbEntity
8
Panels
100
AcDbPolyline
90
4
70
1
38
32.169
10
20772.567
20
2889.402
10
20851.88
20
2891.063
10
20851.071
20
2929.669
10
20771.759
20
2928.008
0
LWPOLYLINE
5
856D
100
AcDbEntity
8
Panels
100
AcDbPolyline
90
4
70
1
38
32.169
10
20932.91
20
2834.634
10
21012.222
20
2836.295
10
21011.414
20
2874.901
10
20932.101
20
2873.239
0
LWPOLYLINE
5
856C
100
AcDbEntity
8
Panels
100
AcDbPolyline
90
4
70
1
38
32.169
10
20853.347
20
2832.967
10
20932.66
20
2834.628
10
20931.851
20
2873.234
10
20852.538
20
2871.573
0
LWPOLYLINE
5
856B
100
AcDbEntity
8
Panels
100
AcDbPolyline
90
4
70
1
38
32.169
10
20773.784
20
2831.3
10
20853.097
20
2832.962
10
20852.288
20
2871.568
10
20772.976
20
2869.906
0
LWPOLYLINE
5
856A
100
AcDbEntity
8
Panels
100
AcDbPolyline
90
4
70
1
38
32.169
10
21013.689
20
2778.199
10
21093.002
20
2779.86
10
21092.193
20
2818.466
10
21012.881
20
2816.804
0
LWPOLYLINE
5
8569
100
AcDbEntity
8
Panels
100
AcDbPolyline
90
4
70
1
38
32.169
10
20934.127
20
2776.532
10
21013.439
20
2778.193
10
21012.631
20
2816.799
10
20933.318
20
2815.138
0
LWPOLYLINE
5
8568
100
AcDbEntity
8
Panels
100
AcDbPolyline
90
4
70
1
38
32.169
10
20854.564
20
2774.865
10
20933.877
20
2776.527
10
20933.068
20
2815.133
10
20853.755
20
2813.471
0
LWPOLYLINE
5
8567
100
AcDbEntity
8
Panels
100
AcDbPolyline
90
4
70
1
38
32.169
10
20775.002
20
2773.199
10
20854.314
20
2774.86
10
20853.505
20
2813.466
10
20774.193
20
2811.805
0
LWPOLYLINE
5
8566
100
AcDbEntity
8
Panels
100
AcDbPolyline
90
4
70
1
38
0.0
10
18260.392
20
1487.356
10
18339.705
20
1489.017
10
18338.896
20
1527.623
10
18259.584
20
1525.962
0
LWPOLYLINE
5
8565
100
AcDbEntity
8
Panels
100
AcDbPolyline
90
4
70
1
38
0.0
10
18418.301
20
1548.791
10
18497.613
20
1550.452
10
18496.804
20
1589.058
10
18417.492
20
1587.396
0
LWPOLYLINE
5
8564
100
AcDbEntity
8
Panels
100
AcDbPolyline
90
4
70
1
38
0.0
10
18168.659
20
2066.705
10
18247.972
20
2068.366
10
18247.163
20
2106.972
10
18167.851
20
2105.311
0
LWPOLYLINE
5
8563
100
AcDbEntity
8
Panels
100
AcDbPolyline
90
4
70
1
38
0.0
10
18090.314
20
2006.937
10
18169.627
20
2008.598
10
18168.818
20
2047.204
10
18089.505
20
2045.542
0
LWPOLYLINE
5
8562
100
AcDbEntity
8
Panels
100
AcDbPolyline
90
4
70
1
38
0.0
10
18011.968
20
1947.168
10
18091.281
20
1948.83
10
18090.472
20
1987.436
10
18011.16
20
1985.774
0
LWPOLYLINE
5
8561
100
AcDbEntity
8
Panels
100
AcDbPolyline
90
4
70
1
38
0.0
10
17933.623
20
1887.4
10
18012.936
20
1889.062
10
18012.127
20
1927.668
10
17932.814
20
1926.006
0
LWPOLYLINE
5
8560
100
AcDbEntity
8
Panels
100
AcDbPolyline
90
4
70
1
38
0.0
10
18013.185
20
1889.067
10
18092.498
20
1890.728
10
18091.689
20
1929.334
10
18012.377
20
1927.673
0
LWPOLYLINE
5
855F
100
AcDbEntity
8
Panels
100
AcDbPolyline
90
4
70
1
38
0.0
10
17776.932
20
1767.864
10
17856.245
20
1769.525
10
17855.436
20
1808.131
10
17776.123
20
1806.47
0
LWPOLYLINE
5
855E
100
AcDbEntity
8
Panels
100
AcDbPolyline
90
4
70
1
38
0.0
10
17778.149
20
1709.762
10
17857.462
20
1711.424
10
17856.653
20
1750.03
10
17777.34
20
1748.368
0
LWPOLYLINE
5
855D
100
AcDbEntity
8
Panels
100
AcDbPolyline
90
4
70
1
38
0.0
10
17855.277
20
1827.632
10
17934.59
20
1829.294
10
17933.781
20
1867.899
10
17854.469
20
1866.238
0
LWPOLYLINE
5
855C
100
AcDbEntity
8
Panels
100
AcDbPolyline
90
4
70
1
38
0.0
10
17934.84
20
1829.299
10
18014.153
20
1830.96
10
18013.344
20
1869.566
10
17934.031
20
1867.905
0
LWPOLYLINE
5
855B
100
AcDbEntity
8
Panels
100
AcDbPolyline
90
4
70
1
38
0.0
10
17856.494
20
1769.531
10
17935.807
20
1771.192
10
17934.998
20
1809.798
10
17855.686
20
1808.136
0
LWPOLYLINE
5
855A
100
AcDbEntity
8
Panels
100
AcDbPolyline
90
4
70
1
38
0.0
10
18483.258
20
2247.676
10
18562.571
20
2249.337
10
18561.762
20
2287.943
10
18482.45
20
2286.282
0
LWPOLYLINE
5
8559
100
AcDbEntity
8
Panels
100
AcDbPolyline
90
4
70
1
38
0.0
10
18403.696
20
2246.009
10
18483.008
20
2247.671
10
18482.2
20
2286.277
10
18402.887
20
2284.615
0
LWPOLYLINE
5
8558
100
AcDbEntity
8
Panels
100
AcDbPolyline
90
4
70
1
38
0.0
10
17626.326
20
1357.82
10
17705.639
20
1359.481
10
17704.83
20
1398.087
10
17625.518
20
1396.426
0
LWPOLYLINE
5
8557
100
AcDbEntity
8
Panels
100
AcDbPolyline
90
4
70
1
38
0.0
10
17547.981
20
1298.052
10
17627.293
20
1299.713
10
17626.485
20
1338.319
10
17547.172
20
1336.658
0
LWPOLYLINE
5
8556
100
AcDbEntity
8
Panels
100
AcDbPolyline
90
4
70
1
38
0.0
10
18484.475
20
2189.574
10
18563.788
20
2191.236
10
18562.979
20
2229.842
10
18483.667
20
2228.18
0
LWPOLYLINE
5
8555
100
AcDbEntity
8
Panels
100
AcDbPolyline
90
4
70
1
38
0.0
10
18404.913
20
2187.908
10
18484.226
20
2189.569
10
18483.417
20
2228.175
10
18404.104
20
2226.514
0
LWPOLYLINE
5
8554
100
AcDbEntity
8
Panels
100
AcDbPolyline
90
4
70
1
38
0.0
10
18325.35
20
2186.241
10
18404.663
20
2187.903
10
18403.854
20
2226.508
10
18324.542
20
2224.847
0
LWPOLYLINE
5
8553
100
AcDbEntity
8
Panels
100
AcDbPolyline
90
4
70
1
38
0.0
10
18247.005
20
2126.473
10
18326.318
20
2128.134
10
18325.509
20
2166.74
10
18246.196
20
2165.079
0
LWPOLYLINE
5
8552
100
AcDbEntity
8
Panels
100
AcDbPolyline
90
4
70
1
38
0.0
10
17857.712
20
1711.429
10
17937.024
20
1713.09
10
17936.215
20
1751.696
10
17856.903
20
1750.035
0
LWPOLYLINE
5
8551
100
AcDbEntity
8
Panels
100
AcDbPolyline
90
4
70
1
38
0.0
10
17858.929
20
1653.327
10
17938.241
20
1654.989
10
17937.433
20
1693.595
10
17858.12
20
1691.933
0
LWPOLYLINE
5
8550
100
AcDbEntity
8
Panels
100
AcDbPolyline
90
4
70
1
38
0.0
10
17860.146
20
1595.226
10
17939.458
20
1596.887
10
17938.65
20
1635.493
10
17859.337
20
1633.832
0
LWPOLYLINE
5
854F
100
AcDbEntity
8
Panels
100
AcDbPolyline
90
4
70
1
38
0.0
10
17936.057
20
1771.197
10
18015.37
20
1772.859
10
18014.561
20
1811.464
10
17935.248
20
1809.803
0
LWPOLYLINE
5
854E
100
AcDbEntity
8
Panels
100
AcDbPolyline
90
4
70
1
38
0.0
10
17937.274
20
1713.096
10
18016.587
20
1714.757
10
18015.778
20
1753.363
10
17936.465
20
1751.701
0
LWPOLYLINE
5
854D
100
AcDbEntity
8
Panels
100
AcDbPolyline
90
4
70
1
38
0.0
10
18014.403
20
1830.965
10
18093.715
20
1832.627
10
18092.906
20
1871.233
10
18013.594
20
1869.571
0
LWPOLYLINE
5
854C
100
AcDbEntity
8
Panels
100
AcDbPolyline
90
4
70
1
38
0.0
10
18015.62
20
1772.864
10
18094.932
20
1774.525
10
18094.124
20
1813.131
10
18014.811
20
1811.47
0
LWPOLYLINE
5
854B
100
AcDbEntity
8
Panels
100
AcDbPolyline
90
4
70
1
38
0.0
10
18091.531
20
1948.835
10
18170.844
20
1950.496
10
18170.035
20
1989.102
10
18090.722
20
1987.441
0
LWPOLYLINE
5
854A
100
AcDbEntity
8
Panels
100
AcDbPolyline
90
4
70
1
38
0.0
10
18092.748
20
1890.734
10
18172.061
20
1892.395
10
18171.252
20
1931.001
10
18091.939
20
1929.339
0
LWPOLYLINE
5
8549
100
AcDbEntity
8
Panels
100
AcDbPolyline
90
4
70
1
38
0.0
10
18169.876
20
2008.603
10
18249.189
20
2010.265
10
18248.38
20
2048.87
10
18169.068
20
2047.209
0
LWPOLYLINE
5
8548
100
AcDbEntity
8
Panels
100
AcDbPolyline
90
4
70
1
38
0.0
10
18171.094
20
1950.502
10
18250.406
20
1952.163
10
18249.597
20
1990.769
10
18170.285
20
1989.108
0
LWPOLYLINE
5
8547
100
AcDbEntity
8
Panels
100
AcDbPolyline
90
4
70
1
38
0.0
10
18485.693
20
2131.473
10
18565.005
20
2133.134
10
18564.196
20
2171.74
10
18484.884
20
2170.079
0
LWPOLYLINE
5
8546
100
AcDbEntity
8
Panels
100
AcDbPolyline
90
4
70
1
38
0.0
10
18406.13
20
2129.806
10
18485.443
20
2131.468
10
18484.634
20
2170.073
10
18405.321
20
2168.412
0
LWPOLYLINE
5
8545
100
AcDbEntity
8
Panels
100
AcDbPolyline
90
4
70
1
38
0.0
10
18326.567
20
2128.14
10
18405.88
20
2129.801
10
18405.071
20
2168.407
10
18325.759
20
2166.745
0
LWPOLYLINE
5
8544
100
AcDbEntity
8
Panels
100
AcDbPolyline
90
4
70
1
38
0.0
10
18486.91
20
2073.371
10
18566.222
20
2075.033
10
18565.414
20
2113.638
10
18486.101
20
2111.977
0
LWPOLYLINE
5
8543
100
AcDbEntity
8
Panels
100
AcDbPolyline
90
4
70
1
38
0.0
10
18407.347
20
2071.705
10
18486.66
20
2073.366
10
18485.851
20
2111.972
10
18406.538
20
2110.31
0
LWPOLYLINE
5
8542
100
AcDbEntity
8
Panels
100
AcDbPolyline
90
4
70
1
38
0.0
10
18327.785
20
2070.038
10
18407.097
20
2071.699
10
18406.288
20
2110.305
10
18326.976
20
2108.644
0
LWPOLYLINE
5
8541
100
AcDbEntity
8
Panels
100
AcDbPolyline
90
4
70
1
38
0.0
10
18248.222
20
2068.371
10
18327.535
20
2070.033
10
18326.726
20
2108.639
10
18247.413
20
2106.977
0
LWPOLYLINE
5
8540
100
AcDbEntity
8
Panels
100
AcDbPolyline
90
4
70
1
38
0.0
10
18488.127
20
2015.27
10
18567.439
20
2016.931
10
18566.631
20
2055.537
10
18487.318
20
2053.875
0
LWPOLYLINE
5
853F
100
AcDbEntity
8
Panels
100
AcDbPolyline
90
4
70
1
38
0.0
10
18408.564
20
2013.603
10
18487.877
20
2015.264
10
18487.068
20
2053.87
10
18407.755
20
2052.209
0
LWPOLYLINE
5
853E
100
AcDbEntity
8
Panels
100
AcDbPolyline
90
4
70
1
38
0.0
10
18329.002
20
2011.936
10
18408.314
20
2013.598
10
18407.505
20
2052.204
10
18328.193
20
2050.542
0
LWPOLYLINE
5
853D
100
AcDbEntity
8
Panels
100
AcDbPolyline
90
4
70
1
38
0.0
10
18249.439
20
2010.27
10
18328.752
20
2011.931
10
18327.943
20
2050.537
10
18248.63
20
2048.876
0
LWPOLYLINE
5
853C
100
AcDbEntity
8
Panels
100
AcDbPolyline
90
4
70
1
38
0.0
10
18489.344
20
1957.168
10
18568.656
20
1958.829
10
18567.848
20
1997.435
10
18488.535
20
1995.774
0
LWPOLYLINE
5
853B
100
AcDbEntity
8
Panels
100
AcDbPolyline
90
4
70
1
38
0.0
10
18409.781
20
1955.501
10
18489.094
20
1957.163
10
18488.285
20
1995.769
10
18408.972
20
1994.107
0
LWPOLYLINE
5
853A
100
AcDbEntity
8
Panels
100
AcDbPolyline
90
4
70
1
38
0.0
10
18330.219
20
1953.835
10
18409.531
20
1955.496
10
18408.723
20
1994.102
10
18329.41
20
1992.441
0
LWPOLYLINE
5
8539
100
AcDbEntity
8
Panels
100
AcDbPolyline
90
4
70
1
38
0.0
10
18250.656
20
1952.168
10
18329.969
20
1953.83
10
18329.16
20
1992.435
10
18249.847
20
1990.774
0
LWPOLYLINE
5
8538
100
AcDbEntity
8
Panels
100
AcDbPolyline
90
4
70
1
38
0.0
10
18490.561
20
1899.067
10
18569.873
20
1900.728
10
18569.065
20
1939.334
10
18489.752
20
1937.672
0
LWPOLYLINE
5
8537
100
AcDbEntity
8
Panels
100
AcDbPolyline
90
4
70
1
38
0.0
10
18410.998
20
1897.4
10
18490.311
20
1899.061
10
18489.502
20
1937.667
10
18410.19
20
1936.006
0
LWPOLYLINE
5
8536
100
AcDbEntity
8
Panels
100
AcDbPolyline
90
4
70
1
38
0.0
10
18331.436
20
1895.733
10
18410.748
20
1897.395
10
18409.94
20
1936.001
10
18330.627
20
1934.339
0
LWPOLYLINE
5
8535
100
AcDbEntity
8
Panels
100
AcDbPolyline
90
4
70
1
38
0.0
10
18251.873
20
1894.067
10
18331.186
20
1895.728
10
18330.377
20
1934.334
10
18251.064
20
1932.673
0
LWPOLYLINE
5
8534
100
AcDbEntity
8
Panels
100
AcDbPolyline
90
4
70
1
38
0.0
10
18172.311
20
1892.4
10
18251.623
20
1894.061
10
18250.814
20
1932.667
10
18171.502
20
1931.006
0
LWPOLYLINE
5
8533
100
AcDbEntity
8
Panels
100
AcDbPolyline
90
4
70
1
38
0.0
10
18491.778
20
1840.965
10
18571.09
20
1842.626
10
18570.282
20
1881.232
10
18490.969
20
1879.571
0
LWPOLYLINE
5
8532
100
AcDbEntity
8
Panels
100
AcDbPolyline
90
4
70
1
38
0.0
10
18412.215
20
1839.298
10
18491.528
20
1840.96
10
18490.719
20
1879.566
10
18411.407
20
1877.904
0
LWPOLYLINE
5
8531
100
AcDbEntity
8
Panels
100
AcDbPolyline
90
4
70
1
38
0.0
10
18332.653
20
1837.632
10
18411.965
20
1839.293
10
18411.157
20
1877.899
10
18331.844
20
1876.238
0
LWPOLYLINE
5
8530
100
AcDbEntity
8
Panels
100
AcDbPolyline
90
4
70
1
38
0.0
10
18253.09
20
1835.965
10
18332.403
20
1837.627
10
18331.594
20
1876.232
10
18252.281
20
1874.571
0
LWPOLYLINE
5
852F
100
AcDbEntity
8
Panels
100
AcDbPolyline
90
4
70
1
38
0.0
10
18173.528
20
1834.299
10
18252.84
20
1835.96
10
18252.032
20
1874.566
10
18172.719
20
1872.904
0
LWPOLYLINE
5
852E
100
AcDbEntity
8
Panels
100
AcDbPolyline
90
4
70
1
38
0.0
10
18093.965
20
1832.632
10
18173.278
20
1834.293
10
18172.469
20
1872.899
10
18093.156
20
1871.238
0
LWPOLYLINE
5
852D
100
AcDbEntity
8
Panels
100
AcDbPolyline
90
4
70
1
38
0.0
10
18492.995
20
1782.863
10
18572.307
20
1784.525
10
18571.499
20
1823.131
10
18492.186
20
1821.469
0
LWPOLYLINE
5
852C
100
AcDbEntity
8
Panels
100
AcDbPolyline
90
4
70
1
38
0.0
10
18413.432
20
1781.197
10
18492.745
20
1782.858
10
18491.936
20
1821.464
10
18412.624
20
1819.803
0
LWPOLYLINE
5
852B
100
AcDbEntity
8
Panels
100
AcDbPolyline
90
4
70
1
38
0.0
10
18333.87
20
1779.53
10
18413.182
20
1781.192
10
18412.374
20
1819.797
10
18333.061
20
1818.136
0
LWPOLYLINE
5
852A
100
AcDbEntity
8
Panels
100
AcDbPolyline
90
4
70
1
38
0.0
10
18254.307
20
1777.864
10
18333.62
20
1779.525
10
18332.811
20
1818.131
10
18253.499
20
1816.469
0
LWPOLYLINE
5
8529
100
AcDbEntity
8
Panels
100
AcDbPolyline
90
4
70
1
38
0.0
10
18482.041
20
2305.777
10
18561.354
20
2307.439
10
18560.545
20
2346.045
10
18481.233
20
2344.383
0
LWPOLYLINE
5
8528
100
AcDbEntity
8
Panels
100
AcDbPolyline
90
4
70
1
38
0.0
10
18494.212
20
1724.762
10
18573.525
20
1726.423
10
18572.716
20
1765.029
10
18493.403
20
1763.368
0
LWPOLYLINE
5
8527
100
AcDbEntity
8
Panels
100
AcDbPolyline
90
4
70
1
38
0.0
10
18414.649
20
1723.095
10
18493.962
20
1724.757
10
18493.153
20
1763.362
10
18413.841
20
1761.701
0
LWPOLYLINE
5
8526
100
AcDbEntity
8
Panels
100
AcDbPolyline
90
4
70
1
38
0.0
10
18335.087
20
1721.429
10
18414.399
20
1723.09
10
18413.591
20
1761.696
10
18334.278
20
1760.034
0
LWPOLYLINE
5
8525
100
AcDbEntity
8
Panels
100
AcDbPolyline
90
4
70
1
38
0.0
10
18255.524
20
1719.762
10
18334.837
20
1721.423
10
18334.028
20
1760.029
10
18254.716
20
1758.368
0
LWPOLYLINE
5
8524
100
AcDbEntity
8
Panels
100
AcDbPolyline
90
4
70
1
38
0.0
10
18175.962
20
1718.095
10
18255.274
20
1719.757
10
18254.466
20
1758.363
10
18175.153
20
1756.701
0
LWPOLYLINE
5
8523
100
AcDbEntity
8
Panels
100
AcDbPolyline
90
4
70
1
38
0.0
10
18016.837
20
1714.762
10
18096.149
20
1716.424
10
18095.341
20
1755.029
10
18016.028
20
1753.368
0
LWPOLYLINE
5
8522
100
AcDbEntity
8
Panels
100
AcDbPolyline
90
4
70
1
38
0.0
10
18495.429
20
1666.66
10
18574.742
20
1668.322
10
18573.933
20
1706.927
10
18494.62
20
1705.266
0
LWPOLYLINE
5
8521
100
AcDbEntity
8
Panels
100
AcDbPolyline
90
4
70
1
38
0.0
10
18415.866
20
1664.994
10
18495.179
20
1666.655
10
18494.37
20
1705.261
10
18415.058
20
1703.599
0
LWPOLYLINE
5
8520
100
AcDbEntity
8
Panels
100
AcDbPolyline
90
4
70
1
38
0.0
10
18336.304
20
1663.327
10
18415.616
20
1664.988
10
18414.808
20
1703.594
10
18335.495
20
1701.933
0
LWPOLYLINE
5
851F
100
AcDbEntity
8
Panels
100
AcDbPolyline
90
4
70
1
38
0.0
10
18256.741
20
1661.66
10
18336.054
20
1663.322
10
18335.245
20
1701.928
10
18255.933
20
1700.266
0
LWPOLYLINE
5
851E
100
AcDbEntity
8
Panels
100
AcDbPolyline
90
4
70
1
38
0.0
10
18177.179
20
1659.994
10
18256.491
20
1661.655
10
18255.683
20
1700.261
10
18176.37
20
1698.6
0
LWPOLYLINE
5
851D
100
AcDbEntity
8
Panels
100
AcDbPolyline
90
4
70
1
38
0.0
10
18097.616
20
1658.327
10
18176.929
20
1659.989
10
18176.12
20
1698.594
10
18096.808
20
1696.933
0
LWPOLYLINE
5
851C
100
AcDbEntity
8
Panels
100
AcDbPolyline
90
4
70
1
38
0.0
10
18018.054
20
1656.661
10
18097.366
20
1658.322
10
18096.558
20
1696.928
10
18017.245
20
1695.266
0
LWPOLYLINE
5
851B
100
AcDbEntity
8
Panels
100
AcDbPolyline
90
4
70
1
38
0.0
10
17938.491
20
1654.994
10
18017.804
20
1656.655
10
18016.995
20
1695.261
10
17937.682
20
1693.6
0
LWPOLYLINE
5
851A
100
AcDbEntity
8
Panels
100
AcDbPolyline
90
4
70
1
38
0.0
10
18496.646
20
1608.559
10
18575.959
20
1610.22
10
18575.15
20
1648.826
10
18495.837
20
1647.165
0
LWPOLYLINE
5
8519
100
AcDbEntity
8
Panels
100
AcDbPolyline
90
4
70
1
38
0.0
10
18417.083
20
1606.892
10
18496.396
20
1608.553
10
18495.587
20
1647.159
10
18416.275
20
1645.498
0
LWPOLYLINE
5
8518
100
AcDbEntity
8
Panels
100
AcDbPolyline
90
4
70
1
38
0.0
10
18337.521
20
1605.225
10
18416.834
20
1606.887
10
18416.025
20
1645.493
10
18336.712
20
1643.831
0
LWPOLYLINE
5
8517
100
AcDbEntity
8
Panels
100
AcDbPolyline
90
4
70
1
38
0.0
10
18257.958
20
1603.559
10
18337.271
20
1605.22
10
18336.462
20
1643.826
10
18257.15
20
1642.165
0
LWPOLYLINE
5
8516
100
AcDbEntity
8
Panels
100
AcDbPolyline
90
4
70
1
38
0.0
10
18178.396
20
1601.892
10
18257.708
20
1603.554
10
18256.9
20
1642.159
10
18177.587
20
1640.498
0
LWPOLYLINE
5
8515
100
AcDbEntity
8
Panels
100
AcDbPolyline
90
4
70
1
38
0.0
10
18098.833
20
1600.226
10
18178.146
20
1601.887
10
18177.337
20
1640.493
10
18098.025
20
1638.832
0
LWPOLYLINE
5
8514
100
AcDbEntity
8
Panels
100
AcDbPolyline
90
4
70
1
38
0.0
10
18019.271
20
1598.559
10
18098.583
20
1600.22
10
18097.775
20
1638.826
10
18018.462
20
1637.165
0
LWPOLYLINE
5
8513
100
AcDbEntity
8
Panels
100
AcDbPolyline
90
4
70
1
38
0.0
10
17939.708
20
1596.892
10
18019.021
20
1598.554
10
18018.212
20
1637.16
10
17938.9
20
1635.498
0
LWPOLYLINE
5
8512
100
AcDbEntity
8
Panels
100
AcDbPolyline
90
4
70
1
38
0.0
10
18338.738
20
1547.124
10
18418.051
20
1548.785
10
18417.242
20
1587.391
10
18337.929
20
1585.73
0
LWPOLYLINE
5
8511
100
AcDbEntity
8
Panels
100
AcDbPolyline
90
4
70
1
38
0.0
10
18259.175
20
1545.457
10
18338.488
20
1547.119
10
18337.679
20
1585.725
10
18258.367
20
1584.063
0
LWPOLYLINE
5
8510
100
AcDbEntity
8
Panels
100
AcDbPolyline
90
4
70
1
38
0.0
10
18179.613
20
1543.791
10
18258.925
20
1545.452
10
18258.117
20
1584.058
10
18178.804
20
1582.397
0
LWPOLYLINE
5
850F
100
AcDbEntity
8
Panels
100
AcDbPolyline
90
4
70
1
38
0.0
10
18100.05
20
1542.124
10
18179.363
20
1543.785
10
18178.554
20
1582.391
10
18099.242
20
1580.73
0
LWPOLYLINE
5
850E
100
AcDbEntity
8
Panels
100
AcDbPolyline
90
4
70
1
38
0.0
10
18020.488
20
1540.458
10
18099.8
20
1542.119
10
18098.992
20
1580.725
10
18019.679
20
1579.063
0
LWPOLYLINE
5
850D
100
AcDbEntity
8
Panels
100
AcDbPolyline
90
4
70
1
38
0.0
10
17940.925
20
1538.791
10
18020.238
20
1540.452
10
18019.429
20
1579.058
10
17940.117
20
1577.397
0
LWPOLYLINE
5
850C
100
AcDbEntity
8
Panels
100
AcDbPolyline
90
4
70
1
38
0.0
10
18180.83
20
1485.689
10
18260.143
20
1487.351
10
18259.334
20
1525.956
10
18180.021
20
1524.295
0
LWPOLYLINE
5
850B
100
AcDbEntity
8
Panels
100
AcDbPolyline
90
4
70
1
38
0.0
10
18101.267
20
1484.023
10
18180.58
20
1485.684
10
18179.771
20
1524.29
10
18100.459
20
1522.628
0
LWPOLYLINE
5
850A
100
AcDbEntity
8
Panels
100
AcDbPolyline
90
4
70
1
38
0.0
10
18021.705
20
1482.356
10
18101.017
20
1484.017
10
18100.209
20
1522.623
10
18020.896
20
1520.962
0
LWPOLYLINE
5
8509
100
AcDbEntity
8
Panels
100
AcDbPolyline
90
4
70
1
38
0.0
10
17942.142
20
1480.689
10
18021.455
20
1482.351
10
18020.646
20
1520.957
10
17941.334
20
1519.295
0
LWPOLYLINE
5
8508
100
AcDbEntity
8
Panels
100
AcDbPolyline
90
4
70
1
38
0.0
10
18102.484
20
1425.921
10
18181.797
20
1427.582
10
18180.988
20
1466.188
10
18101.676
20
1464.527
0
LWPOLYLINE
5
8507
100
AcDbEntity
8
Panels
100
AcDbPolyline
90
4
70
1
38
0.0
10
18022.922
20
1424.254
10
18102.235
20
1425.916
10
18101.426
20
1464.522
10
18022.113
20
1462.86
0
LWPOLYLINE
5
8506
100
AcDbEntity
8
Panels
100
AcDbPolyline
90
4
70
1
38
0.0
10
17943.359
20
1422.588
10
18022.672
20
1424.249
10
18021.863
20
1462.855
10
17942.551
20
1461.194
0
LWPOLYLINE
5
8505
100
AcDbEntity
8
Panels
100
AcDbPolyline
90
4
70
1
38
0.0
10
18024.139
20
1366.153
10
18103.452
20
1367.814
10
18102.643
20
1406.42
10
18023.33
20
1404.759
0
LWPOLYLINE
5
8504
100
AcDbEntity
8
Panels
100
AcDbPolyline
90
4
70
1
38
0.0
10
17944.576
20
1364.486
10
18023.889
20
1366.148
10
18023.08
20
1404.753
10
17943.768
20
1403.092
0
LWPOLYLINE
5
8503
100
AcDbEntity
8
Panels
100
AcDbPolyline
90
4
70
1
38
0.0
10
17945.793
20
1306.385
10
18025.106
20
1308.046
10
18024.297
20
1346.652
10
17944.985
20
1344.99
0
LWPOLYLINE
5
8502
100
AcDbEntity
8
Panels
100
AcDbPolyline
90
4
70
1
38
0.0
10
17861.363
20
1537.124
10
17940.675
20
1538.786
10
17939.867
20
1577.392
10
17860.554
20
1575.73
0
LWPOLYLINE
5
8501
100
AcDbEntity
8
Panels
100
AcDbPolyline
90
4
70
1
38
0.0
10
17862.58
20
1479.023
10
17941.892
20
1480.684
10
17941.084
20
1519.29
10
17861.771
20
1517.629
0
LWPOLYLINE
5
8500
100
AcDbEntity
8
Panels
100
AcDbPolyline
90
4
70
1
38
0.0
10
17863.797
20
1420.921
10
17943.109
20
1422.583
10
17942.301
20
1461.188
10
17862.988
20
1459.527
0
LWPOLYLINE
5
84FF
100
AcDbEntity
8
Panels
100
AcDbPolyline
90
4
70
1
38
0.0
10
17784.234
20
1419.255
10
17863.547
20
1420.916
10
17862.738
20
1459.522
10
17783.426
20
1457.86
0
LWPOLYLINE
5
84FE
100
AcDbEntity
8
Panels
100
AcDbPolyline
90
4
70
1
38
0.0
10
17704.672
20
1417.588
10
17783.984
20
1419.249
10
17783.176
20
1457.855
10
17703.863
20
1456.194
0
LWPOLYLINE
5
84FD
100
AcDbEntity
8
Panels
100
AcDbPolyline
90
4
70
1
38
0.0
10
17865.014
20
1362.82
10
17944.326
20
1364.481
10
17943.518
20
1403.087
10
17864.205
20
1401.425
0
LWPOLYLINE
5
84FC
100
AcDbEntity
8
Panels
100
AcDbPolyline
90
4
70
1
38
0.0
10
17785.451
20
1361.153
10
17864.764
20
1362.814
10
17863.955
20
1401.42
10
17784.643
20
1399.759
0
LWPOLYLINE
5
84FB
100
AcDbEntity
8
Panels
100
AcDbPolyline
90
4
70
1
38
0.0
10
17705.889
20
1359.486
10
17785.201
20
1361.148
10
17784.393
20
1399.754
10
17705.08
20
1398.092
0
LWPOLYLINE
5
84FA
100
AcDbEntity
8
Panels
100
AcDbPolyline
90
4
70
1
38
0.0
10
17866.231
20
1304.718
10
17945.544
20
1306.379
10
17944.735
20
1344.985
10
17865.422
20
1343.324
0
LWPOLYLINE
5
84F9
100
AcDbEntity
8
Panels
100
AcDbPolyline
90
4
70
1
38
0.0
10
17786.668
20
1303.051
10
17865.981
20
1304.713
10
17865.172
20
1343.319
10
17785.86
20
1341.657
0
LWPOLYLINE
5
84F8
100
AcDbEntity
8
Panels
100
AcDbPolyline
90
4
70
1
38
0.0
10
17707.106
20
1301.385
10
17786.418
20
1303.046
10
17785.61
20
1341.652
10
17706.297
20
1339.991
0
LWPOLYLINE
5
84F7
100
AcDbEntity
8
Panels
100
AcDbPolyline
90
4
70
1
38
0.0
10
17627.543
20
1299.718
10
17706.856
20
1301.38
10
17706.047
20
1339.985
10
17626.735
20
1338.324
0
LWPOLYLINE
5
84F6
100
AcDbEntity
8
Panels
100
AcDbPolyline
90
4
70
1
38
0.0
10
17867.448
20
1246.616
10
17946.761
20
1248.278
10
17945.952
20
1286.884
10
17866.639
20
1285.222
0
LWPOLYLINE
5
84F5
100
AcDbEntity
8
Panels
100
AcDbPolyline
90
4
70
1
38
0.0
10
17787.885
20
1244.95
10
17867.198
20
1246.611
10
17866.389
20
1285.217
10
17787.077
20
1283.556
0
LWPOLYLINE
5
84F4
100
AcDbEntity
8
Panels
100
AcDbPolyline
90
4
70
1
38
0.0
10
17708.323
20
1243.283
10
17787.635
20
1244.945
10
17786.827
20
1283.55
10
17707.514
20
1281.889
0
LWPOLYLINE
5
84F3
100
AcDbEntity
8
Panels
100
AcDbPolyline
90
4
70
1
38
0.0
10
17628.76
20
1241.617
10
17708.073
20
1243.278
10
17707.264
20
1281.884
10
17627.952
20
1280.223
0
LWPOLYLINE
5
84F2
100
AcDbEntity
8
Panels
100
AcDbPolyline
90
4
70
1
38
0.0
10
17549.198
20
1239.95
10
17628.51
20
1241.611
10
17627.702
20
1280.217
10
17548.389
20
1278.556
0
LWPOLYLINE
5
84F1
100
AcDbEntity
8
Panels
100
AcDbPolyline
90
4
70
1
38
0.0
10
17789.102
20
1186.848
10
17868.415
20
1188.51
10
17867.606
20
1227.116
10
17788.294
20
1225.454
0
LWPOLYLINE
5
84F0
100
AcDbEntity
8
Panels
100
AcDbPolyline
90
4
70
1
38
0.0
10
17709.54
20
1185.182
10
17788.853
20
1186.843
10
17788.044
20
1225.449
10
17708.731
20
1223.788
0
LWPOLYLINE
5
84EF
100
AcDbEntity
8
Panels
100
AcDbPolyline
90
4
70
1
38
0.0
10
17629.977
20
1183.515
10
17709.29
20
1185.176
10
17708.481
20
1223.782
10
17629.169
20
1222.121
0
LWPOLYLINE
5
84EE
100
AcDbEntity
8
Panels
100
AcDbPolyline
90
4
70
1
38
0.0
10
17550.415
20
1181.849
10
17629.727
20
1183.51
10
17628.919
20
1222.116
10
17549.606
20
1220.454
0
LWPOLYLINE
5
84ED
100
AcDbEntity
8
Panels
100
AcDbPolyline
90
4
70
1
38
0.0
10
17710.757
20
1127.08
10
17790.07
20
1128.742
10
17789.261
20
1167.347
10
17709.948
20
1165.686
0
LWPOLYLINE
5
84EC
100
AcDbEntity
8
Panels
100
AcDbPolyline
90
4
70
1
38
0.0
10
17631.194
20
1125.414
10
17710.507
20
1127.075
10
17709.698
20
1165.681
10
17630.386
20
1164.019
0
LWPOLYLINE
5
840B
100
AcDbEntity
8
Panels
100
AcDbPolyline
90
4
70
1
38
-27.035
10
17198.946
20
2897.323
10
17270.07
20
2932.459
10
17252.967
20
2967.079
10
17181.843
20
2931.943
0
LWPOLYLINE
5
840A
100
AcDbEntity
8
Panels
100
AcDbPolyline
90
4
70
1
38
-27.035
10
17670.388
20
2482.032
10
17741.513
20
2517.169
10
17724.41
20
2551.789
10
17653.285
20
2516.653
0
LWPOLYLINE
5
8409
100
AcDbEntity
8
Panels
100
AcDbPolyline
90
4
70
1
38
-27.035
10
17367.383
20
2915.714
10
17438.507
20
2950.85
10
17421.404
20
2985.471
10
17350.28
20
2950.334
0
LWPOLYLINE
5
8408
100
AcDbEntity
8
Panels
100
AcDbPolyline
90
4
70
1
38
-27.035
10
17127.597
20
2862.076
10
17198.722
20
2897.212
10
17181.619
20
2931.832
10
17110.494
20
2896.696
0
LWPOLYLINE
5
8407
100
AcDbEntity
8
Panels
100
AcDbPolyline
90
4
70
1
38
-27.035
10
17296.034
20
2880.467
10
17367.158
20
2915.603
10
17350.056
20
2950.223
10
17278.931
20
2915.087
0
LWPOLYLINE
5
8406
100
AcDbEntity
8
Panels
100
AcDbPolyline
90
4
70
1
38
-27.035
10
17224.686
20
2845.22
10
17295.81
20
2880.356
10
17278.707
20
2914.976
10
17207.583
20
2879.84
0
LWPOLYLINE
5
8405
100
AcDbEntity
8
Panels
100
AcDbPolyline
90
4
70
1
38
-27.035
10
17153.337
20
2809.972
10
17224.461
20
2845.109
10
17207.359
20
2879.729
10
17136.234
20
2844.593
0
LWPOLYLINE
5
8404
100
AcDbEntity
8
Panels
100
AcDbPolyline
90
4
70
1
38
-27.035
10
17535.819
20
2934.105
10
17606.944
20
2969.241
10
17589.841
20
3003.862
10
17518.717
20
2968.725
0
LWPOLYLINE
5
8403
100
AcDbEntity
8
Panels
100
AcDbPolyline
90
4
70
1
38
-27.035
10
17464.471
20
2898.858
10
17535.595
20
2933.994
10
17518.492
20
2968.615
10
17447.368
20
2933.478
0
LWPOLYLINE
5
8402
100
AcDbEntity
8
Panels
100
AcDbPolyline
90
4
70
1
38
-27.035
10
17393.122
20
2863.611
10
17464.247
20
2898.747
10
17447.144
20
2933.367
10
17376.019
20
2898.231
0
LWPOLYLINE
5
8401
100
AcDbEntity
8
Panels
100
AcDbPolyline
90
4
70
1
38
-27.035
10
17321.774
20
2828.364
10
17392.898
20
2863.5
10
17375.795
20
2898.12
10
17304.671
20
2862.984
0
LWPOLYLINE
5
8400
100
AcDbEntity
8
Panels
100
AcDbPolyline
90
4
70
1
38
-27.035
10
17250.425
20
2793.116
10
17321.55
20
2828.253
10
17304.447
20
2862.873
10
17233.322
20
2827.737
0
LWPOLYLINE
5
83FF
100
AcDbEntity
8
Panels
100
AcDbPolyline
90
4
70
1
38
-27.035
10
17179.077
20
2757.869
10
17250.201
20
2793.006
10
17233.098
20
2827.626
10
17161.974
20
2792.489
0
LWPOLYLINE
5
83FE
100
AcDbEntity
8
Panels
100
AcDbPolyline
90
4
70
1
38
-27.035
10
17561.559
20
2882.002
10
17632.683
20
2917.138
10
17615.581
20
2951.758
10
17544.456
20
2916.622
0
LWPOLYLINE
5
83FD
100
AcDbEntity
8
Panels
100
AcDbPolyline
90
4
70
1
38
-27.035
10
17490.211
20
2846.755
10
17561.335
20
2881.891
10
17544.232
20
2916.511
10
17473.108
20
2881.375
0
LWPOLYLINE
5
83FC
100
AcDbEntity
8
Panels
100
AcDbPolyline
90
4
70
1
38
-27.035
10
17418.862
20
2811.508
10
17489.986
20
2846.644
10
17472.884
20
2881.264
10
17401.759
20
2846.128
0
LWPOLYLINE
5
83FB
100
AcDbEntity
8
Panels
100
AcDbPolyline
90
4
70
1
38
-27.035
10
17347.513
20
2776.26
10
17418.638
20
2811.397
10
17401.535
20
2846.017
10
17330.411
20
2810.881
0
LWPOLYLINE
5
83FA
100
AcDbEntity
8
Panels
100
AcDbPolyline
90
4
70
1
38
-27.035
10
17276.165
20
2741.013
10
17347.289
20
2776.15
10
17330.186
20
2810.77
10
17259.062
20
2775.633
0
LWPOLYLINE
5
83F9
100
AcDbEntity
8
Panels
100
AcDbPolyline
90
4
70
1
38
-27.035
10
17204.816
20
2705.766
10
17275.941
20
2740.903
10
17258.838
20
2775.523
10
17187.714
20
2740.386
0
LWPOLYLINE
5
83F8
100
AcDbEntity
8
Panels
100
AcDbPolyline
90
4
70
1
38
-27.035
10
17658.647
20
2865.146
10
17729.772
20
2900.282
10
17712.669
20
2934.902
10
17641.544
20
2899.766
0
LWPOLYLINE
5
83F7
100
AcDbEntity
8
Panels
100
AcDbPolyline
90
4
70
1
38
-27.035
10
17587.299
20
2829.899
10
17658.423
20
2865.035
10
17641.32
20
2899.655
10
17570.196
20
2864.519
0
LWPOLYLINE
5
83F6
100
AcDbEntity
8
Panels
100
AcDbPolyline
90
4
70
1
38
-27.035
10
17515.95
20
2794.652
10
17587.075
20
2829.788
10
17569.972
20
2864.408
10
17498.847
20
2829.272
0
LWPOLYLINE
5
83F5
100
AcDbEntity
8
Panels
100
AcDbPolyline
90
4
70
1
38
-27.035
10
17444.602
20
2759.404
10
17515.726
20
2794.541
10
17498.623
20
2829.161
10
17427.499
20
2794.025
0
LWPOLYLINE
5
83F4
100
AcDbEntity
8
Panels
100
AcDbPolyline
90
4
70
1
38
-27.035
10
17373.253
20
2724.157
10
17444.378
20
2759.294
10
17427.275
20
2793.914
10
17356.15
20
2758.777
0
LWPOLYLINE
5
83F3
100
AcDbEntity
8
Panels
100
AcDbPolyline
90
4
70
1
38
-27.035
10
17301.905
20
2688.91
10
17373.029
20
2724.046
10
17355.926
20
2758.667
10
17284.802
20
2723.53
0
LWPOLYLINE
5
83F2
100
AcDbEntity
8
Panels
100
AcDbPolyline
90
4
70
1
38
-27.035
10
17230.556
20
2653.663
10
17301.68
20
2688.799
10
17284.578
20
2723.42
10
17213.453
20
2688.283
0
LWPOLYLINE
5
83F1
100
AcDbEntity
8
Panels
100
AcDbPolyline
90
4
70
1
38
-27.035
10
17755.736
20
2848.29
10
17826.86
20
2883.426
10
17809.757
20
2918.046
10
17738.633
20
2882.91
0
LWPOLYLINE
5
83F0
100
AcDbEntity
8
Panels
100
AcDbPolyline
90
4
70
1
38
-27.035
10
17684.387
20
2813.043
10
17755.511
20
2848.179
10
17738.409
20
2882.799
10
17667.284
20
2847.663
0
LWPOLYLINE
5
83EF
100
AcDbEntity
8
Panels
100
AcDbPolyline
90
4
70
1
38
-27.035
10
17613.038
20
2777.795
10
17684.163
20
2812.932
10
17667.06
20
2847.552
10
17595.936
20
2812.416
0
LWPOLYLINE
5
83EE
100
AcDbEntity
8
Panels
100
AcDbPolyline
90
4
70
1
38
-27.035
10
17541.69
20
2742.548
10
17612.814
20
2777.685
10
17595.711
20
2812.305
10
17524.587
20
2777.169
0
LWPOLYLINE
5
83ED
100
AcDbEntity
8
Panels
100
AcDbPolyline
90
4
70
1
38
-27.035
10
17470.341
20
2707.301
10
17541.466
20
2742.438
10
17524.363
20
2777.058
10
17453.239
20
2741.921
0
LWPOLYLINE
5
83EC
100
AcDbEntity
8
Panels
100
AcDbPolyline
90
4
70
1
38
-27.035
10
17398.993
20
2672.054
10
17470.117
20
2707.19
10
17453.014
20
2741.811
10
17381.89
20
2706.674
0
LWPOLYLINE
5
83EB
100
AcDbEntity
8
Panels
100
AcDbPolyline
90
4
70
1
38
-27.035
10
17327.644
20
2636.807
10
17398.769
20
2671.943
10
17381.666
20
2706.563
10
17310.541
20
2671.427
0
LWPOLYLINE
5
83EA
100
AcDbEntity
8
Panels
100
AcDbPolyline
90
4
70
1
38
-27.035
10
17256.296
20
2601.56
10
17327.42
20
2636.696
10
17310.317
20
2671.316
10
17239.193
20
2636.18
0
LWPOLYLINE
5
83E9
100
AcDbEntity
8
Panels
100
AcDbPolyline
90
4
70
1
38
-27.035
10
17852.824
20
2831.434
10
17923.948
20
2866.57
10
17906.845
20
2901.19
10
17835.721
20
2866.054
0
LWPOLYLINE
5
83E8
100
AcDbEntity
8
Panels
100
AcDbPolyline
90
4
70
1
38
-27.035
10
17781.475
20
2796.187
10
17852.6
20
2831.323
10
17835.497
20
2865.943
10
17764.372
20
2830.807
0
LWPOLYLINE
5
83E7
100
AcDbEntity
8
Panels
100
AcDbPolyline
90
4
70
1
38
-27.035
10
17710.127
20
2760.939
10
17781.251
20
2796.076
10
17764.148
20
2830.696
10
17693.024
20
2795.56
0
LWPOLYLINE
5
83E6
100
AcDbEntity
8
Panels
100
AcDbPolyline
90
4
70
1
38
-27.035
10
17638.778
20
2725.692
10
17709.903
20
2760.829
10
17692.8
20
2795.449
10
17621.675
20
2760.312
0
LWPOLYLINE
5
83E5
100
AcDbEntity
8
Panels
100
AcDbPolyline
90
4
70
1
38
-27.035
10
17567.43
20
2690.445
10
17638.554
20
2725.582
10
17621.451
20
2760.202
10
17550.327
20
2725.065
0
LWPOLYLINE
5
83E4
100
AcDbEntity
8
Panels
100
AcDbPolyline
90
4
70
1
38
-27.035
10
17496.081
20
2655.198
10
17567.205
20
2690.334
10
17550.103
20
2724.955
10
17478.978
20
2689.818
0
LWPOLYLINE
5
83E3
100
AcDbEntity
8
Panels
100
AcDbPolyline
90
4
70
1
38
-27.035
10
17424.733
20
2619.951
10
17495.857
20
2655.087
10
17478.754
20
2689.707
10
17407.63
20
2654.571
0
LWPOLYLINE
5
83E2
100
AcDbEntity
8
Panels
100
AcDbPolyline
90
4
70
1
38
-27.035
10
17353.384
20
2584.704
10
17424.508
20
2619.84
10
17407.406
20
2654.46
10
17336.281
20
2619.324
0
LWPOLYLINE
5
83E1
100
AcDbEntity
8
Panels
100
AcDbPolyline
90
4
70
1
38
-27.035
10
17282.035
20
2549.457
10
17353.16
20
2584.593
10
17336.057
20
2619.213
10
17264.933
20
2584.077
0
LWPOLYLINE
5
83E0
100
AcDbEntity
8
Panels
100
AcDbPolyline
90
4
70
1
38
-27.035
10
17949.912
20
2814.578
10
18021.036
20
2849.714
10
18003.934
20
2884.334
10
17932.809
20
2849.198
0
LWPOLYLINE
5
83DF
100
AcDbEntity
8
Panels
100
AcDbPolyline
90
4
70
1
38
-27.035
10
17878.563
20
2779.331
10
17949.688
20
2814.467
10
17932.585
20
2849.087
10
17861.461
20
2813.951
0
LWPOLYLINE
5
83DE
100
AcDbEntity
8
Panels
100
AcDbPolyline
90
4
70
1
38
-27.035
10
17807.215
20
2744.083
10
17878.339
20
2779.22
10
17861.236
20
2813.84
10
17790.112
20
2778.704
0
LWPOLYLINE
5
83DD
100
AcDbEntity
8
Panels
100
AcDbPolyline
90
4
70
1
38
-27.035
10
17735.866
20
2708.836
10
17806.991
20
2743.973
10
17789.888
20
2778.593
10
17718.764
20
2743.456
0
LWPOLYLINE
5
83DC
100
AcDbEntity
8
Panels
100
AcDbPolyline
90
4
70
1
38
-27.035
10
17664.518
20
2673.589
10
17735.642
20
2708.726
10
17718.539
20
2743.346
10
17647.415
20
2708.209
0
LWPOLYLINE
5
83DB
100
AcDbEntity
8
Panels
100
AcDbPolyline
90
4
70
1
38
-27.035
10
17593.169
20
2638.342
10
17664.294
20
2673.478
10
17647.191
20
2708.099
10
17576.066
20
2672.962
0
LWPOLYLINE
5
83DA
100
AcDbEntity
8
Panels
100
AcDbPolyline
90
4
70
1
38
-27.035
10
17521.821
20
2603.095
10
17592.945
20
2638.231
10
17575.842
20
2672.851
10
17504.718
20
2637.715
0
LWPOLYLINE
5
83D9
100
AcDbEntity
8
Panels
100
AcDbPolyline
90
4
70
1
38
-27.035
10
17450.472
20
2567.848
10
17521.597
20
2602.984
10
17504.494
20
2637.604
10
17433.369
20
2602.468
0
LWPOLYLINE
5
83D8
100
AcDbEntity
8
Panels
100
AcDbPolyline
90
4
70
1
38
-27.035
10
17379.124
20
2532.601
10
17450.248
20
2567.737
10
17433.145
20
2602.357
10
17362.021
20
2567.221
0
LWPOLYLINE
5
83D7
100
AcDbEntity
8
Panels
100
AcDbPolyline
90
4
70
1
38
-27.035
10
17307.775
20
2497.353
10
17378.9
20
2532.49
10
17361.797
20
2567.11
10
17290.672
20
2531.974
0
LWPOLYLINE
5
83D6
100
AcDbEntity
8
Panels
100
AcDbPolyline
90
4
70
1
38
-27.035
10
17975.652
20
2762.475
10
18046.776
20
2797.611
10
18029.673
20
2832.231
10
17958.549
20
2797.095
0
LWPOLYLINE
5
83D5
100
AcDbEntity
8
Panels
100
AcDbPolyline
90
4
70
1
38
-27.035
10
17904.303
20
2727.227
10
17975.428
20
2762.364
10
17958.325
20
2796.984
10
17887.2
20
2761.848
0
LWPOLYLINE
5
83D4
100
AcDbEntity
8
Panels
100
AcDbPolyline
90
4
70
1
38
-27.035
10
17832.955
20
2691.98
10
17904.079
20
2727.117
10
17886.976
20
2761.737
10
17815.852
20
2726.6
0
LWPOLYLINE
5
83D3
100
AcDbEntity
8
Panels
100
AcDbPolyline
90
4
70
1
38
-27.035
10
17761.606
20
2656.733
10
17832.73
20
2691.87
10
17815.628
20
2726.49
10
17744.503
20
2691.353
0
LWPOLYLINE
5
83D2
100
AcDbEntity
8
Panels
100
AcDbPolyline
90
4
70
1
38
-27.035
10
17690.257
20
2621.486
10
17761.382
20
2656.622
10
17744.279
20
2691.243
10
17673.155
20
2656.106
0
LWPOLYLINE
5
83D1
100
AcDbEntity
8
Panels
100
AcDbPolyline
90
4
70
1
38
-27.035
10
17618.909
20
2586.239
10
17690.033
20
2621.375
10
17672.931
20
2655.995
10
17601.806
20
2620.859
0
LWPOLYLINE
5
83D0
100
AcDbEntity
8
Panels
100
AcDbPolyline
90
4
70
1
38
-27.035
10
17547.56
20
2550.992
10
17618.685
20
2586.128
10
17601.582
20
2620.748
10
17530.458
20
2585.612
0
LWPOLYLINE
5
83CF
100
AcDbEntity
8
Panels
100
AcDbPolyline
90
4
70
1
38
-27.035
10
17476.212
20
2515.744
10
17547.336
20
2550.881
10
17530.233
20
2585.501
10
17459.109
20
2550.365
0
LWPOLYLINE
5
83CE
100
AcDbEntity
8
Panels
100
AcDbPolyline
90
4
70
1
38
-27.035
10
17404.863
20
2480.497
10
17475.988
20
2515.634
10
17458.885
20
2550.254
10
17387.76
20
2515.118
0
LWPOLYLINE
5
83CD
100
AcDbEntity
8
Panels
100
AcDbPolyline
90
4
70
1
38
-27.035
10
17333.515
20
2445.25
10
17404.639
20
2480.387
10
17387.536
20
2515.007
10
17316.412
20
2479.87
0
LWPOLYLINE
5
83CC
100
AcDbEntity
8
Panels
100
AcDbPolyline
90
4
70
1
38
-27.035
10
18195.568
20
2676.659
10
18266.692
20
2711.796
10
18249.589
20
2746.416
10
18178.465
20
2711.279
0
LWPOLYLINE
5
83CB
100
AcDbEntity
8
Panels
100
AcDbPolyline
90
4
70
1
38
-27.035
10
18292.656
20
2659.803
10
18363.78
20
2694.94
10
18346.678
20
2729.56
10
18275.553
20
2694.423
0
LWPOLYLINE
5
83CA
100
AcDbEntity
8
Panels
100
AcDbPolyline
90
4
70
1
38
-27.035
10
18221.307
20
2624.556
10
18292.432
20
2659.693
10
18275.329
20
2694.313
10
18204.205
20
2659.176
0
LWPOLYLINE
5
83C9
100
AcDbEntity
8
Panels
100
AcDbPolyline
90
4
70
1
38
-27.035
10
18318.396
20
2607.7
10
18389.52
20
2642.837
10
18372.417
20
2677.457
10
18301.293
20
2642.32
0
LWPOLYLINE
5
83C8
100
AcDbEntity
8
Panels
100
AcDbPolyline
90
4
70
1
38
-27.035
10
18247.047
20
2572.453
10
18318.172
20
2607.589
10
18301.069
20
2642.21
10
18229.944
20
2607.073
0
LWPOLYLINE
5
83C7
100
AcDbEntity
8
Panels
100
AcDbPolyline
90
4
70
1
38
-27.035
10
18001.391
20
2710.371
10
18072.516
20
2745.508
10
18055.413
20
2780.128
10
17984.289
20
2744.992
0
LWPOLYLINE
5
83C6
100
AcDbEntity
8
Panels
100
AcDbPolyline
90
4
70
1
38
-27.035
10
17930.043
20
2675.124
10
18001.167
20
2710.261
10
17984.064
20
2744.881
10
17912.94
20
2709.744
0
LWPOLYLINE
5
83C5
100
AcDbEntity
8
Panels
100
AcDbPolyline
90
4
70
1
38
-27.035
10
17858.694
20
2639.877
10
17929.819
20
2675.013
10
17912.716
20
2709.634
10
17841.591
20
2674.497
0
LWPOLYLINE
5
83C4
100
AcDbEntity
8
Panels
100
AcDbPolyline
90
4
70
1
38
-27.035
10
17787.346
20
2604.63
10
17858.47
20
2639.766
10
17841.367
20
2674.387
10
17770.243
20
2639.25
0
LWPOLYLINE
5
83C3
100
AcDbEntity
8
Panels
100
AcDbPolyline
90
4
70
1
38
-27.035
10
17715.997
20
2569.383
10
17787.122
20
2604.519
10
17770.019
20
2639.139
10
17698.894
20
2604.003
0
LWPOLYLINE
5
83C2
100
AcDbEntity
8
Panels
100
AcDbPolyline
90
4
70
1
38
-27.035
10
17644.649
20
2534.136
10
17715.773
20
2569.272
10
17698.67
20
2603.892
10
17627.546
20
2568.756
0
LWPOLYLINE
5
83C1
100
AcDbEntity
8
Panels
100
AcDbPolyline
90
4
70
1
38
-27.035
10
17573.3
20
2498.888
10
17644.424
20
2534.025
10
17627.322
20
2568.645
10
17556.197
20
2533.509
0
LWPOLYLINE
5
83C0
100
AcDbEntity
8
Panels
100
AcDbPolyline
90
4
70
1
38
-27.035
10
17501.952
20
2463.641
10
17573.076
20
2498.778
10
17555.973
20
2533.398
10
17484.849
20
2498.261
0
LWPOLYLINE
5
83BF
100
AcDbEntity
8
Panels
100
AcDbPolyline
90
4
70
1
38
-27.035
10
17430.603
20
2428.394
10
17501.727
20
2463.531
10
17484.625
20
2498.151
10
17413.5
20
2463.014
0
LWPOLYLINE
5
83BE
100
AcDbEntity
8
Panels
100
AcDbPolyline
90
4
70
1
38
-27.035
10
17359.254
20
2393.147
10
17430.379
20
2428.283
10
17413.276
20
2462.904
10
17342.152
20
2427.767
0
LWPOLYLINE
5
83BD
100
AcDbEntity
8
Panels
100
AcDbPolyline
90
4
70
1
38
-27.035
10
18098.48
20
2693.515
10
18169.604
20
2728.652
10
18152.501
20
2763.272
10
18081.377
20
2728.136
0
LWPOLYLINE
5
83BC
100
AcDbEntity
8
Panels
100
AcDbPolyline
90
4
70
1
38
-27.035
10
18027.131
20
2658.268
10
18098.255
20
2693.405
10
18081.153
20
2728.025
10
18010.028
20
2692.888
0
LWPOLYLINE
5
83BB
100
AcDbEntity
8
Panels
100
AcDbPolyline
90
4
70
1
38
-27.035
10
17955.782
20
2623.021
10
18026.907
20
2658.157
10
18009.804
20
2692.778
10
17938.68
20
2657.641
0
LWPOLYLINE
5
83BA
100
AcDbEntity
8
Panels
100
AcDbPolyline
90
4
70
1
38
-27.035
10
17884.434
20
2587.774
10
17955.558
20
2622.91
10
17938.456
20
2657.53
10
17867.331
20
2622.394
0
LWPOLYLINE
5
83B9
100
AcDbEntity
8
Panels
100
AcDbPolyline
90
4
70
1
38
-27.035
10
17813.085
20
2552.527
10
17884.21
20
2587.663
10
17867.107
20
2622.283
10
17795.983
20
2587.147
0
LWPOLYLINE
5
83B8
100
AcDbEntity
8
Panels
100
AcDbPolyline
90
4
70
1
38
-27.035
10
17741.737
20
2517.28
10
17812.861
20
2552.416
10
17795.758
20
2587.036
10
17724.634
20
2551.9
0
LWPOLYLINE
5
83B7
100
AcDbEntity
8
Panels
100
AcDbPolyline
90
4
70
1
38
-27.035
10
17599.04
20
2446.785
10
17670.164
20
2481.922
10
17653.061
20
2516.542
10
17581.937
20
2481.405
0
LWPOLYLINE
5
83B6
100
AcDbEntity
8
Panels
100
AcDbPolyline
90
4
70
1
38
-27.035
10
17527.691
20
2411.538
10
17598.816
20
2446.675
10
17581.713
20
2481.295
10
17510.588
20
2446.158
0
LWPOLYLINE
5
83B5
100
AcDbEntity
8
Panels
100
AcDbPolyline
90
4
70
1
38
-27.035
10
17456.343
20
2376.291
10
17527.467
20
2411.427
10
17510.364
20
2446.048
10
17439.24
20
2410.911
0
LWPOLYLINE
5
83B4
100
AcDbEntity
8
Panels
100
AcDbPolyline
90
4
70
1
38
-27.035
10
17384.994
20
2341.044
10
17456.119
20
2376.18
10
17439.016
20
2410.8
10
17367.891
20
2375.664
0
LWPOLYLINE
5
83B3
100
AcDbEntity
8
Panels
100
AcDbPolyline
90
4
70
1
38
-27.035
10
18124.219
20
2641.412
10
18195.344
20
2676.549
10
18178.241
20
2711.169
10
18107.116
20
2676.032
0
LWPOLYLINE
5
83B2
100
AcDbEntity
8
Panels
100
AcDbPolyline
90
4
70
1
38
-27.035
10
18052.871
20
2606.165
10
18123.995
20
2641.301
10
18106.892
20
2675.922
10
18035.768
20
2640.785
0
LWPOLYLINE
5
83B1
100
AcDbEntity
8
Panels
100
AcDbPolyline
90
4
70
1
38
-27.035
10
17981.522
20
2570.918
10
18052.647
20
2606.054
10
18035.544
20
2640.674
10
17964.419
20
2605.538
0
LWPOLYLINE
5
83B0
100
AcDbEntity
8
Panels
100
AcDbPolyline
90
4
70
1
38
-27.035
10
17910.174
20
2535.671
10
17981.298
20
2570.807
10
17964.195
20
2605.427
10
17893.071
20
2570.291
0
LWPOLYLINE
5
83AF
100
AcDbEntity
8
Panels
100
AcDbPolyline
90
4
70
1
38
-27.035
10
17838.825
20
2500.424
10
17909.949
20
2535.56
10
17892.847
20
2570.18
10
17821.722
20
2535.044
0
LWPOLYLINE
5
83AE
100
AcDbEntity
8
Panels
100
AcDbPolyline
90
4
70
1
38
-27.035
10
17767.477
20
2465.176
10
17838.601
20
2500.313
10
17821.498
20
2534.933
10
17750.374
20
2499.797
0
LWPOLYLINE
5
83AD
100
AcDbEntity
8
Panels
100
AcDbPolyline
90
4
70
1
38
-27.035
10
17624.779
20
2394.682
10
17695.904
20
2429.818
10
17678.801
20
2464.439
10
17607.677
20
2429.302
0
LWPOLYLINE
5
83AC
100
AcDbEntity
8
Panels
100
AcDbPolyline
90
4
70
1
38
-27.035
10
17553.431
20
2359.435
10
17624.555
20
2394.571
10
17607.452
20
2429.192
10
17536.328
20
2394.055
0
LWPOLYLINE
5
83AB
100
AcDbEntity
8
Panels
100
AcDbPolyline
90
4
70
1
38
-27.035
10
17482.082
20
2324.188
10
17553.207
20
2359.324
10
17536.104
20
2393.944
10
17464.98
20
2358.808
0
LWPOLYLINE
5
83AA
100
AcDbEntity
8
Panels
100
AcDbPolyline
90
4
70
1
38
-27.035
10
17410.734
20
2288.941
10
17481.858
20
2324.077
10
17464.755
20
2358.697
10
17393.631
20
2323.561
0
LWPOLYLINE
5
83A9
100
AcDbEntity
8
Panels
100
AcDbPolyline
90
4
70
1
38
-27.035
10
18149.959
20
2589.309
10
18221.083
20
2624.445
10
18203.981
20
2659.066
10
18132.856
20
2623.929
0
LWPOLYLINE
5
83A8
100
AcDbEntity
8
Panels
100
AcDbPolyline
90
4
70
1
38
-27.035
10
18078.61
20
2554.062
10
18149.735
20
2589.198
10
18132.632
20
2623.818
10
18061.508
20
2588.682
0
LWPOLYLINE
5
83A7
100
AcDbEntity
8
Panels
100
AcDbPolyline
90
4
70
1
38
-27.035
10
18007.262
20
2518.815
10
18078.386
20
2553.951
10
18061.283
20
2588.571
10
17990.159
20
2553.435
0
LWPOLYLINE
5
83A6
100
AcDbEntity
8
Panels
100
AcDbPolyline
90
4
70
1
38
-27.035
10
17935.913
20
2483.567
10
18007.038
20
2518.704
10
17989.935
20
2553.324
10
17918.81
20
2518.188
0
LWPOLYLINE
5
83A5
100
AcDbEntity
8
Panels
100
AcDbPolyline
90
4
70
1
38
-27.035
10
17864.565
20
2448.32
10
17935.689
20
2483.457
10
17918.586
20
2518.077
10
17847.462
20
2482.941
0
LWPOLYLINE
5
83A4
100
AcDbEntity
8
Panels
100
AcDbPolyline
90
4
70
1
38
-27.035
10
17793.216
20
2413.073
10
17864.341
20
2448.21
10
17847.238
20
2482.83
10
17776.113
20
2447.693
0
LWPOLYLINE
5
83A3
100
AcDbEntity
8
Panels
100
AcDbPolyline
90
4
70
1
38
-27.035
10
17721.868
20
2377.826
10
17792.992
20
2412.962
10
17775.889
20
2447.583
10
17704.765
20
2412.446
0
LWPOLYLINE
5
83A2
100
AcDbEntity
8
Panels
100
AcDbPolyline
90
4
70
1
38
-27.035
10
17650.519
20
2342.579
10
17721.644
20
2377.715
10
17704.541
20
2412.336
10
17633.416
20
2377.199
0
LWPOLYLINE
5
83A1
100
AcDbEntity
8
Panels
100
AcDbPolyline
90
4
70
1
38
-27.035
10
17579.171
20
2307.332
10
17650.295
20
2342.468
10
17633.192
20
2377.088
10
17562.068
20
2341.952
0
LWPOLYLINE
5
83A0
100
AcDbEntity
8
Panels
100
AcDbPolyline
90
4
70
1
38
-27.035
10
17507.822
20
2272.085
10
17578.946
20
2307.221
10
17561.844
20
2341.841
10
17490.719
20
2306.705
0
LWPOLYLINE
5
839F
100
AcDbEntity
8
Panels
100
AcDbPolyline
90
4
70
1
38
-27.035
10
17436.474
20
2236.837
10
17507.598
20
2271.974
10
17490.495
20
2306.594
10
17419.371
20
2271.458
0
LWPOLYLINE
5
839E
100
AcDbEntity
8
Panels
100
AcDbPolyline
90
4
70
1
38
-27.035
10
18175.699
20
2537.206
10
18246.823
20
2572.342
10
18229.72
20
2606.962
10
18158.596
20
2571.826
0
LWPOLYLINE
5
839D
100
AcDbEntity
8
Panels
100
AcDbPolyline
90
4
70
1
38
-27.035
10
18104.35
20
2501.959
10
18175.474
20
2537.095
10
18158.372
20
2571.715
10
18087.247
20
2536.579
0
LWPOLYLINE
5
839C
100
AcDbEntity
8
Panels
100
AcDbPolyline
90
4
70
1
38
-27.035
10
18033.002
20
2466.711
10
18104.126
20
2501.848
10
18087.023
20
2536.468
10
18015.899
20
2501.332
0
LWPOLYLINE
5
839B
100
AcDbEntity
8
Panels
100
AcDbPolyline
90
4
70
1
38
-27.035
10
17961.653
20
2431.464
10
18032.777
20
2466.601
10
18015.675
20
2501.221
10
17944.55
20
2466.085
0
LWPOLYLINE
5
839A
100
AcDbEntity
8
Panels
100
AcDbPolyline
90
4
70
1
38
-27.035
10
17890.304
20
2396.217
10
17961.429
20
2431.354
10
17944.326
20
2465.974
10
17873.202
20
2430.837
0
LWPOLYLINE
5
8399
100
AcDbEntity
8
Panels
100
AcDbPolyline
90
4
70
1
38
-27.035
10
17818.956
20
2360.97
10
17890.08
20
2396.106
10
17872.977
20
2430.727
10
17801.853
20
2395.59
0
LWPOLYLINE
5
8398
100
AcDbEntity
8
Panels
100
AcDbPolyline
90
4
70
1
38
-27.035
10
17747.607
20
2325.723
10
17818.732
20
2360.859
10
17801.629
20
2395.479
10
17730.505
20
2360.343
0
LWPOLYLINE
5
8397
100
AcDbEntity
8
Panels
100
AcDbPolyline
90
4
70
1
38
-27.035
10
17676.259
20
2290.476
10
17747.383
20
2325.612
10
17730.28
20
2360.232
10
17659.156
20
2325.096
0
LWPOLYLINE
5
8396
100
AcDbEntity
8
Panels
100
AcDbPolyline
90
4
70
1
38
-27.035
10
17604.91
20
2255.229
10
17676.035
20
2290.365
10
17658.932
20
2324.985
10
17587.807
20
2289.849
0
LWPOLYLINE
5
8395
100
AcDbEntity
8
Panels
100
AcDbPolyline
90
4
70
1
38
-27.035
10
17533.562
20
2219.981
10
17604.686
20
2255.118
10
17587.583
20
2289.738
10
17516.459
20
2254.602
0
LWPOLYLINE
5
8394
100
AcDbEntity
8
Panels
100
AcDbPolyline
90
4
70
1
38
-27.035
10
17462.213
20
2184.734
10
17533.338
20
2219.871
10
17516.235
20
2254.491
10
17445.11
20
2219.354
0
LWPOLYLINE
5
8393
100
AcDbEntity
8
Panels
100
AcDbPolyline
90
4
70
1
38
-27.035
10
18130.09
20
2449.855
10
18201.214
20
2484.992
10
18184.111
20
2519.612
10
18112.987
20
2484.476
0
LWPOLYLINE
5
8392
100
AcDbEntity
8
Panels
100
AcDbPolyline
90
4
70
1
38
-27.035
10
18058.741
20
2414.608
10
18129.866
20
2449.745
10
18112.763
20
2484.365
10
18041.638
20
2449.228
0
LWPOLYLINE
5
8391
100
AcDbEntity
8
Panels
100
AcDbPolyline
90
4
70
1
38
-27.035
10
17987.393
20
2379.361
10
18058.517
20
2414.498
10
18041.414
20
2449.118
10
17970.29
20
2413.981
0
LWPOLYLINE
5
8390
100
AcDbEntity
8
Panels
100
AcDbPolyline
90
4
70
1
38
-27.035
10
17916.044
20
2344.114
10
17987.169
20
2379.25
10
17970.066
20
2413.871
10
17898.941
20
2378.734
0
LWPOLYLINE
5
838F
100
AcDbEntity
8
Panels
100
AcDbPolyline
90
4
70
1
38
-27.035
10
17844.696
20
2308.867
10
17915.82
20
2344.003
10
17898.717
20
2378.623
10
17827.593
20
2343.487
0
LWPOLYLINE
5
838E
100
AcDbEntity
8
Panels
100
AcDbPolyline
90
4
70
1
38
-27.035
10
17773.347
20
2273.62
10
17844.471
20
2308.756
10
17827.369
20
2343.376
10
17756.244
20
2308.24
0
LWPOLYLINE
5
838D
100
AcDbEntity
8
Panels
100
AcDbPolyline
90
4
70
1
38
-27.035
10
17701.999
20
2238.373
10
17773.123
20
2273.509
10
17756.02
20
2308.129
10
17684.896
20
2272.993
0
LWPOLYLINE
5
838C
100
AcDbEntity
8
Panels
100
AcDbPolyline
90
4
70
1
38
-27.035
10
17630.65
20
2203.125
10
17701.774
20
2238.262
10
17684.672
20
2272.882
10
17613.547
20
2237.746
0
LWPOLYLINE
5
838B
100
AcDbEntity
8
Panels
100
AcDbPolyline
90
4
70
1
38
-27.035
10
17559.301
20
2167.878
10
17630.426
20
2203.015
10
17613.323
20
2237.635
10
17542.199
20
2202.498
0
LWPOLYLINE
5
838A
100
AcDbEntity
8
Panels
100
AcDbPolyline
90
4
70
1
38
-27.035
10
17487.953
20
2132.631
10
17559.077
20
2167.767
10
17541.974
20
2202.388
10
17470.85
20
2167.251
0
LWPOLYLINE
5
8389
100
AcDbEntity
8
Panels
100
AcDbPolyline
90
4
70
1
38
-27.035
10
17727.738
20
2186.269
10
17798.863
20
2221.406
10
17781.76
20
2256.026
10
17710.635
20
2220.89
0
LWPOLYLINE
5
8388
100
AcDbEntity
8
Panels
100
AcDbPolyline
90
4
70
1
38
-27.035
10
17656.39
20
2151.022
10
17727.514
20
2186.159
10
17710.411
20
2220.779
10
17639.287
20
2185.642
0
LWPOLYLINE
5
8387
100
AcDbEntity
8
Panels
100
AcDbPolyline
90
4
70
1
38
-27.035
10
17585.041
20
2115.775
10
17656.166
20
2150.911
10
17639.063
20
2185.532
10
17567.938
20
2150.395
0
LWPOLYLINE
5
8386
100
AcDbEntity
8
Panels
100
AcDbPolyline
90
4
70
1
38
-27.035
10
17513.693
20
2080.528
10
17584.817
20
2115.664
10
17567.714
20
2150.284
10
17496.59
20
2115.148
0
LWPOLYLINE
5
8385
100
AcDbEntity
8
Panels
100
AcDbPolyline
90
4
70
1
38
25.865
10
16055.695
20
2445.02
10
16131.185
20
2469.403
10
16119.317
20
2506.148
10
16043.827
20
2481.765
0
LWPOLYLINE
5
8384
100
AcDbEntity
8
Panels
100
AcDbPolyline
90
4
70
1
38
25.865
10
16812.974
20
2689.614
10
16888.464
20
2713.997
10
16876.596
20
2750.742
10
16801.106
20
2726.36
0
LWPOLYLINE
5
8383
100
AcDbEntity
8
Panels
100
AcDbPolyline
90
4
70
1
38
25.865
10
16955.869
20
2247.204
10
17031.359
20
2271.587
10
17019.49
20
2308.332
10
16944.0
20
2283.95
0
LWPOLYLINE
5
8382
100
AcDbEntity
8
Panels
100
AcDbPolyline
90
4
70
1
38
25.865
10
16198.59
20
2002.61
10
16274.08
20
2026.993
10
16262.212
20
2063.738
10
16186.722
20
2039.355
0
LWPOLYLINE
5
8381
100
AcDbEntity
8
Panels
100
AcDbPolyline
90
4
70
1
38
25.865
10
16947.308
20
1755.876
10
17022.798
20
1780.258
10
17010.929
20
1817.003
10
16935.439
20
1792.621
0
LWPOLYLINE
5
8380
100
AcDbEntity
8
Panels
100
AcDbPolyline
90
4
70
1
38
25.865
10
16871.58
20
1731.416
10
16947.07
20
1755.799
10
16935.201
20
1792.544
10
16859.711
20
1768.161
0
LWPOLYLINE
5
837F
100
AcDbEntity
8
Panels
100
AcDbPolyline
90
4
70
1
38
25.865
10
16795.852
20
1706.957
10
16871.342
20
1731.339
10
16859.473
20
1768.084
10
16783.983
20
1743.702
0
LWPOLYLINE
5
837E
100
AcDbEntity
8
Panels
100
AcDbPolyline
90
4
70
1
38
25.865
10
16720.124
20
1682.497
10
16795.614
20
1706.88
10
16783.746
20
1743.625
10
16708.256
20
1719.242
0
LWPOLYLINE
5
837D
100
AcDbEntity
8
Panels
100
AcDbPolyline
90
4
70
1
38
25.865
10
16644.396
20
1658.038
10
16719.886
20
1682.42
10
16708.018
20
1719.166
10
16632.528
20
1694.783
0
LWPOLYLINE
5
837C
100
AcDbEntity
8
Panels
100
AcDbPolyline
90
4
70
1
38
25.865
10
16568.668
20
1633.578
10
16644.158
20
1657.961
10
16632.29
20
1694.706
10
16556.8
20
1670.323
0
LWPOLYLINE
5
837B
100
AcDbEntity
8
Panels
100
AcDbPolyline
90
4
70
1
38
25.865
10
16492.94
20
1609.119
10
16568.43
20
1633.501
10
16556.562
20
1670.247
10
16481.072
20
1645.864
0
LWPOLYLINE
5
837A
100
AcDbEntity
8
Panels
100
AcDbPolyline
90
4
70
1
38
25.865
10
16019.972
20
2555.623
10
16095.462
20
2580.005
10
16083.593
20
2616.75
10
16008.103
20
2592.368
0
LWPOLYLINE
5
8379
100
AcDbEntity
8
Panels
100
AcDbPolyline
90
4
70
1
38
25.865
10
16037.834
20
2500.321
10
16113.324
20
2524.704
10
16101.455
20
2561.449
10
16025.965
20
2537.066
0
LWPOLYLINE
5
8378
100
AcDbEntity
8
Panels
100
AcDbPolyline
90
4
70
1
38
25.865
10
16795.112
20
2744.916
10
16870.602
20
2769.298
10
16858.734
20
2806.043
10
16783.244
20
2781.661
0
LWPOLYLINE
5
8377
100
AcDbEntity
8
Panels
100
AcDbPolyline
90
4
70
1
38
25.865
10
16701.523
20
2775.758
10
16777.013
20
2800.14
10
16765.144
20
2836.885
10
16689.654
20
2812.503
0
LWPOLYLINE
5
8376
100
AcDbEntity
8
Panels
100
AcDbPolyline
90
4
70
1
38
25.865
10
16625.795
20
2751.298
10
16701.285
20
2775.681
10
16689.416
20
2812.426
10
16613.926
20
2788.043
0
LWPOLYLINE
5
8375
100
AcDbEntity
8
Panels
100
AcDbPolyline
90
4
70
1
38
25.865
10
16550.067
20
2726.839
10
16625.557
20
2751.221
10
16613.689
20
2787.966
10
16538.199
20
2763.584
0
LWPOLYLINE
5
8374
100
AcDbEntity
8
Panels
100
AcDbPolyline
90
4
70
1
38
25.865
10
16474.339
20
2702.379
10
16549.829
20
2726.762
10
16537.961
20
2763.507
10
16462.471
20
2739.124
0
LWPOLYLINE
5
8373
100
AcDbEntity
8
Panels
100
AcDbPolyline
90
4
70
1
38
25.865
10
16398.611
20
2677.92
10
16474.101
20
2702.302
10
16462.233
20
2739.048
10
16386.743
20
2714.665
0
LWPOLYLINE
5
8372
100
AcDbEntity
8
Panels
100
AcDbPolyline
90
4
70
1
38
25.865
10
16322.883
20
2653.46
10
16398.373
20
2677.843
10
16386.505
20
2714.588
10
16311.015
20
2690.206
0
LWPOLYLINE
5
8371
100
AcDbEntity
8
Panels
100
AcDbPolyline
90
4
70
1
38
25.865
10
16247.155
20
2629.001
10
16322.645
20
2653.384
10
16310.777
20
2690.129
10
16235.287
20
2665.746
0
LWPOLYLINE
5
8370
100
AcDbEntity
8
Panels
100
AcDbPolyline
90
4
70
1
38
25.865
10
16171.428
20
2604.541
10
16246.918
20
2628.924
10
16235.049
20
2665.669
10
16159.559
20
2641.287
0
LWPOLYLINE
5
836F
100
AcDbEntity
8
Panels
100
AcDbPolyline
90
4
70
1
38
25.865
10
16095.7
20
2580.082
10
16171.19
20
2604.465
10
16159.321
20
2641.21
10
16083.831
20
2616.827
0
LWPOLYLINE
5
836E
100
AcDbEntity
8
Panels
100
AcDbPolyline
90
4
70
1
38
25.865
10
16719.385
20
2720.456
10
16794.875
20
2744.839
10
16783.006
20
2781.584
10
16707.516
20
2757.201
0
LWPOLYLINE
5
836D
100
AcDbEntity
8
Panels
100
AcDbPolyline
90
4
70
1
38
25.865
10
16643.657
20
2695.997
10
16719.147
20
2720.379
10
16707.278
20
2757.125
10
16631.788
20
2732.742
0
LWPOLYLINE
5
836C
100
AcDbEntity
8
Panels
100
AcDbPolyline
90
4
70
1
38
25.865
10
16567.929
20
2671.537
10
16643.419
20
2695.92
10
16631.55
20
2732.665
10
16556.06
20
2708.283
0
LWPOLYLINE
5
836B
100
AcDbEntity
8
Panels
100
AcDbPolyline
90
4
70
1
38
25.865
10
16492.201
20
2647.078
10
16567.691
20
2671.461
10
16555.823
20
2708.206
10
16480.333
20
2683.823
0
LWPOLYLINE
5
836A
100
AcDbEntity
8
Panels
100
AcDbPolyline
90
4
70
1
38
25.865
10
16416.473
20
2622.619
10
16491.963
20
2647.001
10
16480.095
20
2683.746
10
16404.605
20
2659.364
0
LWPOLYLINE
5
8369
100
AcDbEntity
8
Panels
100
AcDbPolyline
90
4
70
1
38
25.865
10
16340.745
20
2598.159
10
16416.235
20
2622.542
10
16404.367
20
2659.287
10
16328.877
20
2634.904
0
LWPOLYLINE
5
8368
100
AcDbEntity
8
Panels
100
AcDbPolyline
90
4
70
1
38
25.865
10
16265.017
20
2573.7
10
16340.507
20
2598.082
10
16328.639
20
2634.827
10
16253.149
20
2610.445
0
LWPOLYLINE
5
8367
100
AcDbEntity
8
Panels
100
AcDbPolyline
90
4
70
1
38
25.865
10
16189.289
20
2549.24
10
16264.779
20
2573.623
10
16252.911
20
2610.368
10
16177.421
20
2585.985
0
LWPOLYLINE
5
8366
100
AcDbEntity
8
Panels
100
AcDbPolyline
90
4
70
1
38
25.865
10
16113.561
20
2524.781
10
16189.051
20
2549.163
10
16177.183
20
2585.909
10
16101.693
20
2561.526
0
LWPOLYLINE
5
8365
100
AcDbEntity
8
Panels
100
AcDbPolyline
90
4
70
1
38
25.865
10
16777.251
20
2800.217
10
16852.741
20
2824.6
10
16840.872
20
2861.345
10
16765.382
20
2836.962
0
LWPOLYLINE
5
8364
100
AcDbEntity
8
Panels
100
AcDbPolyline
90
4
70
1
38
25.865
10
16737.246
20
2665.155
10
16812.736
20
2689.538
10
16800.868
20
2726.283
10
16725.378
20
2701.9
0
LWPOLYLINE
5
8363
100
AcDbEntity
8
Panels
100
AcDbPolyline
90
4
70
1
38
25.865
10
16661.518
20
2640.696
10
16737.008
20
2665.078
10
16725.14
20
2701.823
10
16649.65
20
2677.441
0
LWPOLYLINE
5
8362
100
AcDbEntity
8
Panels
100
AcDbPolyline
90
4
70
1
38
25.865
10
16585.791
20
2616.236
10
16661.281
20
2640.619
10
16649.412
20
2677.364
10
16573.922
20
2652.981
0
LWPOLYLINE
5
8361
100
AcDbEntity
8
Panels
100
AcDbPolyline
90
4
70
1
38
25.865
10
16510.063
20
2591.777
10
16585.553
20
2616.159
10
16573.684
20
2652.904
10
16498.194
20
2628.522
0
LWPOLYLINE
5
8360
100
AcDbEntity
8
Panels
100
AcDbPolyline
90
4
70
1
38
25.865
10
16434.335
20
2567.317
10
16509.825
20
2591.7
10
16497.956
20
2628.445
10
16422.466
20
2604.062
0
LWPOLYLINE
5
835F
100
AcDbEntity
8
Panels
100
AcDbPolyline
90
4
70
1
38
25.865
10
16358.607
20
2542.858
10
16434.097
20
2567.24
10
16422.229
20
2603.986
10
16346.739
20
2579.603
0
LWPOLYLINE
5
835E
100
AcDbEntity
8
Panels
100
AcDbPolyline
90
4
70
1
38
25.865
10
16282.879
20
2518.398
10
16358.369
20
2542.781
10
16346.501
20
2579.526
10
16271.011
20
2555.144
0
LWPOLYLINE
5
835D
100
AcDbEntity
8
Panels
100
AcDbPolyline
90
4
70
1
38
25.865
10
16207.151
20
2493.939
10
16282.641
20
2518.322
10
16270.773
20
2555.067
10
16195.283
20
2530.684
0
LWPOLYLINE
5
835C
100
AcDbEntity
8
Panels
100
AcDbPolyline
90
4
70
1
38
25.865
10
16131.423
20
2469.48
10
16206.913
20
2493.862
10
16195.045
20
2530.607
10
16119.555
20
2506.225
0
LWPOLYLINE
5
835B
100
AcDbEntity
8
Panels
100
AcDbPolyline
90
4
70
1
38
25.865
10
16755.108
20
2609.854
10
16830.598
20
2634.236
10
16818.73
20
2670.982
10
16743.24
20
2646.599
0
LWPOLYLINE
5
835A
100
AcDbEntity
8
Panels
100
AcDbPolyline
90
4
70
1
38
25.865
10
16679.38
20
2585.394
10
16754.87
20
2609.777
10
16743.002
20
2646.522
10
16667.512
20
2622.14
0
LWPOLYLINE
5
8359
100
AcDbEntity
8
Panels
100
AcDbPolyline
90
4
70
1
38
25.865
10
16603.652
20
2560.935
10
16679.142
20
2585.317
10
16667.274
20
2622.063
10
16591.784
20
2597.68
0
LWPOLYLINE
5
8358
100
AcDbEntity
8
Panels
100
AcDbPolyline
90
4
70
1
38
25.865
10
16527.925
20
2536.475
10
16603.415
20
2560.858
10
16591.546
20
2597.603
10
16516.056
20
2573.221
0
LWPOLYLINE
5
8357
100
AcDbEntity
8
Panels
100
AcDbPolyline
90
4
70
1
38
25.865
10
16452.197
20
2512.016
10
16527.687
20
2536.399
10
16515.818
20
2573.144
10
16440.328
20
2548.761
0
LWPOLYLINE
5
8356
100
AcDbEntity
8
Panels
100
AcDbPolyline
90
4
70
1
38
25.865
10
16376.469
20
2487.557
10
16451.959
20
2511.939
10
16440.09
20
2548.684
10
16364.6
20
2524.302
0
LWPOLYLINE
5
8355
100
AcDbEntity
8
Panels
100
AcDbPolyline
90
4
70
1
38
25.865
10
16300.741
20
2463.097
10
16376.231
20
2487.48
10
16364.363
20
2524.225
10
16288.873
20
2499.842
0
LWPOLYLINE
5
8354
100
AcDbEntity
8
Panels
100
AcDbPolyline
90
4
70
1
38
25.865
10
16225.013
20
2438.638
10
16300.503
20
2463.02
10
16288.635
20
2499.765
10
16213.145
20
2475.383
0
LWPOLYLINE
5
8353
100
AcDbEntity
8
Panels
100
AcDbPolyline
90
4
70
1
38
25.865
10
16149.285
20
2414.178
10
16224.775
20
2438.561
10
16212.907
20
2475.306
10
16137.417
20
2450.923
0
LWPOLYLINE
5
8352
100
AcDbEntity
8
Panels
100
AcDbPolyline
90
4
70
1
38
25.865
10
16848.698
20
2579.012
10
16924.188
20
2603.395
10
16912.319
20
2640.14
10
16836.83
20
2615.757
0
LWPOLYLINE
5
8351
100
AcDbEntity
8
Panels
100
AcDbPolyline
90
4
70
1
38
25.865
10
16772.97
20
2554.553
10
16848.46
20
2578.935
10
16836.592
20
2615.68
10
16761.102
20
2591.298
0
LWPOLYLINE
5
8350
100
AcDbEntity
8
Panels
100
AcDbPolyline
90
4
70
1
38
25.865
10
16697.242
20
2530.093
10
16772.732
20
2554.476
10
16760.864
20
2591.221
10
16685.374
20
2566.838
0
LWPOLYLINE
5
834F
100
AcDbEntity
8
Panels
100
AcDbPolyline
90
4
70
1
38
25.865
10
16621.514
20
2505.634
10
16697.004
20
2530.016
10
16685.136
20
2566.761
10
16609.646
20
2542.379
0
LWPOLYLINE
5
834E
100
AcDbEntity
8
Panels
100
AcDbPolyline
90
4
70
1
38
25.865
10
16545.786
20
2481.174
10
16621.276
20
2505.557
10
16609.408
20
2542.302
10
16533.918
20
2517.919
0
LWPOLYLINE
5
834D
100
AcDbEntity
8
Panels
100
AcDbPolyline
90
4
70
1
38
25.865
10
16470.058
20
2456.715
10
16545.548
20
2481.097
10
16533.68
20
2517.843
10
16458.19
20
2493.46
0
LWPOLYLINE
5
834C
100
AcDbEntity
8
Panels
100
AcDbPolyline
90
4
70
1
38
25.865
10
16394.331
20
2432.255
10
16469.821
20
2456.638
10
16457.952
20
2493.383
10
16382.462
20
2469.0
0
LWPOLYLINE
5
834B
100
AcDbEntity
8
Panels
100
AcDbPolyline
90
4
70
1
38
25.865
10
16318.603
20
2407.796
10
16394.093
20
2432.178
10
16382.224
20
2468.924
10
16306.734
20
2444.541
0
LWPOLYLINE
5
834A
100
AcDbEntity
8
Panels
100
AcDbPolyline
90
4
70
1
38
25.865
10
16242.875
20
2383.336
10
16318.365
20
2407.719
10
16306.496
20
2444.464
10
16231.006
20
2420.082
0
LWPOLYLINE
5
8349
100
AcDbEntity
8
Panels
100
AcDbPolyline
90
4
70
1
38
25.865
10
16167.147
20
2358.877
10
16242.637
20
2383.26
10
16230.769
20
2420.005
10
16155.279
20
2395.622
0
LWPOLYLINE
5
8348
100
AcDbEntity
8
Panels
100
AcDbPolyline
90
4
70
1
38
25.865
10
16091.419
20
2334.418
10
16166.909
20
2358.8
10
16155.041
20
2395.545
10
16079.551
20
2371.163
0
LWPOLYLINE
5
8347
100
AcDbEntity
8
Panels
100
AcDbPolyline
90
4
70
1
38
25.865
10
16866.56
20
2523.711
10
16942.05
20
2548.093
10
16930.181
20
2584.838
10
16854.691
20
2560.456
0
LWPOLYLINE
5
8346
100
AcDbEntity
8
Panels
100
AcDbPolyline
90
4
70
1
38
25.865
10
16790.832
20
2499.251
10
16866.322
20
2523.634
10
16854.453
20
2560.379
10
16778.963
20
2535.996
0
LWPOLYLINE
5
8345
100
AcDbEntity
8
Panels
100
AcDbPolyline
90
4
70
1
38
25.865
10
16715.104
20
2474.792
10
16790.594
20
2499.174
10
16778.726
20
2535.92
10
16703.236
20
2511.537
0
LWPOLYLINE
5
8344
100
AcDbEntity
8
Panels
100
AcDbPolyline
90
4
70
1
38
25.865
10
16639.376
20
2450.332
10
16714.866
20
2474.715
10
16702.998
20
2511.46
10
16627.508
20
2487.078
0
LWPOLYLINE
5
8343
100
AcDbEntity
8
Panels
100
AcDbPolyline
90
4
70
1
38
25.865
10
16563.648
20
2425.873
10
16639.138
20
2450.256
10
16627.27
20
2487.001
10
16551.78
20
2462.618
0
LWPOLYLINE
5
8342
100
AcDbEntity
8
Panels
100
AcDbPolyline
90
4
70
1
38
25.865
10
16487.92
20
2401.414
10
16563.41
20
2425.796
10
16551.542
20
2462.541
10
16476.052
20
2438.159
0
LWPOLYLINE
5
8341
100
AcDbEntity
8
Panels
100
AcDbPolyline
90
4
70
1
38
25.865
10
16412.192
20
2376.954
10
16487.682
20
2401.337
10
16475.814
20
2438.082
10
16400.324
20
2413.699
0
LWPOLYLINE
5
8340
100
AcDbEntity
8
Panels
100
AcDbPolyline
90
4
70
1
38
25.865
10
16336.465
20
2352.495
10
16411.955
20
2376.877
10
16400.086
20
2413.622
10
16324.596
20
2389.24
0
LWPOLYLINE
5
833F
100
AcDbEntity
8
Panels
100
AcDbPolyline
90
4
70
1
38
25.865
10
16260.737
20
2328.035
10
16336.227
20
2352.418
10
16324.358
20
2389.163
10
16248.868
20
2364.78
0
LWPOLYLINE
5
833E
100
AcDbEntity
8
Panels
100
AcDbPolyline
90
4
70
1
38
25.865
10
16185.009
20
2303.576
10
16260.499
20
2327.958
10
16248.63
20
2364.704
10
16173.14
20
2340.321
0
LWPOLYLINE
5
833D
100
AcDbEntity
8
Panels
100
AcDbPolyline
90
4
70
1
38
25.865
10
16109.281
20
2279.116
10
16184.771
20
2303.499
10
16172.902
20
2340.244
10
16097.413
20
2315.861
0
LWPOLYLINE
5
833C
100
AcDbEntity
8
Panels
100
AcDbPolyline
90
4
70
1
38
25.865
10
16884.422
20
2468.409
10
16959.911
20
2492.792
10
16948.043
20
2529.537
10
16872.553
20
2505.155
0
LWPOLYLINE
5
833B
100
AcDbEntity
8
Panels
100
AcDbPolyline
90
4
70
1
38
25.865
10
16808.694
20
2443.95
10
16884.184
20
2468.333
10
16872.315
20
2505.078
10
16796.825
20
2480.695
0
LWPOLYLINE
5
833A
100
AcDbEntity
8
Panels
100
AcDbPolyline
90
4
70
1
38
25.865
10
16732.966
20
2419.491
10
16808.456
20
2443.873
10
16796.587
20
2480.618
10
16721.097
20
2456.236
0
LWPOLYLINE
5
8339
100
AcDbEntity
8
Panels
100
AcDbPolyline
90
4
70
1
38
25.865
10
16657.238
20
2395.031
10
16732.728
20
2419.414
10
16720.859
20
2456.159
10
16645.37
20
2431.776
0
LWPOLYLINE
5
8338
100
AcDbEntity
8
Panels
100
AcDbPolyline
90
4
70
1
38
25.865
10
16581.51
20
2370.572
10
16657.0
20
2394.954
10
16645.132
20
2431.699
10
16569.642
20
2407.317
0
LWPOLYLINE
5
8337
100
AcDbEntity
8
Panels
100
AcDbPolyline
90
4
70
1
38
25.865
10
16505.782
20
2346.112
10
16581.272
20
2370.495
10
16569.404
20
2407.24
10
16493.914
20
2382.857
0
LWPOLYLINE
5
8336
100
AcDbEntity
8
Panels
100
AcDbPolyline
90
4
70
1
38
25.865
10
16430.054
20
2321.653
10
16505.544
20
2346.035
10
16493.676
20
2382.781
10
16418.186
20
2358.398
0
LWPOLYLINE
5
8335
100
AcDbEntity
8
Panels
100
AcDbPolyline
90
4
70
1
38
25.865
10
16354.326
20
2297.193
10
16429.816
20
2321.576
10
16417.948
20
2358.321
10
16342.458
20
2333.939
0
LWPOLYLINE
5
8334
100
AcDbEntity
8
Panels
100
AcDbPolyline
90
4
70
1
38
25.865
10
16278.598
20
2272.734
10
16354.088
20
2297.117
10
16342.22
20
2333.862
10
16266.73
20
2309.479
0
LWPOLYLINE
5
8333
100
AcDbEntity
8
Panels
100
AcDbPolyline
90
4
70
1
38
25.865
10
16202.871
20
2248.274
10
16278.361
20
2272.657
10
16266.492
20
2309.402
10
16191.002
20
2285.02
0
LWPOLYLINE
5
8332
100
AcDbEntity
8
Panels
100
AcDbPolyline
90
4
70
1
38
25.865
10
16127.143
20
2223.815
10
16202.633
20
2248.198
10
16190.764
20
2284.943
10
16115.274
20
2260.56
0
LWPOLYLINE
5
8331
100
AcDbEntity
8
Panels
100
AcDbPolyline
90
4
70
1
38
25.865
10
16902.283
20
2413.108
10
16977.773
20
2437.491
10
16965.905
20
2474.236
10
16890.415
20
2449.853
0
LWPOLYLINE
5
8330
100
AcDbEntity
8
Panels
100
AcDbPolyline
90
4
70
1
38
25.865
10
16826.555
20
2388.649
10
16902.045
20
2413.031
10
16890.177
20
2449.777
10
16814.687
20
2425.394
0
LWPOLYLINE
5
832F
100
AcDbEntity
8
Panels
100
AcDbPolyline
90
4
70
1
38
25.865
10
16750.828
20
2364.189
10
16826.318
20
2388.572
10
16814.449
20
2425.317
10
16738.959
20
2400.934
0
LWPOLYLINE
5
832E
100
AcDbEntity
8
Panels
100
AcDbPolyline
90
4
70
1
38
25.865
10
16675.1
20
2339.73
10
16750.59
20
2364.112
10
16738.721
20
2400.858
10
16663.231
20
2376.475
0
LWPOLYLINE
5
832D
100
AcDbEntity
8
Panels
100
AcDbPolyline
90
4
70
1
38
25.865
10
16599.372
20
2315.27
10
16674.862
20
2339.653
10
16662.993
20
2376.398
10
16587.503
20
2352.016
0
LWPOLYLINE
5
832C
100
AcDbEntity
8
Panels
100
AcDbPolyline
90
4
70
1
38
25.865
10
16523.644
20
2290.811
10
16599.134
20
2315.194
10
16587.266
20
2351.939
10
16511.776
20
2327.556
0
LWPOLYLINE
5
832B
100
AcDbEntity
8
Panels
100
AcDbPolyline
90
4
70
1
38
25.865
10
16447.916
20
2266.352
10
16523.406
20
2290.734
10
16511.538
20
2327.479
10
16436.048
20
2303.097
0
LWPOLYLINE
5
832A
100
AcDbEntity
8
Panels
100
AcDbPolyline
90
4
70
1
38
25.865
10
16372.188
20
2241.892
10
16447.678
20
2266.275
10
16435.81
20
2303.02
10
16360.32
20
2278.637
0
LWPOLYLINE
5
8329
100
AcDbEntity
8
Panels
100
AcDbPolyline
90
4
70
1
38
25.865
10
16296.46
20
2217.433
10
16371.95
20
2241.815
10
16360.082
20
2278.56
10
16284.592
20
2254.178
0
LWPOLYLINE
5
8328
100
AcDbEntity
8
Panels
100
AcDbPolyline
90
4
70
1
38
25.865
10
16220.732
20
2192.973
10
16296.222
20
2217.356
10
16284.354
20
2254.101
10
16208.864
20
2229.718
0
LWPOLYLINE
5
8327
100
AcDbEntity
8
Panels
100
AcDbPolyline
90
4
70
1
38
25.865
10
16145.005
20
2168.514
10
16220.494
20
2192.896
10
16208.626
20
2229.642
10
16133.136
20
2205.259
0
LWPOLYLINE
5
8326
100
AcDbEntity
8
Panels
100
AcDbPolyline
90
4
70
1
38
25.865
10
16920.145
20
2357.807
10
16995.635
20
2382.19
10
16983.767
20
2418.935
10
16908.277
20
2394.552
0
LWPOLYLINE
5
8325
100
AcDbEntity
8
Panels
100
AcDbPolyline
90
4
70
1
38
25.865
10
16844.417
20
2333.348
10
16919.907
20
2357.73
10
16908.039
20
2394.475
10
16832.549
20
2370.093
0
LWPOLYLINE
5
8324
100
AcDbEntity
8
Panels
100
AcDbPolyline
90
4
70
1
38
25.865
10
16768.689
20
2308.888
10
16844.179
20
2333.271
10
16832.311
20
2370.016
10
16756.821
20
2345.633
0
LWPOLYLINE
5
8323
100
AcDbEntity
8
Panels
100
AcDbPolyline
90
4
70
1
38
25.865
10
16692.962
20
2284.429
10
16768.451
20
2308.811
10
16756.583
20
2345.556
10
16681.093
20
2321.174
0
LWPOLYLINE
5
8322
100
AcDbEntity
8
Panels
100
AcDbPolyline
90
4
70
1
38
25.865
10
16617.234
20
2259.969
10
16692.724
20
2284.352
10
16680.855
20
2321.097
10
16605.365
20
2296.714
0
LWPOLYLINE
5
8321
100
AcDbEntity
8
Panels
100
AcDbPolyline
90
4
70
1
38
25.865
10
16541.506
20
2235.51
10
16616.996
20
2259.892
10
16605.127
20
2296.638
10
16529.637
20
2272.255
0
LWPOLYLINE
5
8320
100
AcDbEntity
8
Panels
100
AcDbPolyline
90
4
70
1
38
25.865
10
16465.778
20
2211.05
10
16541.268
20
2235.433
10
16529.399
20
2272.178
10
16453.909
20
2247.795
0
LWPOLYLINE
5
831F
100
AcDbEntity
8
Panels
100
AcDbPolyline
90
4
70
1
38
25.865
10
16390.05
20
2186.591
10
16465.54
20
2210.973
10
16453.672
20
2247.719
10
16378.182
20
2223.336
0
LWPOLYLINE
5
831E
100
AcDbEntity
8
Panels
100
AcDbPolyline
90
4
70
1
38
25.865
10
16314.322
20
2162.131
10
16389.812
20
2186.514
10
16377.944
20
2223.259
10
16302.454
20
2198.877
0
LWPOLYLINE
5
831D
100
AcDbEntity
8
Panels
100
AcDbPolyline
90
4
70
1
38
25.865
10
16238.594
20
2137.672
10
16314.084
20
2162.055
10
16302.216
20
2198.8
10
16226.726
20
2174.417
0
LWPOLYLINE
5
831C
100
AcDbEntity
8
Panels
100
AcDbPolyline
90
4
70
1
38
25.865
10
16162.866
20
2113.213
10
16238.356
20
2137.595
10
16226.488
20
2174.34
10
16150.998
20
2149.958
0
LWPOLYLINE
5
831B
100
AcDbEntity
8
Panels
100
AcDbPolyline
90
4
70
1
38
25.865
10
16938.007
20
2302.506
10
17013.497
20
2326.888
10
17001.629
20
2363.633
10
16926.139
20
2339.251
0
LWPOLYLINE
5
831A
100
AcDbEntity
8
Panels
100
AcDbPolyline
90
4
70
1
38
25.865
10
16862.279
20
2278.046
10
16937.769
20
2302.429
10
16925.901
20
2339.174
10
16850.411
20
2314.791
0
LWPOLYLINE
5
8319
100
AcDbEntity
8
Panels
100
AcDbPolyline
90
4
70
1
38
25.865
10
16786.551
20
2253.587
10
16862.041
20
2277.969
10
16850.173
20
2314.715
10
16774.683
20
2290.332
0
LWPOLYLINE
5
8318
100
AcDbEntity
8
Panels
100
AcDbPolyline
90
4
70
1
38
25.865
10
16710.823
20
2229.127
10
16786.313
20
2253.51
10
16774.445
20
2290.255
10
16698.955
20
2265.873
0
LWPOLYLINE
5
8317
100
AcDbEntity
8
Panels
100
AcDbPolyline
90
4
70
1
38
25.865
10
16635.095
20
2204.668
10
16710.585
20
2229.051
10
16698.717
20
2265.796
10
16623.227
20
2241.413
0
LWPOLYLINE
5
8316
100
AcDbEntity
8
Panels
100
AcDbPolyline
90
4
70
1
38
25.865
10
16559.368
20
2180.208
10
16634.858
20
2204.591
10
16622.989
20
2241.336
10
16547.499
20
2216.954
0
LWPOLYLINE
5
8315
100
AcDbEntity
8
Panels
100
AcDbPolyline
90
4
70
1
38
25.865
10
16483.64
20
2155.749
10
16559.13
20
2180.132
10
16547.261
20
2216.877
10
16471.771
20
2192.494
0
LWPOLYLINE
5
8314
100
AcDbEntity
8
Panels
100
AcDbPolyline
90
4
70
1
38
25.865
10
16407.912
20
2131.29
10
16483.402
20
2155.672
10
16471.533
20
2192.417
10
16396.043
20
2168.035
0
LWPOLYLINE
5
8313
100
AcDbEntity
8
Panels
100
AcDbPolyline
90
4
70
1
38
25.865
10
16332.184
20
2106.83
10
16407.674
20
2131.213
10
16395.806
20
2167.958
10
16320.316
20
2143.575
0
LWPOLYLINE
5
8312
100
AcDbEntity
8
Panels
100
AcDbPolyline
90
4
70
1
38
25.865
10
16256.456
20
2082.371
10
16331.946
20
2106.753
10
16320.078
20
2143.498
10
16244.588
20
2119.116
0
LWPOLYLINE
5
8311
100
AcDbEntity
8
Panels
100
AcDbPolyline
90
4
70
1
38
25.865
10
16180.728
20
2057.911
10
16256.218
20
2082.294
10
16244.35
20
2119.039
10
16168.86
20
2094.656
0
LWPOLYLINE
5
8310
100
AcDbEntity
8
Panels
100
AcDbPolyline
90
4
70
1
38
25.865
10
16880.141
20
2222.745
10
16955.631
20
2247.128
10
16943.763
20
2283.873
10
16868.273
20
2259.49
0
LWPOLYLINE
5
830F
100
AcDbEntity
8
Panels
100
AcDbPolyline
90
4
70
1
38
25.865
10
16804.413
20
2198.286
10
16879.903
20
2222.668
10
16868.035
20
2259.413
10
16792.545
20
2235.031
0
LWPOLYLINE
5
830E
100
AcDbEntity
8
Panels
100
AcDbPolyline
90
4
70
1
38
25.865
10
16728.685
20
2173.826
10
16804.175
20
2198.209
10
16792.307
20
2234.954
10
16716.817
20
2210.571
0
LWPOLYLINE
5
830D
100
AcDbEntity
8
Panels
100
AcDbPolyline
90
4
70
1
38
25.865
10
16652.957
20
2149.367
10
16728.447
20
2173.749
10
16716.579
20
2210.494
10
16641.089
20
2186.112
0
LWPOLYLINE
5
830C
100
AcDbEntity
8
Panels
100
AcDbPolyline
90
4
70
1
38
25.865
10
16577.229
20
2124.907
10
16652.719
20
2149.29
10
16640.851
20
2186.035
10
16565.361
20
2161.652
0
LWPOLYLINE
5
830B
100
AcDbEntity
8
Panels
100
AcDbPolyline
90
4
70
1
38
25.865
10
16501.501
20
2100.448
10
16576.991
20
2124.83
10
16565.123
20
2161.576
10
16489.633
20
2137.193
0
LWPOLYLINE
5
830A
100
AcDbEntity
8
Panels
100
AcDbPolyline
90
4
70
1
38
25.865
10
16425.774
20
2075.988
10
16501.264
20
2100.371
10
16489.395
20
2137.116
10
16413.905
20
2112.734
0
LWPOLYLINE
5
8309
100
AcDbEntity
8
Panels
100
AcDbPolyline
90
4
70
1
38
25.865
10
16350.046
20
2051.529
10
16425.536
20
2075.912
10
16413.667
20
2112.657
10
16338.177
20
2088.274
0
LWPOLYLINE
5
8308
100
AcDbEntity
8
Panels
100
AcDbPolyline
90
4
70
1
38
25.865
10
16274.318
20
2027.069
10
16349.808
20
2051.452
10
16337.939
20
2088.197
10
16262.449
20
2063.815
0
LWPOLYLINE
5
8307
100
AcDbEntity
8
Panels
100
AcDbPolyline
90
4
70
1
38
25.865
10
16898.003
20
2167.444
10
16973.493
20
2191.826
10
16961.624
20
2228.572
10
16886.134
20
2204.189
0
LWPOLYLINE
5
8306
100
AcDbEntity
8
Panels
100
AcDbPolyline
90
4
70
1
38
25.865
10
16822.275
20
2142.984
10
16897.765
20
2167.367
10
16885.896
20
2204.112
10
16810.406
20
2179.729
0
LWPOLYLINE
5
8305
100
AcDbEntity
8
Panels
100
AcDbPolyline
90
4
70
1
38
25.865
10
16746.547
20
2118.525
10
16822.037
20
2142.907
10
16810.169
20
2179.653
10
16734.679
20
2155.27
0
LWPOLYLINE
5
8304
100
AcDbEntity
8
Panels
100
AcDbPolyline
90
4
70
1
38
25.865
10
16670.819
20
2094.065
10
16746.309
20
2118.448
10
16734.441
20
2155.193
10
16658.951
20
2130.811
0
LWPOLYLINE
5
8303
100
AcDbEntity
8
Panels
100
AcDbPolyline
90
4
70
1
38
25.865
10
16595.091
20
2069.606
10
16670.581
20
2093.989
10
16658.713
20
2130.734
10
16583.223
20
2106.351
0
LWPOLYLINE
5
8302
100
AcDbEntity
8
Panels
100
AcDbPolyline
90
4
70
1
38
25.865
10
16519.363
20
2045.147
10
16594.853
20
2069.529
10
16582.985
20
2106.274
10
16507.495
20
2081.892
0
LWPOLYLINE
5
8301
100
AcDbEntity
8
Panels
100
AcDbPolyline
90
4
70
1
38
25.865
10
16443.635
20
2020.687
10
16519.125
20
2045.07
10
16507.257
20
2081.815
10
16431.767
20
2057.432
0
LWPOLYLINE
5
8300
100
AcDbEntity
8
Panels
100
AcDbPolyline
90
4
70
1
38
25.865
10
16367.908
20
1996.228
10
16443.398
20
2020.61
10
16431.529
20
2057.355
10
16356.039
20
2032.973
0
LWPOLYLINE
5
82FF
100
AcDbEntity
8
Panels
100
AcDbPolyline
90
4
70
1
38
25.865
10
16292.18
20
1971.768
10
16367.67
20
1996.151
10
16355.801
20
2032.896
10
16280.311
20
2008.513
0
LWPOLYLINE
5
82FE
100
AcDbEntity
8
Panels
100
AcDbPolyline
90
4
70
1
38
25.865
10
16991.592
20
2136.602
10
17067.082
20
2160.985
10
17055.214
20
2197.73
10
16979.724
20
2173.347
0
LWPOLYLINE
5
82FD
100
AcDbEntity
8
Panels
100
AcDbPolyline
90
4
70
1
38
25.865
10
16915.865
20
2112.142
10
16991.355
20
2136.525
10
16979.486
20
2173.27
10
16903.996
20
2148.888
0
LWPOLYLINE
5
82FC
100
AcDbEntity
8
Panels
100
AcDbPolyline
90
4
70
1
38
25.865
10
16840.137
20
2087.683
10
16915.627
20
2112.066
10
16903.758
20
2148.811
10
16828.268
20
2124.428
0
LWPOLYLINE
5
82FB
100
AcDbEntity
8
Panels
100
AcDbPolyline
90
4
70
1
38
25.865
10
16764.409
20
2063.224
10
16839.899
20
2087.606
10
16828.03
20
2124.351
10
16752.54
20
2099.969
0
LWPOLYLINE
5
82FA
100
AcDbEntity
8
Panels
100
AcDbPolyline
90
4
70
1
38
25.865
10
16688.681
20
2038.764
10
16764.171
20
2063.147
10
16752.303
20
2099.892
10
16676.813
20
2075.509
0
LWPOLYLINE
5
82F9
100
AcDbEntity
8
Panels
100
AcDbPolyline
90
4
70
1
38
25.865
10
16612.953
20
2014.305
10
16688.443
20
2038.687
10
16676.575
20
2075.432
10
16601.085
20
2051.05
0
LWPOLYLINE
5
82F8
100
AcDbEntity
8
Panels
100
AcDbPolyline
90
4
70
1
38
25.865
10
16537.225
20
1989.845
10
16612.715
20
2014.228
10
16600.847
20
2050.973
10
16525.357
20
2026.59
0
LWPOLYLINE
5
82F7
100
AcDbEntity
8
Panels
100
AcDbPolyline
90
4
70
1
38
25.865
10
16461.497
20
1965.386
10
16536.987
20
1989.768
10
16525.119
20
2026.514
10
16449.629
20
2002.131
0
LWPOLYLINE
5
82F6
100
AcDbEntity
8
Panels
100
AcDbPolyline
90
4
70
1
38
25.865
10
16385.769
20
1940.926
10
16461.259
20
1965.309
10
16449.391
20
2002.054
10
16373.901
20
1977.672
0
LWPOLYLINE
5
82F5
100
AcDbEntity
8
Panels
100
AcDbPolyline
90
4
70
1
38
25.865
10
16310.041
20
1916.467
10
16385.531
20
1940.85
10
16373.663
20
1977.595
10
16298.173
20
1953.212
0
LWPOLYLINE
5
82F4
100
AcDbEntity
8
Panels
100
AcDbPolyline
90
4
70
1
38
25.865
10
16234.314
20
1892.008
10
16309.804
20
1916.39
10
16297.935
20
1953.135
10
16222.445
20
1928.753
0
LWPOLYLINE
5
82F3
100
AcDbEntity
8
Panels
100
AcDbPolyline
90
4
70
1
38
25.865
10
17009.454
20
2081.301
10
17084.944
20
2105.683
10
17073.076
20
2142.428
10
16997.586
20
2118.046
0
LWPOLYLINE
5
82F2
100
AcDbEntity
8
Panels
100
AcDbPolyline
90
4
70
1
38
25.865
10
16933.726
20
2056.841
10
17009.216
20
2081.224
10
16997.348
20
2117.969
10
16921.858
20
2093.586
0
LWPOLYLINE
5
82F1
100
AcDbEntity
8
Panels
100
AcDbPolyline
90
4
70
1
38
25.865
10
16857.998
20
2032.382
10
16933.488
20
2056.764
10
16921.62
20
2093.51
10
16846.13
20
2069.127
0
LWPOLYLINE
5
82F0
100
AcDbEntity
8
Panels
100
AcDbPolyline
90
4
70
1
38
25.865
10
16782.271
20
2007.922
10
16857.761
20
2032.305
10
16845.892
20
2069.05
10
16770.402
20
2044.668
0
LWPOLYLINE
5
82EF
100
AcDbEntity
8
Panels
100
AcDbPolyline
90
4
70
1
38
25.865
10
16706.543
20
1983.463
10
16782.033
20
2007.846
10
16770.164
20
2044.591
10
16694.674
20
2020.208
0
LWPOLYLINE
5
82EE
100
AcDbEntity
8
Panels
100
AcDbPolyline
90
4
70
1
38
25.865
10
16630.815
20
1959.003
10
16706.305
20
1983.386
10
16694.436
20
2020.131
10
16618.946
20
1995.749
0
LWPOLYLINE
5
82ED
100
AcDbEntity
8
Panels
100
AcDbPolyline
90
4
70
1
38
25.865
10
16555.087
20
1934.544
10
16630.577
20
1958.927
10
16618.709
20
1995.672
10
16543.219
20
1971.289
0
LWPOLYLINE
5
82EC
100
AcDbEntity
8
Panels
100
AcDbPolyline
90
4
70
1
38
25.865
10
16479.359
20
1910.085
10
16554.849
20
1934.467
10
16542.981
20
1971.212
10
16467.491
20
1946.83
0
LWPOLYLINE
5
82EB
100
AcDbEntity
8
Panels
100
AcDbPolyline
90
4
70
1
38
25.865
10
16403.631
20
1885.625
10
16479.121
20
1910.008
10
16467.253
20
1946.753
10
16391.763
20
1922.37
0
LWPOLYLINE
5
82EA
100
AcDbEntity
8
Panels
100
AcDbPolyline
90
4
70
1
38
25.865
10
16327.903
20
1861.166
10
16403.393
20
1885.548
10
16391.525
20
1922.293
10
16316.035
20
1897.911
0
LWPOLYLINE
5
82E9
100
AcDbEntity
8
Panels
100
AcDbPolyline
90
4
70
1
38
25.865
10
16252.175
20
1836.706
10
16327.665
20
1861.089
10
16315.797
20
1897.834
10
16240.307
20
1873.451
0
LWPOLYLINE
5
82E8
100
AcDbEntity
8
Panels
100
AcDbPolyline
90
4
70
1
38
25.865
10
17027.316
20
2025.999
10
17102.806
20
2050.382
10
17090.938
20
2087.127
10
17015.448
20
2062.745
0
LWPOLYLINE
5
82E7
100
AcDbEntity
8
Panels
100
AcDbPolyline
90
4
70
1
38
25.865
10
16951.588
20
2001.54
10
17027.078
20
2025.923
10
17015.21
20
2062.668
10
16939.72
20
2038.285
0
LWPOLYLINE
5
82E6
100
AcDbEntity
8
Panels
100
AcDbPolyline
90
4
70
1
38
25.865
10
16875.86
20
1977.081
10
16951.35
20
2001.463
10
16939.482
20
2038.208
10
16863.992
20
2013.826
0
LWPOLYLINE
5
82E5
100
AcDbEntity
8
Panels
100
AcDbPolyline
90
4
70
1
38
25.865
10
16800.132
20
1952.621
10
16875.622
20
1977.004
10
16863.754
20
2013.749
10
16788.264
20
1989.366
0
LWPOLYLINE
5
82E4
100
AcDbEntity
8
Panels
100
AcDbPolyline
90
4
70
1
38
25.865
10
16724.405
20
1928.162
10
16799.895
20
1952.544
10
16788.026
20
1989.289
10
16712.536
20
1964.907
0
LWPOLYLINE
5
82E3
100
AcDbEntity
8
Panels
100
AcDbPolyline
90
4
70
1
38
25.865
10
16648.677
20
1903.702
10
16724.167
20
1928.085
10
16712.298
20
1964.83
10
16636.808
20
1940.447
0
LWPOLYLINE
5
82E2
100
AcDbEntity
8
Panels
100
AcDbPolyline
90
4
70
1
38
25.865
10
16572.949
20
1879.243
10
16648.439
20
1903.625
10
16636.57
20
1940.371
10
16561.08
20
1915.988
0
LWPOLYLINE
5
82E1
100
AcDbEntity
8
Panels
100
AcDbPolyline
90
4
70
1
38
25.865
10
16497.221
20
1854.783
10
16572.711
20
1879.166
10
16560.843
20
1915.911
10
16485.353
20
1891.529
0
LWPOLYLINE
5
82E0
100
AcDbEntity
8
Panels
100
AcDbPolyline
90
4
70
1
38
25.865
10
16421.493
20
1830.324
10
16496.983
20
1854.707
10
16485.115
20
1891.452
10
16409.625
20
1867.069
0
LWPOLYLINE
5
82DF
100
AcDbEntity
8
Panels
100
AcDbPolyline
90
4
70
1
38
25.865
10
16345.765
20
1805.864
10
16421.255
20
1830.247
10
16409.387
20
1866.992
10
16333.897
20
1842.61
0
LWPOLYLINE
5
82DE
100
AcDbEntity
8
Panels
100
AcDbPolyline
90
4
70
1
38
25.865
10
16270.037
20
1781.405
10
16345.527
20
1805.788
10
16333.659
20
1842.533
10
16258.169
20
1818.15
0
LWPOLYLINE
5
82DD
100
AcDbEntity
8
Panels
100
AcDbPolyline
90
4
70
1
38
25.865
10
17045.178
20
1970.698
10
17120.668
20
1995.081
10
17108.799
20
2031.826
10
17033.31
20
2007.443
0
LWPOLYLINE
5
82DC
100
AcDbEntity
8
Panels
100
AcDbPolyline
90
4
70
1
38
25.865
10
16969.45
20
1946.239
10
17044.94
20
1970.621
10
17033.072
20
2007.366
10
16957.582
20
1982.984
0
LWPOLYLINE
5
82DB
100
AcDbEntity
8
Panels
100
AcDbPolyline
90
4
70
1
38
25.865
10
16893.722
20
1921.779
10
16969.212
20
1946.162
10
16957.344
20
1982.907
10
16881.854
20
1958.524
0
LWPOLYLINE
5
82DA
100
AcDbEntity
8
Panels
100
AcDbPolyline
90
4
70
1
38
25.865
10
16817.994
20
1897.32
10
16893.484
20
1921.702
10
16881.616
20
1958.448
10
16806.126
20
1934.065
0
LWPOLYLINE
5
82D9
100
AcDbEntity
8
Panels
100
AcDbPolyline
90
4
70
1
38
25.865
10
16742.266
20
1872.86
10
16817.756
20
1897.243
10
16805.888
20
1933.988
10
16730.398
20
1909.606
0
LWPOLYLINE
5
82D8
100
AcDbEntity
8
Panels
100
AcDbPolyline
90
4
70
1
38
25.865
10
16666.538
20
1848.401
10
16742.028
20
1872.784
10
16730.16
20
1909.529
10
16654.67
20
1885.146
0
LWPOLYLINE
5
82D7
100
AcDbEntity
8
Panels
100
AcDbPolyline
90
4
70
1
38
25.865
10
16590.811
20
1823.942
10
16666.301
20
1848.324
10
16654.432
20
1885.069
10
16578.942
20
1860.687
0
LWPOLYLINE
5
82D6
100
AcDbEntity
8
Panels
100
AcDbPolyline
90
4
70
1
38
25.865
10
16515.083
20
1799.482
10
16590.573
20
1823.865
10
16578.704
20
1860.61
10
16503.214
20
1836.227
0
LWPOLYLINE
5
82D5
100
AcDbEntity
8
Panels
100
AcDbPolyline
90
4
70
1
38
25.865
10
16439.355
20
1775.023
10
16514.845
20
1799.405
10
16502.976
20
1836.15
10
16427.486
20
1811.768
0
LWPOLYLINE
5
82D4
100
AcDbEntity
8
Panels
100
AcDbPolyline
90
4
70
1
38
25.865
10
16363.627
20
1750.563
10
16439.117
20
1774.946
10
16427.249
20
1811.691
10
16351.759
20
1787.308
0
LWPOLYLINE
5
82D3
100
AcDbEntity
8
Panels
100
AcDbPolyline
90
4
70
1
38
25.865
10
16287.899
20
1726.104
10
16363.389
20
1750.486
10
16351.521
20
1787.232
10
16276.031
20
1762.849
0
LWPOLYLINE
5
82D2
100
AcDbEntity
8
Panels
100
AcDbPolyline
90
4
70
1
38
25.865
10
17063.04
20
1915.397
10
17138.53
20
1939.78
10
17126.661
20
1976.525
10
17051.171
20
1952.142
0
LWPOLYLINE
5
82D1
100
AcDbEntity
8
Panels
100
AcDbPolyline
90
4
70
1
38
25.865
10
16987.312
20
1890.937
10
17062.802
20
1915.32
10
17050.933
20
1952.065
10
16975.443
20
1927.683
0
LWPOLYLINE
5
82D0
100
AcDbEntity
8
Panels
100
AcDbPolyline
90
4
70
1
38
25.865
10
16911.584
20
1866.478
10
16987.074
20
1890.861
10
16975.206
20
1927.606
10
16899.716
20
1903.223
0
LWPOLYLINE
5
82CF
100
AcDbEntity
8
Panels
100
AcDbPolyline
90
4
70
1
38
25.865
10
16835.856
20
1842.019
10
16911.346
20
1866.401
10
16899.478
20
1903.146
10
16823.988
20
1878.764
0
LWPOLYLINE
5
82CE
100
AcDbEntity
8
Panels
100
AcDbPolyline
90
4
70
1
38
25.865
10
16760.128
20
1817.559
10
16835.618
20
1841.942
10
16823.75
20
1878.687
10
16748.26
20
1854.304
0
LWPOLYLINE
5
82CD
100
AcDbEntity
8
Panels
100
AcDbPolyline
90
4
70
1
38
25.865
10
16684.4
20
1793.1
10
16759.89
20
1817.482
10
16748.022
20
1854.227
10
16672.532
20
1829.845
0
LWPOLYLINE
5
82CC
100
AcDbEntity
8
Panels
100
AcDbPolyline
90
4
70
1
38
25.865
10
16608.672
20
1768.64
10
16684.162
20
1793.023
10
16672.294
20
1829.768
10
16596.804
20
1805.385
0
LWPOLYLINE
5
82CB
100
AcDbEntity
8
Panels
100
AcDbPolyline
90
4
70
1
38
25.865
10
16532.945
20
1744.181
10
16608.435
20
1768.563
10
16596.566
20
1805.309
10
16521.076
20
1780.926
0
LWPOLYLINE
5
82CA
100
AcDbEntity
8
Panels
100
AcDbPolyline
90
4
70
1
38
25.865
10
16457.217
20
1719.721
10
16532.707
20
1744.104
10
16520.838
20
1780.849
10
16445.348
20
1756.467
0
LWPOLYLINE
5
82C9
100
AcDbEntity
8
Panels
100
AcDbPolyline
90
4
70
1
38
25.865
10
16381.489
20
1695.262
10
16456.979
20
1719.645
10
16445.11
20
1756.39
10
16369.62
20
1732.007
0
LWPOLYLINE
5
82C8
100
AcDbEntity
8
Panels
100
AcDbPolyline
90
4
70
1
38
25.865
10
16305.761
20
1670.803
10
16381.251
20
1695.185
10
16369.382
20
1731.93
10
16293.893
20
1707.548
0
LWPOLYLINE
5
82C7
100
AcDbEntity
8
Panels
100
AcDbPolyline
90
4
70
1
38
25.865
10
17080.902
20
1860.096
10
17156.392
20
1884.478
10
17144.523
20
1921.223
10
17069.033
20
1896.841
0
LWPOLYLINE
5
82C6
100
AcDbEntity
8
Panels
100
AcDbPolyline
90
4
70
1
38
25.865
10
17005.174
20
1835.636
10
17080.664
20
1860.019
10
17068.795
20
1896.764
10
16993.305
20
1872.381
0
LWPOLYLINE
5
82C5
100
AcDbEntity
8
Panels
100
AcDbPolyline
90
4
70
1
38
25.865
10
16929.446
20
1811.177
10
17004.936
20
1835.559
10
16993.067
20
1872.305
10
16917.577
20
1847.922
0
LWPOLYLINE
5
82C4
100
AcDbEntity
8
Panels
100
AcDbPolyline
90
4
70
1
38
25.865
10
16853.718
20
1786.717
10
16929.208
20
1811.1
10
16917.339
20
1847.845
10
16841.85
20
1823.463
0
LWPOLYLINE
5
82C3
100
AcDbEntity
8
Panels
100
AcDbPolyline
90
4
70
1
38
25.865
10
16777.99
20
1762.258
10
16853.48
20
1786.641
10
16841.612
20
1823.386
10
16766.122
20
1799.003
0
LWPOLYLINE
5
82C2
100
AcDbEntity
8
Panels
100
AcDbPolyline
90
4
70
1
38
25.865
10
16702.262
20
1737.798
10
16777.752
20
1762.181
10
16765.884
20
1798.926
10
16690.394
20
1774.544
0
LWPOLYLINE
5
82C1
100
AcDbEntity
8
Panels
100
AcDbPolyline
90
4
70
1
38
25.865
10
16626.534
20
1713.339
10
16702.024
20
1737.722
10
16690.156
20
1774.467
10
16614.666
20
1750.084
0
LWPOLYLINE
5
82C0
100
AcDbEntity
8
Panels
100
AcDbPolyline
90
4
70
1
38
25.865
10
16550.806
20
1688.88
10
16626.296
20
1713.262
10
16614.428
20
1750.007
10
16538.938
20
1725.625
0
LWPOLYLINE
5
82BF
100
AcDbEntity
8
Panels
100
AcDbPolyline
90
4
70
1
38
25.865
10
16475.078
20
1664.42
10
16550.568
20
1688.803
10
16538.7
20
1725.548
10
16463.21
20
1701.165
0
LWPOLYLINE
5
82BE
100
AcDbEntity
8
Panels
100
AcDbPolyline
90
4
70
1
38
25.865
10
16399.351
20
1639.961
10
16474.841
20
1664.343
10
16462.972
20
1701.088
10
16387.482
20
1676.706
0
LWPOLYLINE
5
82BD
100
AcDbEntity
8
Panels
100
AcDbPolyline
90
4
70
1
38
25.865
10
16323.623
20
1615.501
10
16399.113
20
1639.884
10
16387.244
20
1676.629
10
16311.754
20
1652.246
0
LWPOLYLINE
5
82BC
100
AcDbEntity
8
Panels
100
AcDbPolyline
90
4
70
1
38
25.865
10
17098.763
20
1804.794
10
17174.253
20
1829.177
10
17162.385
20
1865.922
10
17086.895
20
1841.54
0
LWPOLYLINE
5
82BB
100
AcDbEntity
8
Panels
100
AcDbPolyline
90
4
70
1
38
25.865
10
17023.035
20
1780.335
10
17098.525
20
1804.718
10
17086.657
20
1841.463
10
17011.167
20
1817.08
0
LWPOLYLINE
5
82BA
100
AcDbEntity
8
Panels
100
AcDbPolyline
90
4
70
1
38
25.865
10
16417.212
20
1584.659
10
16492.702
20
1609.042
10
16480.834
20
1645.787
10
16405.344
20
1621.405
0
LWPOLYLINE
5
82B9
100
AcDbEntity
8
Panels
100
AcDbPolyline
90
4
70
1
38
25.865
10
16341.485
20
1560.2
10
16416.974
20
1584.583
10
16405.106
20
1621.328
10
16329.616
20
1596.945
0
LWPOLYLINE
5
82B8
100
AcDbEntity
8
Panels
100
AcDbPolyline
90
4
70
1
38
25.865
10
17134.487
20
1694.192
10
17209.977
20
1718.574
10
17198.109
20
1755.32
10
17122.619
20
1730.937
0
LWPOLYLINE
5
82B7
100
AcDbEntity
8
Panels
100
AcDbPolyline
90
4
70
1
38
25.865
10
17058.759
20
1669.732
10
17134.249
20
1694.115
10
17122.381
20
1730.86
10
17046.891
20
1706.478
0
LWPOLYLINE
5
82B6
100
AcDbEntity
8
Panels
100
AcDbPolyline
90
4
70
1
38
25.865
10
17116.625
20
1749.493
10
17192.115
20
1773.876
10
17180.247
20
1810.621
10
17104.757
20
1786.238
0
LWPOLYLINE
5
82B5
100
AcDbEntity
8
Panels
100
AcDbPolyline
90
4
70
1
38
25.865
10
17040.897
20
1725.034
10
17116.387
20
1749.416
10
17104.519
20
1786.161
10
17029.029
20
1761.779
0
LWPOLYLINE
5
82B4
100
AcDbEntity
8
Panels
100
AcDbPolyline
90
4
70
1
38
25.865
10
16452.936
20
1474.057
10
16528.426
20
1498.44
10
16516.558
20
1535.185
10
16441.068
20
1510.802
0
LWPOLYLINE
5
82B3
100
AcDbEntity
8
Panels
100
AcDbPolyline
90
4
70
1
38
25.865
10
16377.208
20
1449.598
10
16452.698
20
1473.98
10
16440.83
20
1510.725
10
16365.34
20
1486.343
0
LWPOLYLINE
5
82B2
100
AcDbEntity
8
Panels
100
AcDbPolyline
90
4
70
1
38
25.865
10
16435.074
20
1529.358
10
16510.564
20
1553.741
10
16498.696
20
1590.486
10
16423.206
20
1566.103
0
LWPOLYLINE
5
82B1
100
AcDbEntity
8
Panels
100
AcDbPolyline
90
4
70
1
38
25.865
10
16359.346
20
1504.899
10
16434.836
20
1529.281
10
16422.968
20
1566.027
10
16347.478
20
1541.644
0
LWPOLYLINE
5
82B0
100
AcDbEntity
8
Panels
100
AcDbPolyline
90
4
70
1
38
-31.62
10
20010.906
20
3396.533
10
20087.906
20
3396.533
10
20087.906
20
3435.001
10
20010.906
20
3435.001
0
LWPOLYLINE
5
82AF
100
AcDbEntity
8
Panels
100
AcDbPolyline
90
4
70
1
38
-31.62
10
19933.656
20
3396.533
10
20010.656
20
3396.533
10
20010.656
20
3435.001
10
19933.656
20
3435.001
0
LWPOLYLINE
5
82AE
100
AcDbEntity
8
Panels
100
AcDbPolyline
90
4
70
1
38
-31.62
10
19856.406
20
3396.533
10
19933.406
20
3396.533
10
19933.406
20
3435.001
10
19856.406
20
3435.001
0
LWPOLYLINE
5
82AD
100
AcDbEntity
8
Panels
100
AcDbPolyline
90
4
70
1
38
-31.62
10
19392.906
20
3396.533
10
19469.906
20
3396.533
10
19469.906
20
3435.001
10
19392.906
20
3435.001
0
LWPOLYLINE
5
82AC
100
AcDbEntity
8
Panels
100
AcDbPolyline
90
4
70
1
38
-31.62
10
19779.156
20
3396.533
10
19856.156
20
3396.533
10
19856.156
20
3435.001
10
19779.156
20
3435.001
0
LWPOLYLINE
5
82AB
100
AcDbEntity
8
Panels
100
AcDbPolyline
90
4
70
1
38
-31.62
10
19701.906
20
3396.533
10
19778.906
20
3396.533
10
19778.906
20
3435.001
10
19701.906
20
3435.001
0
LWPOLYLINE
5
82AA
100
AcDbEntity
8
Panels
100
AcDbPolyline
90
4
70
1
38
-31.62
10
19315.656
20
3396.533
10
19392.656
20
3396.533
10
19392.656
20
3435.001
10
19315.656
20
3435.001
0
LWPOLYLINE
5
82A9
100
AcDbEntity
8
Panels
100
AcDbPolyline
90
4
70
1
38
-31.62
10
19238.406
20
3396.533
10
19315.406
20
3396.533
10
19315.406
20
3435.001
10
19238.406
20
3435.001
0
LWPOLYLINE
5
82A8
100
AcDbEntity
8
Panels
100
AcDbPolyline
90
4
70
1
38
-31.62
10
19161.156
20
3396.533
10
19238.156
20
3396.533
10
19238.156
20
3435.001
10
19161.156
20
3435.001
0
LWPOLYLINE
5
82A7
100
AcDbEntity
8
Panels
100
AcDbPolyline
90
4
70
1
38
-31.62
10
19083.906
20
3396.533
10
19160.906
20
3396.533
10
19160.906
20
3435.001
10
19083.906
20
3435.001
0
LWPOLYLINE
5
82A6
100
AcDbEntity
8
Panels
100
AcDbPolyline
90
4
70
1
38
-31.62
10
19006.656
20
3396.533
10
19083.656
20
3396.533
10
19083.656
20
3435.001
10
19006.656
20
3435.001
0
LWPOLYLINE
5
82A5
100
AcDbEntity
8
Panels
100
AcDbPolyline
90
4
70
1
38
-31.62
10
18929.406
20
3396.533
10
19006.406
20
3396.533
10
19006.406
20
3435.001
10
18929.406
20
3435.001
0
LWPOLYLINE
5
82A4
100
AcDbEntity
8
Panels
100
AcDbPolyline
90
4
70
1
38
-31.62
10
20010.906
20
3454.339
10
20087.906
20
3454.339
10
20087.906
20
3492.808
10
20010.906
20
3492.808
0
LWPOLYLINE
5
82A3
100
AcDbEntity
8
Panels
100
AcDbPolyline
90
4
70
1
38
-31.62
10
19933.656
20
3454.339
10
20010.656
20
3454.339
10
20010.656
20
3492.808
10
19933.656
20
3492.808
0
LWPOLYLINE
5
82A2
100
AcDbEntity
8
Panels
100
AcDbPolyline
90
4
70
1
38
-31.62
10
19856.406
20
3454.339
10
19933.406
20
3454.339
10
19933.406
20
3492.808
10
19856.406
20
3492.808
0
LWPOLYLINE
5
82A1
100
AcDbEntity
8
Panels
100
AcDbPolyline
90
4
70
1
38
-31.62
10
19392.906
20
3454.339
10
19469.906
20
3454.339
10
19469.906
20
3492.808
10
19392.906
20
3492.808
0
LWPOLYLINE
5
82A0
100
AcDbEntity
8
Panels
100
AcDbPolyline
90
4
70
1
38
-31.62
10
19779.156
20
3454.339
10
19856.156
20
3454.339
10
19856.156
20
3492.808
10
19779.156
20
3492.808
0
LWPOLYLINE
5
829F
100
AcDbEntity
8
Panels
100
AcDbPolyline
90
4
70
1
38
-31.62
10
19701.906
20
3454.339
10
19778.906
20
3454.339
10
19778.906
20
3492.808
10
19701.906
20
3492.808
0
LWPOLYLINE
5
829E
100
AcDbEntity
8
Panels
100
AcDbPolyline
90
4
70
1
38
-31.62
10
19315.656
20
3454.339
10
19392.656
20
3454.339
10
19392.656
20
3492.808
10
19315.656
20
3492.808
0
LWPOLYLINE
5
829D
100
AcDbEntity
8
Panels
100
AcDbPolyline
90
4
70
1
38
-31.62
10
19238.406
20
3454.339
10
19315.406
20
3454.339
10
19315.406
20
3492.808
10
19238.406
20
3492.808
0
LWPOLYLINE
5
829C
100
AcDbEntity
8
Panels
100
AcDbPolyline
90
4
70
1
38
-31.62
10
19161.156
20
3454.339
10
19238.156
20
3454.339
10
19238.156
20
3492.808
10
19161.156
20
3492.808
0
LWPOLYLINE
5
829B
100
AcDbEntity
8
Panels
100
AcDbPolyline
90
4
70
1
38
-31.62
10
19083.906
20
3454.339
10
19160.906
20
3454.339
10
19160.906
20
3492.808
10
19083.906
20
3492.808
0
LWPOLYLINE
5
829A
100
AcDbEntity
8
Panels
100
AcDbPolyline
90
4
70
1
38
-31.62
10
19006.656
20
3454.339
10
19083.656
20
3454.339
10
19083.656
20
3492.808
10
19006.656
20
3492.808
0
LWPOLYLINE
5
8299
100
AcDbEntity
8
Panels
100
AcDbPolyline
90
4
70
1
38
-31.62
10
18929.406
20
3454.339
10
19006.406
20
3454.339
10
19006.406
20
3492.808
10
18929.406
20
3492.808
0
LWPOLYLINE
5
8298
100
AcDbEntity
8
Panels
100
AcDbPolyline
90
4
70
1
38
-31.62
10
20010.906
20
3512.146
10
20087.906
20
3512.146
10
20087.906
20
3550.615
10
20010.906
20
3550.615
0
LWPOLYLINE
5
8297
100
AcDbEntity
8
Panels
100
AcDbPolyline
90
4
70
1
38
-31.62
10
19933.656
20
3512.146
10
20010.656
20
3512.146
10
20010.656
20
3550.615
10
19933.656
20
3550.615
0
LWPOLYLINE
5
8296
100
AcDbEntity
8
Panels
100
AcDbPolyline
90
4
70
1
38
-31.62
10
19856.406
20
3512.146
10
19933.406
20
3512.146
10
19933.406
20
3550.615
10
19856.406
20
3550.615
0
LWPOLYLINE
5
8295
100
AcDbEntity
8
Panels
100
AcDbPolyline
90
4
70
1
38
-31.62
10
19547.406
20
3512.146
10
19624.406
20
3512.146
10
19624.406
20
3550.615
10
19547.406
20
3550.615
0
LWPOLYLINE
5
8294
100
AcDbEntity
8
Panels
100
AcDbPolyline
90
4
70
1
38
-31.62
10
19470.156
20
3512.146
10
19547.156
20
3512.146
10
19547.156
20
3550.615
10
19470.156
20
3550.615
0
LWPOLYLINE
5
8293
100
AcDbEntity
8
Panels
100
AcDbPolyline
90
4
70
1
38
-31.62
10
19392.906
20
3512.146
10
19469.906
20
3512.146
10
19469.906
20
3550.615
10
19392.906
20
3550.615
0
LWPOLYLINE
5
8292
100
AcDbEntity
8
Panels
100
AcDbPolyline
90
4
70
1
38
-31.62
10
19779.156
20
3512.146
10
19856.156
20
3512.146
10
19856.156
20
3550.615
10
19779.156
20
3550.615
0
LWPOLYLINE
5
8291
100
AcDbEntity
8
Panels
100
AcDbPolyline
90
4
70
1
38
-31.62
10
19701.906
20
3512.146
10
19778.906
20
3512.146
10
19778.906
20
3550.615
10
19701.906
20
3550.615
0
LWPOLYLINE
5
8290
100
AcDbEntity
8
Panels
100
AcDbPolyline
90
4
70
1
38
-31.62
10
19624.656
20
3512.146
10
19701.656
20
3512.146
10
19701.656
20
3550.615
10
19624.656
20
3550.615
0
LWPOLYLINE
5
828F
100
AcDbEntity
8
Panels
100
AcDbPolyline
90
4
70
1
38
-31.62
10
19315.656
20
3512.146
10
19392.656
20
3512.146
10
19392.656
20
3550.615
10
19315.656
20
3550.615
0
LWPOLYLINE
5
828E
100
AcDbEntity
8
Panels
100
AcDbPolyline
90
4
70
1
38
-31.62
10
19238.406
20
3512.146
10
19315.406
20
3512.146
10
19315.406
20
3550.615
10
19238.406
20
3550.615
0
LWPOLYLINE
5
828D
100
AcDbEntity
8
Panels
100
AcDbPolyline
90
4
70
1
38
-31.62
10
19161.156
20
3512.146
10
19238.156
20
3512.146
10
19238.156
20
3550.615
10
19161.156
20
3550.615
0
LWPOLYLINE
5
828C
100
AcDbEntity
8
Panels
100
AcDbPolyline
90
4
70
1
38
-31.62
10
19083.906
20
3512.146
10
19160.906
20
3512.146
10
19160.906
20
3550.615
10
19083.906
20
3550.615
0
LWPOLYLINE
5
828B
100
AcDbEntity
8
Panels
100
AcDbPolyline
90
4
70
1
38
-31.62
10
19006.656
20
3512.146
10
19083.656
20
3512.146
10
19083.656
20
3550.615
10
19006.656
20
3550.615
0
LWPOLYLINE
5
828A
100
AcDbEntity
8
Panels
100
AcDbPolyline
90
4
70
1
38
-31.62
10
18929.406
20
3512.146
10
19006.406
20
3512.146
10
19006.406
20
3550.615
10
18929.406
20
3550.615
0
LWPOLYLINE
5
8289
100
AcDbEntity
8
Panels
100
AcDbPolyline
90
4
70
1
38
-31.62
10
20010.906
20
3569.953
10
20087.906
20
3569.953
10
20087.906
20
3608.422
10
20010.906
20
3608.422
0
LWPOLYLINE
5
8288
100
AcDbEntity
8
Panels
100
AcDbPolyline
90
4
70
1
38
-31.62
10
19933.656
20
3569.953
10
20010.656
20
3569.953
10
20010.656
20
3608.422
10
19933.656
20
3608.422
0
LWPOLYLINE
5
8287
100
AcDbEntity
8
Panels
100
AcDbPolyline
90
4
70
1
38
-31.62
10
19856.406
20
3569.953
10
19933.406
20
3569.953
10
19933.406
20
3608.422
10
19856.406
20
3608.422
0
LWPOLYLINE
5
8286
100
AcDbEntity
8
Panels
100
AcDbPolyline
90
4
70
1
38
-31.62
10
19547.406
20
3569.953
10
19624.406
20
3569.953
10
19624.406
20
3608.422
10
19547.406
20
3608.422
0
LWPOLYLINE
5
8285
100
AcDbEntity
8
Panels
100
AcDbPolyline
90
4
70
1
38
-31.62
10
19470.156
20
3569.953
10
19547.156
20
3569.953
10
19547.156
20
3608.422
10
19470.156
20
3608.422
0
LWPOLYLINE
5
8284
100
AcDbEntity
8
Panels
100
AcDbPolyline
90
4
70
1
38
-31.62
10
19392.906
20
3569.953
10
19469.906
20
3569.953
10
19469.906
20
3608.422
10
19392.906
20
3608.422
0
LWPOLYLINE
5
8283
100
AcDbEntity
8
Panels
100
AcDbPolyline
90
4
70
1
38
-31.62
10
19779.156
20
3569.953
10
19856.156
20
3569.953
10
19856.156
20
3608.422
10
19779.156
20
3608.422
0
LWPOLYLINE
5
8282
100
AcDbEntity
8
Panels
100
AcDbPolyline
90
4
70
1
38
-31.62
10
19701.906
20
3569.953
10
19778.906
20
3569.953
10
19778.906
20
3608.422
10
19701.906
20
3608.422
0
LWPOLYLINE
5
8281
100
AcDbEntity
8
Panels
100
AcDbPolyline
90
4
70
1
38
-31.62
10
19624.656
20
3569.953
10
19701.656
20
3569.953
10
19701.656
20
3608.422
10
19624.656
20
3608.422
0
LWPOLYLINE
5
8280
100
AcDbEntity
8
Panels
100
AcDbPolyline
90
4
70
1
38
-31.62
10
19315.656
20
3569.953
10
19392.656
20
3569.953
10
19392.656
20
3608.422
10
19315.656
20
3608.422
0
LWPOLYLINE
5
827F
100
AcDbEntity
8
Panels
100
AcDbPolyline
90
4
70
1
38
-31.62
10
19238.406
20
3569.953
10
19315.406
20
3569.953
10
19315.406
20
3608.422
10
19238.406
20
3608.422
0
LWPOLYLINE
5
827E
100
AcDbEntity
8
Panels
100
AcDbPolyline
90
4
70
1
38
-31.62
10
19161.156
20
3569.953
10
19238.156
20
3569.953
10
19238.156
20
3608.422
10
19161.156
20
3608.422
0
LWPOLYLINE
5
827D
100
AcDbEntity
8
Panels
100
AcDbPolyline
90
4
70
1
38
-31.62
10
19083.906
20
3569.953
10
19160.906
20
3569.953
10
19160.906
20
3608.422
10
19083.906
20
3608.422
0
LWPOLYLINE
5
827C
100
AcDbEntity
8
Panels
100
AcDbPolyline
90
4
70
1
38
-31.62
10
19006.656
20
3569.953
10
19083.656
20
3569.953
10
19083.656
20
3608.422
10
19006.656
20
3608.422
0
LWPOLYLINE
5
827B
100
AcDbEntity
8
Panels
100
AcDbPolyline
90
4
70
1
38
-31.62
10
18929.406
20
3569.953
10
19006.406
20
3569.953
10
19006.406
20
3608.422
10
18929.406
20
3608.422
0
LWPOLYLINE
5
827A
100
AcDbEntity
8
Panels
100
AcDbPolyline
90
4
70
1
38
-31.62
10
20010.906
20
3627.76
10
20087.906
20
3627.76
10
20087.906
20
3666.228
10
20010.906
20
3666.228
0
LWPOLYLINE
5
8279
100
AcDbEntity
8
Panels
100
AcDbPolyline
90
4
70
1
38
-31.62
10
19933.656
20
3627.76
10
20010.656
20
3627.76
10
20010.656
20
3666.228
10
19933.656
20
3666.228
0
LWPOLYLINE
5
8278
100
AcDbEntity
8
Panels
100
AcDbPolyline
90
4
70
1
38
-31.62
10
19856.406
20
3627.76
10
19933.406
20
3627.76
10
19933.406
20
3666.228
10
19856.406
20
3666.228
0
LWPOLYLINE
5
8277
100
AcDbEntity
8
Panels
100
AcDbPolyline
90
4
70
1
38
-31.62
10
19547.406
20
3627.76
10
19624.406
20
3627.76
10
19624.406
20
3666.228
10
19547.406
20
3666.228
0
LWPOLYLINE
5
8276
100
AcDbEntity
8
Panels
100
AcDbPolyline
90
4
70
1
38
-31.62
10
19470.156
20
3627.76
10
19547.156
20
3627.76
10
19547.156
20
3666.228
10
19470.156
20
3666.228
0
LWPOLYLINE
5
8275
100
AcDbEntity
8
Panels
100
AcDbPolyline
90
4
70
1
38
-31.62
10
19392.906
20
3627.76
10
19469.906
20
3627.76
10
19469.906
20
3666.228
10
19392.906
20
3666.228
0
LWPOLYLINE
5
8274
100
AcDbEntity
8
Panels
100
AcDbPolyline
90
4
70
1
38
-31.62
10
19779.156
20
3627.76
10
19856.156
20
3627.76
10
19856.156
20
3666.228
10
19779.156
20
3666.228
0
LWPOLYLINE
5
8273
100
AcDbEntity
8
Panels
100
AcDbPolyline
90
4
70
1
38
-31.62
10
19701.906
20
3627.76
10
19778.906
20
3627.76
10
19778.906
20
3666.228
10
19701.906
20
3666.228
0
LWPOLYLINE
5
8272
100
AcDbEntity
8
Panels
100
AcDbPolyline
90
4
70
1
38
-31.62
10
19624.656
20
3627.76
10
19701.656
20
3627.76
10
19701.656
20
3666.228
10
19624.656
20
3666.228
0
LWPOLYLINE
5
8271
100
AcDbEntity
8
Panels
100
AcDbPolyline
90
4
70
1
38
-31.62
10
19315.656
20
3627.76
10
19392.656
20
3627.76
10
19392.656
20
3666.228
10
19315.656
20
3666.228
0
LWPOLYLINE
5
8270
100
AcDbEntity
8
Panels
100
AcDbPolyline
90
4
70
1
38
-31.62
10
19238.406
20
3627.76
10
19315.406
20
3627.76
10
19315.406
20
3666.228
10
19238.406
20
3666.228
0
LWPOLYLINE
5
826F
100
AcDbEntity
8
Panels
100
AcDbPolyline
90
4
70
1
38
-31.62
10
19161.156
20
3627.76
10
19238.156
20
3627.76
10
19238.156
20
3666.228
10
19161.156
20
3666.228
0
LWPOLYLINE
5
826E
100
AcDbEntity
8
Panels
100
AcDbPolyline
90
4
70
1
38
-31.62
10
19083.906
20
3627.76
10
19160.906
20
3627.76
10
19160.906
20
3666.228
10
19083.906
20
3666.228
0
LWPOLYLINE
5
826D
100
AcDbEntity
8
Panels
100
AcDbPolyline
90
4
70
1
38
-31.62
10
19006.656
20
3627.76
10
19083.656
20
3627.76
10
19083.656
20
3666.228
10
19006.656
20
3666.228
0
LWPOLYLINE
5
826C
100
AcDbEntity
8
Panels
100
AcDbPolyline
90
4
70
1
38
-31.62
10
18929.406
20
3627.76
10
19006.406
20
3627.76
10
19006.406
20
3666.228
10
18929.406
20
3666.228
0
LWPOLYLINE
5
826B
100
AcDbEntity
8
Panels
100
AcDbPolyline
90
4
70
1
38
-31.62
10
20010.906
20
3685.566
10
20087.906
20
3685.566
10
20087.906
20
3724.035
10
20010.906
20
3724.035
0
LWPOLYLINE
5
826A
100
AcDbEntity
8
Panels
100
AcDbPolyline
90
4
70
1
38
-31.62
10
19933.656
20
3685.566
10
20010.656
20
3685.566
10
20010.656
20
3724.035
10
19933.656
20
3724.035
0
LWPOLYLINE
5
8269
100
AcDbEntity
8
Panels
100
AcDbPolyline
90
4
70
1
38
-31.62
10
19856.406
20
3685.566
10
19933.406
20
3685.566
10
19933.406
20
3724.035
10
19856.406
20
3724.035
0
LWPOLYLINE
5
8268
100
AcDbEntity
8
Panels
100
AcDbPolyline
90
4
70
1
38
-31.62
10
19547.406
20
3685.566
10
19624.406
20
3685.566
10
19624.406
20
3724.035
10
19547.406
20
3724.035
0
LWPOLYLINE
5
8267
100
AcDbEntity
8
Panels
100
AcDbPolyline
90
4
70
1
38
-31.62
10
19470.156
20
3685.566
10
19547.156
20
3685.566
10
19547.156
20
3724.035
10
19470.156
20
3724.035
0
LWPOLYLINE
5
8266
100
AcDbEntity
8
Panels
100
AcDbPolyline
90
4
70
1
38
-31.62
10
19392.906
20
3685.566
10
19469.906
20
3685.566
10
19469.906
20
3724.035
10
19392.906
20
3724.035
0
LWPOLYLINE
5
8265
100
AcDbEntity
8
Panels
100
AcDbPolyline
90
4
70
1
38
-31.62
10
19779.156
20
3685.566
10
19856.156
20
3685.566
10
19856.156
20
3724.035
10
19779.156
20
3724.035
0
LWPOLYLINE
5
8264
100
AcDbEntity
8
Panels
100
AcDbPolyline
90
4
70
1
38
-31.62
10
19701.906
20
3685.566
10
19778.906
20
3685.566
10
19778.906
20
3724.035
10
19701.906
20
3724.035
0
LWPOLYLINE
5
8263
100
AcDbEntity
8
Panels
100
AcDbPolyline
90
4
70
1
38
-31.62
10
19624.656
20
3685.566
10
19701.656
20
3685.566
10
19701.656
20
3724.035
10
19624.656
20
3724.035
0
LWPOLYLINE
5
8262
100
AcDbEntity
8
Panels
100
AcDbPolyline
90
4
70
1
38
-31.62
10
19315.656
20
3685.566
10
19392.656
20
3685.566
10
19392.656
20
3724.035
10
19315.656
20
3724.035
0
LWPOLYLINE
5
8261
100
AcDbEntity
8
Panels
100
AcDbPolyline
90
4
70
1
38
-31.62
10
19238.406
20
3685.566
10
19315.406
20
3685.566
10
19315.406
20
3724.035
10
19238.406
20
3724.035
0
LWPOLYLINE
5
8260
100
AcDbEntity
8
Panels
100
AcDbPolyline
90
4
70
1
38
-31.62
10
19161.156
20
3685.566
10
19238.156
20
3685.566
10
19238.156
20
3724.035
10
19161.156
20
3724.035
0
LWPOLYLINE
5
825F
100
AcDbEntity
8
Panels
100
AcDbPolyline
90
4
70
1
38
-31.62
10
19083.906
20
3685.566
10
19160.906
20
3685.566
10
19160.906
20
3724.035
10
19083.906
20
3724.035
0
LWPOLYLINE
5
825E
100
AcDbEntity
8
Panels
100
AcDbPolyline
90
4
70
1
38
-31.62
10
19006.656
20
3685.566
10
19083.656
20
3685.566
10
19083.656
20
3724.035
10
19006.656
20
3724.035
0
LWPOLYLINE
5
825D
100
AcDbEntity
8
Panels
100
AcDbPolyline
90
4
70
1
38
-31.62
10
18929.406
20
3685.566
10
19006.406
20
3685.566
10
19006.406
20
3724.035
10
18929.406
20
3724.035
0
LWPOLYLINE
5
825C
100
AcDbEntity
8
Panels
100
AcDbPolyline
90
4
70
1
38
-31.62
10
20010.906
20
3743.373
10
20087.906
20
3743.373
10
20087.906
20
3781.842
10
20010.906
20
3781.842
0
LWPOLYLINE
5
825B
100
AcDbEntity
8
Panels
100
AcDbPolyline
90
4
70
1
38
-31.62
10
19933.656
20
3743.373
10
20010.656
20
3743.373
10
20010.656
20
3781.842
10
19933.656
20
3781.842
0
LWPOLYLINE
5
825A
100
AcDbEntity
8
Panels
100
AcDbPolyline
90
4
70
1
38
-31.62
10
19856.406
20
3743.373
10
19933.406
20
3743.373
10
19933.406
20
3781.842
10
19856.406
20
3781.842
0
LWPOLYLINE
5
8259
100
AcDbEntity
8
Panels
100
AcDbPolyline
90
4
70
1
38
-31.62
10
19547.406
20
3743.373
10
19624.406
20
3743.373
10
19624.406
20
3781.842
10
19547.406
20
3781.842
0
LWPOLYLINE
5
8258
100
AcDbEntity
8
Panels
100
AcDbPolyline
90
4
70
1
38
-31.62
10
19470.156
20
3743.373
10
19547.156
20
3743.373
10
19547.156
20
3781.842
10
19470.156
20
3781.842
0
LWPOLYLINE
5
8257
100
AcDbEntity
8
Panels
100
AcDbPolyline
90
4
70
1
38
-31.62
10
19392.906
20
3743.373
10
19469.906
20
3743.373
10
19469.906
20
3781.842
10
19392.906
20
3781.842
0
LWPOLYLINE
5
8256
100
AcDbEntity
8
Panels
100
AcDbPolyline
90
4
70
1
38
-31.62
10
19779.156
20
3743.373
10
19856.156
20
3743.373
10
19856.156
20
3781.842
10
19779.156
20
3781.842
0
LWPOLYLINE
5
8255
100
AcDbEntity
8
Panels
100
AcDbPolyline
90
4
70
1
38
-31.62
10
19701.906
20
3743.373
10
19778.906
20
3743.373
10
19778.906
20
3781.842
10
19701.906
20
3781.842
0
LWPOLYLINE
5
8254
100
AcDbEntity
8
Panels
100
AcDbPolyline
90
4
70
1
38
-31.62
10
19624.656
20
3743.373
10
19701.656
20
3743.373
10
19701.656
20
3781.842
10
19624.656
20
3781.842
0
LWPOLYLINE
5
8253
100
AcDbEntity
8
Panels
100
AcDbPolyline
90
4
70
1
38
-31.62
10
19315.656
20
3743.373
10
19392.656
20
3743.373
10
19392.656
20
3781.842
10
19315.656
20
3781.842
0
LWPOLYLINE
5
8252
100
AcDbEntity
8
Panels
100
AcDbPolyline
90
4
70
1
38
-31.62
10
19238.406
20
3743.373
10
19315.406
20
3743.373
10
19315.406
20
3781.842
10
19238.406
20
3781.842
0
LWPOLYLINE
5
8251
100
AcDbEntity
8
Panels
100
AcDbPolyline
90
4
70
1
38
-31.62
10
19161.156
20
3743.373
10
19238.156
20
3743.373
10
19238.156
20
3781.842
10
19161.156
20
3781.842
0
LWPOLYLINE
5
8250
100
AcDbEntity
8
Panels
100
AcDbPolyline
90
4
70
1
38
-31.62
10
19083.906
20
3743.373
10
19160.906
20
3743.373
10
19160.906
20
3781.842
10
19083.906
20
3781.842
0
LWPOLYLINE
5
824F
100
AcDbEntity
8
Panels
100
AcDbPolyline
90
4
70
1
38
-31.62
10
19006.656
20
3743.373
10
19083.656
20
3743.373
10
19083.656
20
3781.842
10
19006.656
20
3781.842
0
LWPOLYLINE
5
824E
100
AcDbEntity
8
Panels
100
AcDbPolyline
90
4
70
1
38
-31.62
10
18929.406
20
3743.373
10
19006.406
20
3743.373
10
19006.406
20
3781.842
10
18929.406
20
3781.842
0
LWPOLYLINE
5
824D
100
AcDbEntity
8
Panels
100
AcDbPolyline
90
4
70
1
38
-31.62
10
20010.906
20
3801.18
10
20087.906
20
3801.18
10
20087.906
20
3839.649
10
20010.906
20
3839.649
0
LWPOLYLINE
5
824C
100
AcDbEntity
8
Panels
100
AcDbPolyline
90
4
70
1
38
-31.62
10
19933.656
20
3801.18
10
20010.656
20
3801.18
10
20010.656
20
3839.649
10
19933.656
20
3839.649
0
LWPOLYLINE
5
824B
100
AcDbEntity
8
Panels
100
AcDbPolyline
90
4
70
1
38
-31.62
10
19856.406
20
3801.18
10
19933.406
20
3801.18
10
19933.406
20
3839.649
10
19856.406
20
3839.649
0
LWPOLYLINE
5
824A
100
AcDbEntity
8
Panels
100
AcDbPolyline
90
4
70
1
38
-31.62
10
19547.406
20
3801.18
10
19624.406
20
3801.18
10
19624.406
20
3839.649
10
19547.406
20
3839.649
0
LWPOLYLINE
5
8249
100
AcDbEntity
8
Panels
100
AcDbPolyline
90
4
70
1
38
-31.62
10
19470.156
20
3801.18
10
19547.156
20
3801.18
10
19547.156
20
3839.649
10
19470.156
20
3839.649
0
LWPOLYLINE
5
8248
100
AcDbEntity
8
Panels
100
AcDbPolyline
90
4
70
1
38
-31.62
10
19392.906
20
3801.18
10
19469.906
20
3801.18
10
19469.906
20
3839.649
10
19392.906
20
3839.649
0
LWPOLYLINE
5
8247
100
AcDbEntity
8
Panels
100
AcDbPolyline
90
4
70
1
38
-31.62
10
19779.156
20
3801.18
10
19856.156
20
3801.18
10
19856.156
20
3839.649
10
19779.156
20
3839.649
0
LWPOLYLINE
5
8246
100
AcDbEntity
8
Panels
100
AcDbPolyline
90
4
70
1
38
-31.62
10
19701.906
20
3801.18
10
19778.906
20
3801.18
10
19778.906
20
3839.649
10
19701.906
20
3839.649
0
LWPOLYLINE
5
8245
100
AcDbEntity
8
Panels
100
AcDbPolyline
90
4
70
1
38
-31.62
10
19624.656
20
3801.18
10
19701.656
20
3801.18
10
19701.656
20
3839.649
10
19624.656
20
3839.649
0
LWPOLYLINE
5
8244
100
AcDbEntity
8
Panels
100
AcDbPolyline
90
4
70
1
38
-31.62
10
19315.656
20
3801.18
10
19392.656
20
3801.18
10
19392.656
20
3839.649
10
19315.656
20
3839.649
0
LWPOLYLINE
5
8243
100
AcDbEntity
8
Panels
100
AcDbPolyline
90
4
70
1
38
-31.62
10
19238.406
20
3801.18
10
19315.406
20
3801.18
10
19315.406
20
3839.649
10
19238.406
20
3839.649
0
LWPOLYLINE
5
8242
100
AcDbEntity
8
Panels
100
AcDbPolyline
90
4
70
1
38
-31.62
10
19161.156
20
3801.18
10
19238.156
20
3801.18
10
19238.156
20
3839.649
10
19161.156
20
3839.649
0
LWPOLYLINE
5
8241
100
AcDbEntity
8
Panels
100
AcDbPolyline
90
4
70
1
38
-31.62
10
19083.906
20
3801.18
10
19160.906
20
3801.18
10
19160.906
20
3839.649
10
19083.906
20
3839.649
0
LWPOLYLINE
5
8240
100
AcDbEntity
8
Panels
100
AcDbPolyline
90
4
70
1
38
-31.62
10
19006.656
20
3801.18
10
19083.656
20
3801.18
10
19083.656
20
3839.649
10
19006.656
20
3839.649
0
LWPOLYLINE
5
823F
100
AcDbEntity
8
Panels
100
AcDbPolyline
90
4
70
1
38
-31.62
10
18929.406
20
3801.18
10
19006.406
20
3801.18
10
19006.406
20
3839.649
10
18929.406
20
3839.649
0
LWPOLYLINE
5
823E
100
AcDbEntity
8
Panels
100
AcDbPolyline
90
4
70
1
38
-31.62
10
20010.906
20
3858.987
10
20087.906
20
3858.987
10
20087.906
20
3897.456
10
20010.906
20
3897.456
0
LWPOLYLINE
5
823D
100
AcDbEntity
8
Panels
100
AcDbPolyline
90
4
70
1
38
-31.62
10
19933.656
20
3858.987
10
20010.656
20
3858.987
10
20010.656
20
3897.456
10
19933.656
20
3897.456
0
LWPOLYLINE
5
823C
100
AcDbEntity
8
Panels
100
AcDbPolyline
90
4
70
1
38
-31.62
10
19856.406
20
3858.987
10
19933.406
20
3858.987
10
19933.406
20
3897.456
10
19856.406
20
3897.456
0
LWPOLYLINE
5
823B
100
AcDbEntity
8
Panels
100
AcDbPolyline
90
4
70
1
38
-31.62
10
19547.406
20
3858.987
10
19624.406
20
3858.987
10
19624.406
20
3897.456
10
19547.406
20
3897.456
0
LWPOLYLINE
5
823A
100
AcDbEntity
8
Panels
100
AcDbPolyline
90
4
70
1
38
-31.62
10
19470.156
20
3858.987
10
19547.156
20
3858.987
10
19547.156
20
3897.456
10
19470.156
20
3897.456
0
LWPOLYLINE
5
8239
100
AcDbEntity
8
Panels
100
AcDbPolyline
90
4
70
1
38
-31.62
10
19392.906
20
3858.987
10
19469.906
20
3858.987
10
19469.906
20
3897.456
10
19392.906
20
3897.456
0
LWPOLYLINE
5
8238
100
AcDbEntity
8
Panels
100
AcDbPolyline
90
4
70
1
38
-31.62
10
19779.156
20
3858.987
10
19856.156
20
3858.987
10
19856.156
20
3897.456
10
19779.156
20
3897.456
0
LWPOLYLINE
5
8237
100
AcDbEntity
8
Panels
100
AcDbPolyline
90
4
70
1
38
-31.62
10
19701.906
20
3858.987
10
19778.906
20
3858.987
10
19778.906
20
3897.456
10
19701.906
20
3897.456
0
LWPOLYLINE
5
8236
100
AcDbEntity
8
Panels
100
AcDbPolyline
90
4
70
1
38
-31.62
10
19624.656
20
3858.987
10
19701.656
20
3858.987
10
19701.656
20
3897.456
10
19624.656
20
3897.456
0
LWPOLYLINE
5
8235
100
AcDbEntity
8
Panels
100
AcDbPolyline
90
4
70
1
38
-31.62
10
19315.656
20
3858.987
10
19392.656
20
3858.987
10
19392.656
20
3897.456
10
19315.656
20
3897.456
0
LWPOLYLINE
5
8234
100
AcDbEntity
8
Panels
100
AcDbPolyline
90
4
70
1
38
-31.62
10
19238.406
20
3858.987
10
19315.406
20
3858.987
10
19315.406
20
3897.456
10
19238.406
20
3897.456
0
LWPOLYLINE
5
8233
100
AcDbEntity
8
Panels
100
AcDbPolyline
90
4
70
1
38
-31.62
10
19161.156
20
3858.987
10
19238.156
20
3858.987
10
19238.156
20
3897.456
10
19161.156
20
3897.456
0
LWPOLYLINE
5
8232
100
AcDbEntity
8
Panels
100
AcDbPolyline
90
4
70
1
38
-31.62
10
19083.906
20
3858.987
10
19160.906
20
3858.987
10
19160.906
20
3897.456
10
19083.906
20
3897.456
0
LWPOLYLINE
5
8231
100
AcDbEntity
8
Panels
100
AcDbPolyline
90
4
70
1
38
-31.62
10
19006.656
20
3858.987
10
19083.656
20
3858.987
10
19083.656
20
3897.456
10
19006.656
20
3897.456
0
LWPOLYLINE
5
8230
100
AcDbEntity
8
Panels
100
AcDbPolyline
90
4
70
1
38
-31.62
10
18929.406
20
3858.987
10
19006.406
20
3858.987
10
19006.406
20
3897.456
10
18929.406
20
3897.456
0
LWPOLYLINE
5
822F
100
AcDbEntity
8
Panels
100
AcDbPolyline
90
4
70
1
38
-31.62
10
20010.906
20
3916.794
10
20087.906
20
3916.794
10
20087.906
20
3955.262
10
20010.906
20
3955.262
0
LWPOLYLINE
5
822E
100
AcDbEntity
8
Panels
100
AcDbPolyline
90
4
70
1
38
-31.62
10
19933.656
20
3916.794
10
20010.656
20
3916.794
10
20010.656
20
3955.262
10
19933.656
20
3955.262
0
LWPOLYLINE
5
822D
100
AcDbEntity
8
Panels
100
AcDbPolyline
90
4
70
1
38
-31.62
10
19856.406
20
3916.794
10
19933.406
20
3916.794
10
19933.406
20
3955.262
10
19856.406
20
3955.262
0
LWPOLYLINE
5
822C
100
AcDbEntity
8
Panels
100
AcDbPolyline
90
4
70
1
38
-31.62
10
19779.156
20
3916.794
10
19856.156
20
3916.794
10
19856.156
20
3955.262
10
19779.156
20
3955.262
0
LWPOLYLINE
5
822B
100
AcDbEntity
8
Panels
100
AcDbPolyline
90
4
70
1
38
-31.62
10
19161.156
20
3916.794
10
19238.156
20
3916.794
10
19238.156
20
3955.262
10
19161.156
20
3955.262
0
LWPOLYLINE
5
822A
100
AcDbEntity
8
Panels
100
AcDbPolyline
90
4
70
1
38
-31.62
10
19083.906
20
3916.794
10
19160.906
20
3916.794
10
19160.906
20
3955.262
10
19083.906
20
3955.262
0
LWPOLYLINE
5
8229
100
AcDbEntity
8
Panels
100
AcDbPolyline
90
4
70
1
38
-31.62
10
19006.656
20
3916.794
10
19083.656
20
3916.794
10
19083.656
20
3955.262
10
19006.656
20
3955.262
0
LWPOLYLINE
5
8228
100
AcDbEntity
8
Panels
100
AcDbPolyline
90
4
70
1
38
-31.62
10
18929.406
20
3916.794
10
19006.406
20
3916.794
10
19006.406
20
3955.262
10
18929.406
20
3955.262
0
LWPOLYLINE
5
8227
100
AcDbEntity
8
Panels
100
AcDbPolyline
90
4
70
1
38
-31.62
10
19529.556
20
2324.259
10
19606.556
20
2324.259
10
19606.556
20
2362.728
10
19529.556
20
2362.728
0
LWPOLYLINE
5
8226
100
AcDbEntity
8
Panels
100
AcDbPolyline
90
4
70
1
38
-31.62
10
19452.306
20
2324.259
10
19529.306
20
2324.259
10
19529.306
20
2362.728
10
19452.306
20
2362.728
0
LWPOLYLINE
5
8225
100
AcDbEntity
8
Panels
100
AcDbPolyline
90
4
70
1
38
-31.62
10
19375.056
20
2324.259
10
19452.056
20
2324.259
10
19452.056
20
2362.728
10
19375.056
20
2362.728
0
LWPOLYLINE
5
8224
100
AcDbEntity
8
Panels
100
AcDbPolyline
90
4
70
1
38
-31.62
10
19297.806
20
2324.259
10
19374.806
20
2324.259
10
19374.806
20
2362.728
10
19297.806
20
2362.728
0
LWPOLYLINE
5
8223
100
AcDbEntity
8
Panels
100
AcDbPolyline
90
4
70
1
38
-31.62
10
19220.556
20
2324.259
10
19297.556
20
2324.259
10
19297.556
20
2362.728
10
19220.556
20
2362.728
0
LWPOLYLINE
5
8222
100
AcDbEntity
8
Panels
100
AcDbPolyline
90
4
70
1
38
-31.62
10
19529.556
20
2382.066
10
19606.556
20
2382.066
10
19606.556
20
2420.534
10
19529.556
20
2420.534
0
LWPOLYLINE
5
8221
100
AcDbEntity
8
Panels
100
AcDbPolyline
90
4
70
1
38
-31.62
10
19529.556
20
2439.872
10
19606.556
20
2439.872
10
19606.556
20
2478.341
10
19529.556
20
2478.341
0
LWPOLYLINE
5
8220
100
AcDbEntity
8
Panels
100
AcDbPolyline
90
4
70
1
38
-31.62
10
19529.556
20
2497.679
10
19606.556
20
2497.679
10
19606.556
20
2536.148
10
19529.556
20
2536.148
0
LWPOLYLINE
5
821F
100
AcDbEntity
8
Panels
100
AcDbPolyline
90
4
70
1
38
-31.62
10
19529.556
20
2555.486
10
19606.556
20
2555.486
10
19606.556
20
2593.955
10
19529.556
20
2593.955
0
LWPOLYLINE
5
821E
100
AcDbEntity
8
Panels
100
AcDbPolyline
90
4
70
1
38
-31.62
10
18834.306
20
2382.066
10
18911.306
20
2382.066
10
18911.306
20
2420.534
10
18834.306
20
2420.534
0
LWPOLYLINE
5
821D
100
AcDbEntity
8
Panels
100
AcDbPolyline
90
4
70
1
38
-31.62
10
18834.306
20
2439.872
10
18911.306
20
2439.872
10
18911.306
20
2478.341
10
18834.306
20
2478.341
0
LWPOLYLINE
5
821C
100
AcDbEntity
8
Panels
100
AcDbPolyline
90
4
70
1
38
-31.62
10
19066.056
20
2497.679
10
19143.056
20
2497.679
10
19143.056
20
2536.148
10
19066.056
20
2536.148
0
LWPOLYLINE
5
821B
100
AcDbEntity
8
Panels
100
AcDbPolyline
90
4
70
1
38
-31.62
10
18988.806
20
2497.679
10
19065.806
20
2497.679
10
19065.806
20
2536.148
10
18988.806
20
2536.148
0
LWPOLYLINE
5
821A
100
AcDbEntity
8
Panels
100
AcDbPolyline
90
4
70
1
38
-31.62
10
18911.556
20
2497.679
10
18988.556
20
2497.679
10
18988.556
20
2536.148
10
18911.556
20
2536.148
0
LWPOLYLINE
5
8219
100
AcDbEntity
8
Panels
100
AcDbPolyline
90
4
70
1
38
-31.62
10
19143.306
20
2497.679
10
19220.306
20
2497.679
10
19220.306
20
2536.148
10
19143.306
20
2536.148
0
LWPOLYLINE
5
8218
100
AcDbEntity
8
Panels
100
AcDbPolyline
90
4
70
1
38
-31.62
10
18834.306
20
2497.679
10
18911.306
20
2497.679
10
18911.306
20
2536.148
10
18834.306
20
2536.148
0
LWPOLYLINE
5
8217
100
AcDbEntity
8
Panels
100
AcDbPolyline
90
4
70
1
38
-31.62
10
19066.056
20
2555.486
10
19143.056
20
2555.486
10
19143.056
20
2593.955
10
19066.056
20
2593.955
0
LWPOLYLINE
5
8216
100
AcDbEntity
8
Panels
100
AcDbPolyline
90
4
70
1
38
-31.62
10
18988.806
20
2555.486
10
19065.806
20
2555.486
10
19065.806
20
2593.955
10
18988.806
20
2593.955
0
LWPOLYLINE
5
8215
100
AcDbEntity
8
Panels
100
AcDbPolyline
90
4
70
1
38
-31.62
10
18911.556
20
2555.486
10
18988.556
20
2555.486
10
18988.556
20
2593.955
10
18911.556
20
2593.955
0
LWPOLYLINE
5
8214
100
AcDbEntity
8
Panels
100
AcDbPolyline
90
4
70
1
38
-31.62
10
19143.306
20
2555.486
10
19220.306
20
2555.486
10
19220.306
20
2593.955
10
19143.306
20
2593.955
0
LWPOLYLINE
5
8213
100
AcDbEntity
8
Panels
100
AcDbPolyline
90
4
70
1
38
-31.62
10
18834.306
20
2555.486
10
18911.306
20
2555.486
10
18911.306
20
2593.955
10
18834.306
20
2593.955
0
LWPOLYLINE
5
8212
100
AcDbEntity
8
Panels
100
AcDbPolyline
90
4
70
1
38
-31.62
10
19529.556
20
2613.293
10
19606.556
20
2613.293
10
19606.556
20
2651.762
10
19529.556
20
2651.762
0
LWPOLYLINE
5
8211
100
AcDbEntity
8
Panels
100
AcDbPolyline
90
4
70
1
38
-31.62
10
19452.306
20
2613.293
10
19529.306
20
2613.293
10
19529.306
20
2651.762
10
19452.306
20
2651.762
0
LWPOLYLINE
5
8210
100
AcDbEntity
8
Panels
100
AcDbPolyline
90
4
70
1
38
-31.62
10
19375.056
20
2613.293
10
19452.056
20
2613.293
10
19452.056
20
2651.762
10
19375.056
20
2651.762
0
LWPOLYLINE
5
820F
100
AcDbEntity
8
Panels
100
AcDbPolyline
90
4
70
1
38
-31.62
10
19066.056
20
2613.293
10
19143.056
20
2613.293
10
19143.056
20
2651.762
10
19066.056
20
2651.762
0
LWPOLYLINE
5
820E
100
AcDbEntity
8
Panels
100
AcDbPolyline
90
4
70
1
38
-31.62
10
18988.806
20
2613.293
10
19065.806
20
2613.293
10
19065.806
20
2651.762
10
18988.806
20
2651.762
0
LWPOLYLINE
5
820D
100
AcDbEntity
8
Panels
100
AcDbPolyline
90
4
70
1
38
-31.62
10
19297.806
20
2613.293
10
19374.806
20
2613.293
10
19374.806
20
2651.762
10
19297.806
20
2651.762
0
LWPOLYLINE
5
820C
100
AcDbEntity
8
Panels
100
AcDbPolyline
90
4
70
1
38
-31.62
10
19220.556
20
2613.293
10
19297.556
20
2613.293
10
19297.556
20
2651.762
10
19220.556
20
2651.762
0
LWPOLYLINE
5
820B
100
AcDbEntity
8
Panels
100
AcDbPolyline
90
4
70
1
38
-31.62
10
19143.306
20
2613.293
10
19220.306
20
2613.293
10
19220.306
20
2651.762
10
19143.306
20
2651.762
0
LWPOLYLINE
5
820A
100
AcDbEntity
8
Panels
100
AcDbPolyline
90
4
70
1
38
-31.62
10
19529.556
20
2960.134
10
19606.556
20
2960.134
10
19606.556
20
2998.602
10
19529.556
20
2998.602
0
LWPOLYLINE
5
8209
100
AcDbEntity
8
Panels
100
AcDbPolyline
90
4
70
1
38
-31.62
10
19452.306
20
2960.134
10
19529.306
20
2960.134
10
19529.306
20
2998.602
10
19452.306
20
2998.602
0
LWPOLYLINE
5
8208
100
AcDbEntity
8
Panels
100
AcDbPolyline
90
4
70
1
38
-31.62
10
19375.056
20
2960.134
10
19452.056
20
2960.134
10
19452.056
20
2998.602
10
19375.056
20
2998.602
0
LWPOLYLINE
5
8207
100
AcDbEntity
8
Panels
100
AcDbPolyline
90
4
70
1
38
-31.62
10
19066.056
20
2960.134
10
19143.056
20
2960.134
10
19143.056
20
2998.602
10
19066.056
20
2998.602
0
LWPOLYLINE
5
8206
100
AcDbEntity
8
Panels
100
AcDbPolyline
90
4
70
1
38
-31.62
10
18988.806
20
2960.134
10
19065.806
20
2960.134
10
19065.806
20
2998.602
10
18988.806
20
2998.602
0
LWPOLYLINE
5
8205
100
AcDbEntity
8
Panels
100
AcDbPolyline
90
4
70
1
38
-31.62
10
18911.556
20
2960.134
10
18988.556
20
2960.134
10
18988.556
20
2998.602
10
18911.556
20
2998.602
0
LWPOLYLINE
5
8204
100
AcDbEntity
8
Panels
100
AcDbPolyline
90
4
70
1
38
-31.62
10
19297.806
20
2960.134
10
19374.806
20
2960.134
10
19374.806
20
2998.602
10
19297.806
20
2998.602
0
LWPOLYLINE
5
8203
100
AcDbEntity
8
Panels
100
AcDbPolyline
90
4
70
1
38
-31.62
10
19220.556
20
2960.134
10
19297.556
20
2960.134
10
19297.556
20
2998.602
10
19220.556
20
2998.602
0
LWPOLYLINE
5
8202
100
AcDbEntity
8
Panels
100
AcDbPolyline
90
4
70
1
38
-31.62
10
19143.306
20
2960.134
10
19220.306
20
2960.134
10
19220.306
20
2998.602
10
19143.306
20
2998.602
0
LWPOLYLINE
5
8201
100
AcDbEntity
8
Panels
100
AcDbPolyline
90
4
70
1
38
-31.62
10
18834.306
20
2960.134
10
18911.306
20
2960.134
10
18911.306
20
2998.602
10
18834.306
20
2998.602
0
LWPOLYLINE
5
8200
100
AcDbEntity
8
Panels
100
AcDbPolyline
90
4
70
1
38
-31.62
10
18911.556
20
2613.293
10
18988.556
20
2613.293
10
18988.556
20
2651.762
10
18911.556
20
2651.762
0
LWPOLYLINE
5
81FF
100
AcDbEntity
8
Panels
100
AcDbPolyline
90
4
70
1
38
-31.62
10
18834.306
20
2613.293
10
18911.306
20
2613.293
10
18911.306
20
2651.762
10
18834.306
20
2651.762
0
LWPOLYLINE
5
81FE
100
AcDbEntity
8
Panels
100
AcDbPolyline
90
4
70
1
38
-31.62
10
19529.556
20
2671.1
10
19606.556
20
2671.1
10
19606.556
20
2709.568
10
19529.556
20
2709.568
0
LWPOLYLINE
5
81FD
100
AcDbEntity
8
Panels
100
AcDbPolyline
90
4
70
1
38
-31.62
10
19452.306
20
2671.1
10
19529.306
20
2671.1
10
19529.306
20
2709.568
10
19452.306
20
2709.568
0
LWPOLYLINE
5
81FC
100
AcDbEntity
8
Panels
100
AcDbPolyline
90
4
70
1
38
-31.62
10
19375.056
20
2671.1
10
19452.056
20
2671.1
10
19452.056
20
2709.568
10
19375.056
20
2709.568
0
LWPOLYLINE
5
81FB
100
AcDbEntity
8
Panels
100
AcDbPolyline
90
4
70
1
38
-31.62
10
19066.056
20
2671.1
10
19143.056
20
2671.1
10
19143.056
20
2709.568
10
19066.056
20
2709.568
0
LWPOLYLINE
5
81FA
100
AcDbEntity
8
Panels
100
AcDbPolyline
90
4
70
1
38
-31.62
10
18988.806
20
2671.1
10
19065.806
20
2671.1
10
19065.806
20
2709.568
10
18988.806
20
2709.568
0
LWPOLYLINE
5
81F9
100
AcDbEntity
8
Panels
100
AcDbPolyline
90
4
70
1
38
-31.62
10
18911.556
20
2671.1
10
18988.556
20
2671.1
10
18988.556
20
2709.568
10
18911.556
20
2709.568
0
LWPOLYLINE
5
81F8
100
AcDbEntity
8
Panels
100
AcDbPolyline
90
4
70
1
38
-31.62
10
19297.806
20
2671.1
10
19374.806
20
2671.1
10
19374.806
20
2709.568
10
19297.806
20
2709.568
0
LWPOLYLINE
5
81F7
100
AcDbEntity
8
Panels
100
AcDbPolyline
90
4
70
1
38
-31.62
10
19220.556
20
2671.1
10
19297.556
20
2671.1
10
19297.556
20
2709.568
10
19220.556
20
2709.568
0
LWPOLYLINE
5
81F6
100
AcDbEntity
8
Panels
100
AcDbPolyline
90
4
70
1
38
-31.62
10
19143.306
20
2671.1
10
19220.306
20
2671.1
10
19220.306
20
2709.568
10
19143.306
20
2709.568
0
LWPOLYLINE
5
81F5
100
AcDbEntity
8
Panels
100
AcDbPolyline
90
4
70
1
38
-31.62
10
18834.306
20
2671.1
10
18911.306
20
2671.1
10
18911.306
20
2709.568
10
18834.306
20
2709.568
0
LWPOLYLINE
5
81F4
100
AcDbEntity
8
Panels
100
AcDbPolyline
90
4
70
1
38
-31.62
10
19529.556
20
2728.906
10
19606.556
20
2728.906
10
19606.556
20
2767.375
10
19529.556
20
2767.375
0
LWPOLYLINE
5
81F3
100
AcDbEntity
8
Panels
100
AcDbPolyline
90
4
70
1
38
-31.62
10
19452.306
20
2728.906
10
19529.306
20
2728.906
10
19529.306
20
2767.375
10
19452.306
20
2767.375
0
LWPOLYLINE
5
81F2
100
AcDbEntity
8
Panels
100
AcDbPolyline
90
4
70
1
38
-31.62
10
19375.056
20
2728.906
10
19452.056
20
2728.906
10
19452.056
20
2767.375
10
19375.056
20
2767.375
0
LWPOLYLINE
5
81F1
100
AcDbEntity
8
Panels
100
AcDbPolyline
90
4
70
1
38
-31.62
10
19066.056
20
2728.906
10
19143.056
20
2728.906
10
19143.056
20
2767.375
10
19066.056
20
2767.375
0
LWPOLYLINE
5
81F0
100
AcDbEntity
8
Panels
100
AcDbPolyline
90
4
70
1
38
-31.62
10
18988.806
20
2728.906
10
19065.806
20
2728.906
10
19065.806
20
2767.375
10
18988.806
20
2767.375
0
LWPOLYLINE
5
81EF
100
AcDbEntity
8
Panels
100
AcDbPolyline
90
4
70
1
38
-31.62
10
18911.556
20
2728.906
10
18988.556
20
2728.906
10
18988.556
20
2767.375
10
18911.556
20
2767.375
0
LWPOLYLINE
5
81EE
100
AcDbEntity
8
Panels
100
AcDbPolyline
90
4
70
1
38
-31.62
10
19297.806
20
2728.906
10
19374.806
20
2728.906
10
19374.806
20
2767.375
10
19297.806
20
2767.375
0
LWPOLYLINE
5
81ED
100
AcDbEntity
8
Panels
100
AcDbPolyline
90
4
70
1
38
-31.62
10
19220.556
20
2728.906
10
19297.556
20
2728.906
10
19297.556
20
2767.375
10
19220.556
20
2767.375
0
LWPOLYLINE
5
81EC
100
AcDbEntity
8
Panels
100
AcDbPolyline
90
4
70
1
38
-31.62
10
19143.306
20
2728.906
10
19220.306
20
2728.906
10
19220.306
20
2767.375
10
19143.306
20
2767.375
0
LWPOLYLINE
5
81EB
100
AcDbEntity
8
Panels
100
AcDbPolyline
90
4
70
1
38
-31.62
10
18834.306
20
2728.906
10
18911.306
20
2728.906
10
18911.306
20
2767.375
10
18834.306
20
2767.375
0
LWPOLYLINE
5
81EA
100
AcDbEntity
8
Panels
100
AcDbPolyline
90
4
70
1
38
-31.62
10
19529.556
20
2786.713
10
19606.556
20
2786.713
10
19606.556
20
2825.182
10
19529.556
20
2825.182
0
LWPOLYLINE
5
81E9
100
AcDbEntity
8
Panels
100
AcDbPolyline
90
4
70
1
38
-31.62
10
19452.306
20
2786.713
10
19529.306
20
2786.713
10
19529.306
20
2825.182
10
19452.306
20
2825.182
0
LWPOLYLINE
5
81E8
100
AcDbEntity
8
Panels
100
AcDbPolyline
90
4
70
1
38
-31.62
10
19375.056
20
2786.713
10
19452.056
20
2786.713
10
19452.056
20
2825.182
10
19375.056
20
2825.182
0
LWPOLYLINE
5
81E7
100
AcDbEntity
8
Panels
100
AcDbPolyline
90
4
70
1
38
-31.62
10
19066.056
20
2786.713
10
19143.056
20
2786.713
10
19143.056
20
2825.182
10
19066.056
20
2825.182
0
LWPOLYLINE
5
81E6
100
AcDbEntity
8
Panels
100
AcDbPolyline
90
4
70
1
38
-31.62
10
18988.806
20
2786.713
10
19065.806
20
2786.713
10
19065.806
20
2825.182
10
18988.806
20
2825.182
0
LWPOLYLINE
5
81E5
100
AcDbEntity
8
Panels
100
AcDbPolyline
90
4
70
1
38
-31.62
10
18911.556
20
2786.713
10
18988.556
20
2786.713
10
18988.556
20
2825.182
10
18911.556
20
2825.182
0
LWPOLYLINE
5
81E4
100
AcDbEntity
8
Panels
100
AcDbPolyline
90
4
70
1
38
-31.62
10
19297.806
20
2786.713
10
19374.806
20
2786.713
10
19374.806
20
2825.182
10
19297.806
20
2825.182
0
LWPOLYLINE
5
81E3
100
AcDbEntity
8
Panels
100
AcDbPolyline
90
4
70
1
38
-31.62
10
19220.556
20
2786.713
10
19297.556
20
2786.713
10
19297.556
20
2825.182
10
19220.556
20
2825.182
0
LWPOLYLINE
5
81E2
100
AcDbEntity
8
Panels
100
AcDbPolyline
90
4
70
1
38
-31.62
10
19143.306
20
2786.713
10
19220.306
20
2786.713
10
19220.306
20
2825.182
10
19143.306
20
2825.182
0
LWPOLYLINE
5
81E1
100
AcDbEntity
8
Panels
100
AcDbPolyline
90
4
70
1
38
-31.62
10
18834.306
20
2786.713
10
18911.306
20
2786.713
10
18911.306
20
2825.182
10
18834.306
20
2825.182
0
LWPOLYLINE
5
81E0
100
AcDbEntity
8
Panels
100
AcDbPolyline
90
4
70
1
38
-31.62
10
19529.556
20
2844.52
10
19606.556
20
2844.52
10
19606.556
20
2882.989
10
19529.556
20
2882.989
0
LWPOLYLINE
5
81DF
100
AcDbEntity
8
Panels
100
AcDbPolyline
90
4
70
1
38
-31.62
10
19452.306
20
2844.52
10
19529.306
20
2844.52
10
19529.306
20
2882.989
10
19452.306
20
2882.989
0
LWPOLYLINE
5
81DE
100
AcDbEntity
8
Panels
100
AcDbPolyline
90
4
70
1
38
-31.62
10
19375.056
20
2844.52
10
19452.056
20
2844.52
10
19452.056
20
2882.989
10
19375.056
20
2882.989
0
LWPOLYLINE
5
81DD
100
AcDbEntity
8
Panels
100
AcDbPolyline
90
4
70
1
38
-31.62
10
19066.056
20
2844.52
10
19143.056
20
2844.52
10
19143.056
20
2882.989
10
19066.056
20
2882.989
0
LWPOLYLINE
5
81DC
100
AcDbEntity
8
Panels
100
AcDbPolyline
90
4
70
1
38
-31.62
10
18988.806
20
2844.52
10
19065.806
20
2844.52
10
19065.806
20
2882.989
10
18988.806
20
2882.989
0
LWPOLYLINE
5
81DB
100
AcDbEntity
8
Panels
100
AcDbPolyline
90
4
70
1
38
-31.62
10
18911.556
20
2844.52
10
18988.556
20
2844.52
10
18988.556
20
2882.989
10
18911.556
20
2882.989
0
LWPOLYLINE
5
81DA
100
AcDbEntity
8
Panels
100
AcDbPolyline
90
4
70
1
38
-31.62
10
19297.806
20
2844.52
10
19374.806
20
2844.52
10
19374.806
20
2882.989
10
19297.806
20
2882.989
0
LWPOLYLINE
5
81D9
100
AcDbEntity
8
Panels
100
AcDbPolyline
90
4
70
1
38
-31.62
10
19220.556
20
2844.52
10
19297.556
20
2844.52
10
19297.556
20
2882.989
10
19220.556
20
2882.989
0
LWPOLYLINE
5
81D8
100
AcDbEntity
8
Panels
100
AcDbPolyline
90
4
70
1
38
-31.62
10
19143.306
20
2844.52
10
19220.306
20
2844.52
10
19220.306
20
2882.989
10
19143.306
20
2882.989
0
LWPOLYLINE
5
81D7
100
AcDbEntity
8
Panels
100
AcDbPolyline
90
4
70
1
38
-31.62
10
18834.306
20
2844.52
10
18911.306
20
2844.52
10
18911.306
20
2882.989
10
18834.306
20
2882.989
0
LWPOLYLINE
5
81D6
100
AcDbEntity
8
Panels
100
AcDbPolyline
90
4
70
1
38
-31.62
10
19529.556
20
2902.327
10
19606.556
20
2902.327
10
19606.556
20
2940.795
10
19529.556
20
2940.795
0
LWPOLYLINE
5
81D5
100
AcDbEntity
8
Panels
100
AcDbPolyline
90
4
70
1
38
-31.62
10
19452.306
20
2902.327
10
19529.306
20
2902.327
10
19529.306
20
2940.795
10
19452.306
20
2940.795
0
LWPOLYLINE
5
81D4
100
AcDbEntity
8
Panels
100
AcDbPolyline
90
4
70
1
38
-31.62
10
19375.056
20
2902.327
10
19452.056
20
2902.327
10
19452.056
20
2940.795
10
19375.056
20
2940.795
0
LWPOLYLINE
5
81D3
100
AcDbEntity
8
Panels
100
AcDbPolyline
90
4
70
1
38
-31.62
10
19066.056
20
2902.327
10
19143.056
20
2902.327
10
19143.056
20
2940.795
10
19066.056
20
2940.795
0
LWPOLYLINE
5
81D2
100
AcDbEntity
8
Panels
100
AcDbPolyline
90
4
70
1
38
-31.62
10
18988.806
20
2902.327
10
19065.806
20
2902.327
10
19065.806
20
2940.795
10
18988.806
20
2940.795
0
LWPOLYLINE
5
81D1
100
AcDbEntity
8
Panels
100
AcDbPolyline
90
4
70
1
38
-31.62
10
18911.556
20
2902.327
10
18988.556
20
2902.327
10
18988.556
20
2940.795
10
18911.556
20
2940.795
0
LWPOLYLINE
5
81D0
100
AcDbEntity
8
Panels
100
AcDbPolyline
90
4
70
1
38
-31.62
10
19297.806
20
2902.327
10
19374.806
20
2902.327
10
19374.806
20
2940.795
10
19297.806
20
2940.795
0
LWPOLYLINE
5
81CF
100
AcDbEntity
8
Panels
100
AcDbPolyline
90
4
70
1
38
-31.62
10
19220.556
20
2902.327
10
19297.556
20
2902.327
10
19297.556
20
2940.795
10
19220.556
20
2940.795
0
LWPOLYLINE
5
81CE
100
AcDbEntity
8
Panels
100
AcDbPolyline
90
4
70
1
38
-31.62
10
19143.306
20
2902.327
10
19220.306
20
2902.327
10
19220.306
20
2940.795
10
19143.306
20
2940.795
0
LWPOLYLINE
5
81CD
100
AcDbEntity
8
Panels
100
AcDbPolyline
90
4
70
1
38
-31.62
10
18834.306
20
2902.327
10
18911.306
20
2902.327
10
18911.306
20
2940.795
10
18834.306
20
2940.795
0
LWPOLYLINE
5
81CC
100
AcDbEntity
8
Panels
100
AcDbPolyline
90
4
70
1
38
-31.62
10
19529.556
20
3017.94
10
19606.556
20
3017.94
10
19606.556
20
3056.409
10
19529.556
20
3056.409
0
LWPOLYLINE
5
81CB
100
AcDbEntity
8
Panels
100
AcDbPolyline
90
4
70
1
38
-31.62
10
19452.306
20
3017.94
10
19529.306
20
3017.94
10
19529.306
20
3056.409
10
19452.306
20
3056.409
0
LWPOLYLINE
5
81CA
100
AcDbEntity
8
Panels
100
AcDbPolyline
90
4
70
1
38
-31.62
10
19375.056
20
3017.94
10
19452.056
20
3017.94
10
19452.056
20
3056.409
10
19375.056
20
3056.409
0
LWPOLYLINE
5
81C9
100
AcDbEntity
8
Panels
100
AcDbPolyline
90
4
70
1
38
-31.62
10
19066.056
20
3017.94
10
19143.056
20
3017.94
10
19143.056
20
3056.409
10
19066.056
20
3056.409
0
LWPOLYLINE
5
81C8
100
AcDbEntity
8
Panels
100
AcDbPolyline
90
4
70
1
38
-31.62
10
18988.806
20
3017.94
10
19065.806
20
3017.94
10
19065.806
20
3056.409
10
18988.806
20
3056.409
0
LWPOLYLINE
5
81C7
100
AcDbEntity
8
Panels
100
AcDbPolyline
90
4
70
1
38
-31.62
10
19297.806
20
3017.94
10
19374.806
20
3017.94
10
19374.806
20
3056.409
10
19297.806
20
3056.409
0
LWPOLYLINE
5
81C6
100
AcDbEntity
8
Panels
100
AcDbPolyline
90
4
70
1
38
-31.62
10
19220.556
20
3017.94
10
19297.556
20
3017.94
10
19297.556
20
3056.409
10
19220.556
20
3056.409
0
LWPOLYLINE
5
81C5
100
AcDbEntity
8
Panels
100
AcDbPolyline
90
4
70
1
38
-31.62
10
19143.306
20
3017.94
10
19220.306
20
3017.94
10
19220.306
20
3056.409
10
19143.306
20
3056.409
0
LWPOLYLINE
5
8071
100
AcDbEntity
8
Panels
100
AcDbPolyline
90
4
70
1
38
-25.296
10
18346.357
20
3913.225
10
18423.357
20
3913.225
10
18423.357
20
3951.694
10
18346.357
20
3951.694
0
LWPOLYLINE
5
8070
100
AcDbEntity
8
Panels
100
AcDbPolyline
90
4
70
1
38
-25.296
10
18346.357
20
3161.737
10
18423.357
20
3161.737
10
18423.357
20
3200.206
10
18346.357
20
3200.206
0
LWPOLYLINE
5
806F
100
AcDbEntity
8
Panels
100
AcDbPolyline
90
4
70
1
38
-25.296
10
18346.357
20
3219.544
10
18423.357
20
3219.544
10
18423.357
20
3258.013
10
18346.357
20
3258.013
0
LWPOLYLINE
5
806E
100
AcDbEntity
8
Panels
100
AcDbPolyline
90
4
70
1
38
-25.296
10
18346.357
20
3277.351
10
18423.357
20
3277.351
10
18423.357
20
3315.82
10
18346.357
20
3315.82
0
LWPOLYLINE
5
806D
100
AcDbEntity
8
Panels
100
AcDbPolyline
90
4
70
1
38
-25.296
10
18346.357
20
3335.158
10
18423.357
20
3335.158
10
18423.357
20
3373.626
10
18346.357
20
3373.626
0
LWPOLYLINE
5
806C
100
AcDbEntity
8
Panels
100
AcDbPolyline
90
4
70
1
38
-25.296
10
18346.357
20
3392.964
10
18423.357
20
3392.964
10
18423.357
20
3431.433
10
18346.357
20
3431.433
0
LWPOLYLINE
5
806B
100
AcDbEntity
8
Panels
100
AcDbPolyline
90
4
70
1
38
-25.296
10
18346.357
20
3450.771
10
18423.357
20
3450.771
10
18423.357
20
3489.24
10
18346.357
20
3489.24
0
LWPOLYLINE
5
806A
100
AcDbEntity
8
Panels
100
AcDbPolyline
90
4
70
1
38
-25.296
10
18346.357
20
3508.578
10
18423.357
20
3508.578
10
18423.357
20
3547.047
10
18346.357
20
3547.047
0
LWPOLYLINE
5
8069
100
AcDbEntity
8
Panels
100
AcDbPolyline
90
4
70
1
38
-25.296
10
18346.357
20
3566.385
10
18423.357
20
3566.385
10
18423.357
20
3604.854
10
18346.357
20
3604.854
0
LWPOLYLINE
5
8068
100
AcDbEntity
8
Panels
100
AcDbPolyline
90
4
70
1
38
-25.296
10
18346.357
20
3624.192
10
18423.357
20
3624.192
10
18423.357
20
3662.66
10
18346.357
20
3662.66
0
LWPOLYLINE
5
8067
100
AcDbEntity
8
Panels
100
AcDbPolyline
90
4
70
1
38
-25.296
10
18346.357
20
3971.032
10
18423.357
20
3971.032
10
18423.357
20
4009.501
10
18346.357
20
4009.501
0
LWPOLYLINE
5
8066
100
AcDbEntity
8
Panels
100
AcDbPolyline
90
4
70
1
38
-25.296
10
18269.107
20
3913.225
10
18346.107
20
3913.225
10
18346.107
20
3951.694
10
18269.107
20
3951.694
0
LWPOLYLINE
5
8065
100
AcDbEntity
8
Panels
100
AcDbPolyline
90
4
70
1
38
-25.296
10
18423.607
20
3913.225
10
18500.607
20
3913.225
10
18500.607
20
3951.694
10
18423.607
20
3951.694
0
LWPOLYLINE
5
8064
100
AcDbEntity
8
Panels
100
AcDbPolyline
90
4
70
1
38
-25.296
10
18191.857
20
3913.225
10
18268.857
20
3913.225
10
18268.857
20
3951.694
10
18191.857
20
3951.694
0
LWPOLYLINE
5
8063
100
AcDbEntity
8
Panels
100
AcDbPolyline
90
4
70
1
38
-25.296
10
18114.607
20
3913.225
10
18191.607
20
3913.225
10
18191.607
20
3951.694
10
18114.607
20
3951.694
0
LWPOLYLINE
5
8062
100
AcDbEntity
8
Panels
100
AcDbPolyline
90
4
70
1
38
-25.296
10
18037.357
20
3913.225
10
18114.357
20
3913.225
10
18114.357
20
3951.694
10
18037.357
20
3951.694
0
LWPOLYLINE
5
8061
100
AcDbEntity
8
Panels
100
AcDbPolyline
90
4
70
1
38
-25.296
10
17960.107
20
3913.225
10
18037.107
20
3913.225
10
18037.107
20
3951.694
10
17960.107
20
3951.694
0
LWPOLYLINE
5
8060
100
AcDbEntity
8
Panels
100
AcDbPolyline
90
4
70
1
38
-25.296
10
17882.857
20
3913.225
10
17959.857
20
3913.225
10
17959.857
20
3951.694
10
17882.857
20
3951.694
0
LWPOLYLINE
5
805F
100
AcDbEntity
8
Panels
100
AcDbPolyline
90
4
70
1
38
-25.296
10
17805.607
20
3913.225
10
17882.607
20
3913.225
10
17882.607
20
3951.694
10
17805.607
20
3951.694
0
LWPOLYLINE
5
805E
100
AcDbEntity
8
Panels
100
AcDbPolyline
90
4
70
1
38
-25.296
10
17728.357
20
3913.225
10
17805.357
20
3913.225
10
17805.357
20
3951.694
10
17728.357
20
3951.694
0
LWPOLYLINE
5
805D
100
AcDbEntity
8
Panels
100
AcDbPolyline
90
4
70
1
38
-25.296
10
17651.107
20
3913.225
10
17728.107
20
3913.225
10
17728.107
20
3951.694
10
17651.107
20
3951.694
0
LWPOLYLINE
5
805C
100
AcDbEntity
8
Panels
100
AcDbPolyline
90
4
70
1
38
-25.296
10
17573.857
20
3913.225
10
17650.857
20
3913.225
10
17650.857
20
3951.694
10
17573.857
20
3951.694
0
LWPOLYLINE
5
805B
100
AcDbEntity
8
Panels
100
AcDbPolyline
90
4
70
1
38
-25.296
10
17496.607
20
3913.225
10
17573.607
20
3913.225
10
17573.607
20
3951.694
10
17496.607
20
3951.694
0
LWPOLYLINE
5
805A
100
AcDbEntity
8
Panels
100
AcDbPolyline
90
4
70
1
38
-25.296
10
17419.357
20
3913.225
10
17496.357
20
3913.225
10
17496.357
20
3951.694
10
17419.357
20
3951.694
0
LWPOLYLINE
5
8059
100
AcDbEntity
8
Panels
100
AcDbPolyline
90
4
70
1
38
-25.296
10
17342.107
20
3913.225
10
17419.107
20
3913.225
10
17419.107
20
3951.694
10
17342.107
20
3951.694
0
LWPOLYLINE
5
8058
100
AcDbEntity
8
Panels
100
AcDbPolyline
90
4
70
1
38
-25.296
10
17264.857
20
3913.225
10
17341.857
20
3913.225
10
17341.857
20
3951.694
10
17264.857
20
3951.694
0
LWPOLYLINE
5
8057
100
AcDbEntity
8
Panels
100
AcDbPolyline
90
4
70
1
38
-25.296
10
18269.107
20
3161.737
10
18346.107
20
3161.737
10
18346.107
20
3200.206
10
18269.107
20
3200.206
0
LWPOLYLINE
5
8056
100
AcDbEntity
8
Panels
100
AcDbPolyline
90
4
70
1
38
-25.296
10
18423.607
20
3161.737
10
18500.607
20
3161.737
10
18500.607
20
3200.206
10
18423.607
20
3200.206
0
LWPOLYLINE
5
8055
100
AcDbEntity
8
Panels
100
AcDbPolyline
90
4
70
1
38
-25.296
10
18191.857
20
3161.737
10
18268.857
20
3161.737
10
18268.857
20
3200.206
10
18191.857
20
3200.206
0
LWPOLYLINE
5
8054
100
AcDbEntity
8
Panels
100
AcDbPolyline
90
4
70
1
38
-25.296
10
18114.607
20
3161.737
10
18191.607
20
3161.737
10
18191.607
20
3200.206
10
18114.607
20
3200.206
0
LWPOLYLINE
5
8053
100
AcDbEntity
8
Panels
100
AcDbPolyline
90
4
70
1
38
-25.296
10
18037.357
20
3161.737
10
18114.357
20
3161.737
10
18114.357
20
3200.206
10
18037.357
20
3200.206
0
LWPOLYLINE
5
8052
100
AcDbEntity
8
Panels
100
AcDbPolyline
90
4
70
1
38
-25.296
10
17960.107
20
3161.737
10
18037.107
20
3161.737
10
18037.107
20
3200.206
10
17960.107
20
3200.206
0
LWPOLYLINE
5
8051
100
AcDbEntity
8
Panels
100
AcDbPolyline
90
4
70
1
38
-25.296
10
17882.857
20
3161.737
10
17959.857
20
3161.737
10
17959.857
20
3200.206
10
17882.857
20
3200.206
0
LWPOLYLINE
5
8050
100
AcDbEntity
8
Panels
100
AcDbPolyline
90
4
70
1
38
-25.296
10
17805.607
20
3161.737
10
17882.607
20
3161.737
10
17882.607
20
3200.206
10
17805.607
20
3200.206
0
LWPOLYLINE
5
804F
100
AcDbEntity
8
Panels
100
AcDbPolyline
90
4
70
1
38
-25.296
10
17728.357
20
3161.737
10
17805.357
20
3161.737
10
17805.357
20
3200.206
10
17728.357
20
3200.206
0
LWPOLYLINE
5
804E
100
AcDbEntity
8
Panels
100
AcDbPolyline
90
4
70
1
38
-25.296
10
17651.107
20
3161.737
10
17728.107
20
3161.737
10
17728.107
20
3200.206
10
17651.107
20
3200.206
0
LWPOLYLINE
5
804D
100
AcDbEntity
8
Panels
100
AcDbPolyline
90
4
70
1
38
-25.296
10
17573.857
20
3161.737
10
17650.857
20
3161.737
10
17650.857
20
3200.206
10
17573.857
20
3200.206
0
LWPOLYLINE
5
804C
100
AcDbEntity
8
Panels
100
AcDbPolyline
90
4
70
1
38
-25.296
10
17496.607
20
3161.737
10
17573.607
20
3161.737
10
17573.607
20
3200.206
10
17496.607
20
3200.206
0
LWPOLYLINE
5
804B
100
AcDbEntity
8
Panels
100
AcDbPolyline
90
4
70
1
38
-25.296
10
17419.357
20
3161.737
10
17496.357
20
3161.737
10
17496.357
20
3200.206
10
17419.357
20
3200.206
0
LWPOLYLINE
5
804A
100
AcDbEntity
8
Panels
100
AcDbPolyline
90
4
70
1
38
-25.296
10
17342.107
20
3161.737
10
17419.107
20
3161.737
10
17419.107
20
3200.206
10
17342.107
20
3200.206
0
LWPOLYLINE
5
8049
100
AcDbEntity
8
Panels
100
AcDbPolyline
90
4
70
1
38
-25.296
10
17264.857
20
3161.737
10
17341.857
20
3161.737
10
17341.857
20
3200.206
10
17264.857
20
3200.206
0
LWPOLYLINE
5
8048
100
AcDbEntity
8
Panels
100
AcDbPolyline
90
4
70
1
38
-25.296
10
18269.107
20
3219.544
10
18346.107
20
3219.544
10
18346.107
20
3258.013
10
18269.107
20
3258.013
0
LWPOLYLINE
5
8047
100
AcDbEntity
8
Panels
100
AcDbPolyline
90
4
70
1
38
-25.296
10
18423.607
20
3219.544
10
18500.607
20
3219.544
10
18500.607
20
3258.013
10
18423.607
20
3258.013
0
LWPOLYLINE
5
8046
100
AcDbEntity
8
Panels
100
AcDbPolyline
90
4
70
1
38
-25.296
10
18191.857
20
3219.544
10
18268.857
20
3219.544
10
18268.857
20
3258.013
10
18191.857
20
3258.013
0
LWPOLYLINE
5
8045
100
AcDbEntity
8
Panels
100
AcDbPolyline
90
4
70
1
38
-25.296
10
18114.607
20
3219.544
10
18191.607
20
3219.544
10
18191.607
20
3258.013
10
18114.607
20
3258.013
0
LWPOLYLINE
5
8044
100
AcDbEntity
8
Panels
100
AcDbPolyline
90
4
70
1
38
-25.296
10
18037.357
20
3219.544
10
18114.357
20
3219.544
10
18114.357
20
3258.013
10
18037.357
20
3258.013
0
LWPOLYLINE
5
8043
100
AcDbEntity
8
Panels
100
AcDbPolyline
90
4
70
1
38
-25.296
10
17960.107
20
3219.544
10
18037.107
20
3219.544
10
18037.107
20
3258.013
10
17960.107
20
3258.013
0
LWPOLYLINE
5
8042
100
AcDbEntity
8
Panels
100
AcDbPolyline
90
4
70
1
38
-25.296
10
17882.857
20
3219.544
10
17959.857
20
3219.544
10
17959.857
20
3258.013
10
17882.857
20
3258.013
0
LWPOLYLINE
5
8041
100
AcDbEntity
8
Panels
100
AcDbPolyline
90
4
70
1
38
-25.296
10
17805.607
20
3219.544
10
17882.607
20
3219.544
10
17882.607
20
3258.013
10
17805.607
20
3258.013
0
LWPOLYLINE
5
8040
100
AcDbEntity
8
Panels
100
AcDbPolyline
90
4
70
1
38
-25.296
10
17728.357
20
3219.544
10
17805.357
20
3219.544
10
17805.357
20
3258.013
10
17728.357
20
3258.013
0
LWPOLYLINE
5
803F
100
AcDbEntity
8
Panels
100
AcDbPolyline
90
4
70
1
38
-25.296
10
17651.107
20
3219.544
10
17728.107
20
3219.544
10
17728.107
20
3258.013
10
17651.107
20
3258.013
0
LWPOLYLINE
5
803E
100
AcDbEntity
8
Panels
100
AcDbPolyline
90
4
70
1
38
-25.296
10
17573.857
20
3219.544
10
17650.857
20
3219.544
10
17650.857
20
3258.013
10
17573.857
20
3258.013
0
LWPOLYLINE
5
803D
100
AcDbEntity
8
Panels
100
AcDbPolyline
90
4
70
1
38
-25.296
10
17496.607
20
3219.544
10
17573.607
20
3219.544
10
17573.607
20
3258.013
10
17496.607
20
3258.013
0
LWPOLYLINE
5
803C
100
AcDbEntity
8
Panels
100
AcDbPolyline
90
4
70
1
38
-25.296
10
17419.357
20
3219.544
10
17496.357
20
3219.544
10
17496.357
20
3258.013
10
17419.357
20
3258.013
0
LWPOLYLINE
5
803B
100
AcDbEntity
8
Panels
100
AcDbPolyline
90
4
70
1
38
-25.296
10
17342.107
20
3219.544
10
17419.107
20
3219.544
10
17419.107
20
3258.013
10
17342.107
20
3258.013
0
LWPOLYLINE
5
803A
100
AcDbEntity
8
Panels
100
AcDbPolyline
90
4
70
1
38
-25.296
10
17264.857
20
3219.544
10
17341.857
20
3219.544
10
17341.857
20
3258.013
10
17264.857
20
3258.013
0
LWPOLYLINE
5
8039
100
AcDbEntity
8
Panels
100
AcDbPolyline
90
4
70
1
38
-25.296
10
18269.107
20
3277.351
10
18346.107
20
3277.351
10
18346.107
20
3315.82
10
18269.107
20
3315.82
0
LWPOLYLINE
5
8038
100
AcDbEntity
8
Panels
100
AcDbPolyline
90
4
70
1
38
-25.296
10
18423.607
20
3277.351
10
18500.607
20
3277.351
10
18500.607
20
3315.82
10
18423.607
20
3315.82
0
LWPOLYLINE
5
8037
100
AcDbEntity
8
Panels
100
AcDbPolyline
90
4
70
1
38
-25.296
10
18191.857
20
3277.351
10
18268.857
20
3277.351
10
18268.857
20
3315.82
10
18191.857
20
3315.82
0
LWPOLYLINE
5
8036
100
AcDbEntity
8
Panels
100
AcDbPolyline
90
4
70
1
38
-25.296
10
18114.607
20
3277.351
10
18191.607
20
3277.351
10
18191.607
20
3315.82
10
18114.607
20
3315.82
0
LWPOLYLINE
5
8035
100
AcDbEntity
8
Panels
100
AcDbPolyline
90
4
70
1
38
-25.296
10
18037.357
20
3277.351
10
18114.357
20
3277.351
10
18114.357
20
3315.82
10
18037.357
20
3315.82
0
LWPOLYLINE
5
8034
100
AcDbEntity
8
Panels
100
AcDbPolyline
90
4
70
1
38
-25.296
10
17960.107
20
3277.351
10
18037.107
20
3277.351
10
18037.107
20
3315.82
10
17960.107
20
3315.82
0
LWPOLYLINE
5
8033
100
AcDbEntity
8
Panels
100
AcDbPolyline
90
4
70
1
38
-25.296
10
17882.857
20
3277.351
10
17959.857
20
3277.351
10
17959.857
20
3315.82
10
17882.857
20
3315.82
0
LWPOLYLINE
5
8032
100
AcDbEntity
8
Panels
100
AcDbPolyline
90
4
70
1
38
-25.296
10
17805.607
20
3277.351
10
17882.607
20
3277.351
10
17882.607
20
3315.82
10
17805.607
20
3315.82
0
LWPOLYLINE
5
8031
100
AcDbEntity
8
Panels
100
AcDbPolyline
90
4
70
1
38
-25.296
10
17728.357
20
3277.351
10
17805.357
20
3277.351
10
17805.357
20
3315.82
10
17728.357
20
3315.82
0
LWPOLYLINE
5
8030
100
AcDbEntity
8
Panels
100
AcDbPolyline
90
4
70
1
38
-25.296
10
17651.107
20
3277.351
10
17728.107
20
3277.351
10
17728.107
20
3315.82
10
17651.107
20
3315.82
0
LWPOLYLINE
5
802F
100
AcDbEntity
8
Panels
100
AcDbPolyline
90
4
70
1
38
-25.296
10
17573.857
20
3277.351
10
17650.857
20
3277.351
10
17650.857
20
3315.82
10
17573.857
20
3315.82
0
LWPOLYLINE
5
802E
100
AcDbEntity
8
Panels
100
AcDbPolyline
90
4
70
1
38
-25.296
10
17496.607
20
3277.351
10
17573.607
20
3277.351
10
17573.607
20
3315.82
10
17496.607
20
3315.82
0
LWPOLYLINE
5
802D
100
AcDbEntity
8
Panels
100
AcDbPolyline
90
4
70
1
38
-25.296
10
17419.357
20
3277.351
10
17496.357
20
3277.351
10
17496.357
20
3315.82
10
17419.357
20
3315.82
0
LWPOLYLINE
5
802C
100
AcDbEntity
8
Panels
100
AcDbPolyline
90
4
70
1
38
-25.296
10
17342.107
20
3277.351
10
17419.107
20
3277.351
10
17419.107
20
3315.82
10
17342.107
20
3315.82
0
LWPOLYLINE
5
802B
100
AcDbEntity
8
Panels
100
AcDbPolyline
90
4
70
1
38
-25.296
10
17264.857
20
3277.351
10
17341.857
20
3277.351
10
17341.857
20
3315.82
10
17264.857
20
3315.82
0
LWPOLYLINE
5
802A
100
AcDbEntity
8
Panels
100
AcDbPolyline
90
4
70
1
38
-25.296
10
18269.107
20
3335.158
10
18346.107
20
3335.158
10
18346.107
20
3373.626
10
18269.107
20
3373.626
0
LWPOLYLINE
5
8029
100
AcDbEntity
8
Panels
100
AcDbPolyline
90
4
70
1
38
-25.296
10
18423.607
20
3335.158
10
18500.607
20
3335.158
10
18500.607
20
3373.626
10
18423.607
20
3373.626
0
LWPOLYLINE
5
8028
100
AcDbEntity
8
Panels
100
AcDbPolyline
90
4
70
1
38
-25.296
10
18191.857
20
3335.158
10
18268.857
20
3335.158
10
18268.857
20
3373.626
10
18191.857
20
3373.626
0
LWPOLYLINE
5
8027
100
AcDbEntity
8
Panels
100
AcDbPolyline
90
4
70
1
38
-25.296
10
18114.607
20
3335.158
10
18191.607
20
3335.158
10
18191.607
20
3373.626
10
18114.607
20
3373.626
0
LWPOLYLINE
5
8026
100
AcDbEntity
8
Panels
100
AcDbPolyline
90
4
70
1
38
-25.296
10
18037.357
20
3335.158
10
18114.357
20
3335.158
10
18114.357
20
3373.626
10
18037.357
20
3373.626
0
LWPOLYLINE
5
8025
100
AcDbEntity
8
Panels
100
AcDbPolyline
90
4
70
1
38
-25.296
10
17960.107
20
3335.158
10
18037.107
20
3335.158
10
18037.107
20
3373.626
10
17960.107
20
3373.626
0
LWPOLYLINE
5
8024
100
AcDbEntity
8
Panels
100
AcDbPolyline
90
4
70
1
38
-25.296
10
17882.857
20
3335.158
10
17959.857
20
3335.158
10
17959.857
20
3373.626
10
17882.857
20
3373.626
0
LWPOLYLINE
5
8023
100
AcDbEntity
8
Panels
100
AcDbPolyline
90
4
70
1
38
-25.296
10
17805.607
20
3335.158
10
17882.607
20
3335.158
10
17882.607
20
3373.626
10
17805.607
20
3373.626
0
LWPOLYLINE
5
8022
100
AcDbEntity
8
Panels
100
AcDbPolyline
90
4
70
1
38
-25.296
10
17728.357
20
3335.158
10
17805.357
20
3335.158
10
17805.357
20
3373.626
10
17728.357
20
3373.626
0
LWPOLYLINE
5
8021
100
AcDbEntity
8
Panels
100
AcDbPolyline
90
4
70
1
38
-25.296
10
17651.107
20
3335.158
10
17728.107
20
3335.158
10
17728.107
20
3373.626
10
17651.107
20
3373.626
0
LWPOLYLINE
5
8020
100
AcDbEntity
8
Panels
100
AcDbPolyline
90
4
70
1
38
-25.296
10
17573.857
20
3335.158
10
17650.857
20
3335.158
10
17650.857
20
3373.626
10
17573.857
20
3373.626
0
LWPOLYLINE
5
801F
100
AcDbEntity
8
Panels
100
AcDbPolyline
90
4
70
1
38
-25.296
10
17496.607
20
3335.158
10
17573.607
20
3335.158
10
17573.607
20
3373.626
10
17496.607
20
3373.626
0
LWPOLYLINE
5
801E
100
AcDbEntity
8
Panels
100
AcDbPolyline
90
4
70
1
38
-25.296
10
17419.357
20
3335.158
10
17496.357
20
3335.158
10
17496.357
20
3373.626
10
17419.357
20
3373.626
0
LWPOLYLINE
5
801D
100
AcDbEntity
8
Panels
100
AcDbPolyline
90
4
70
1
38
-25.296
10
17342.107
20
3335.158
10
17419.107
20
3335.158
10
17419.107
20
3373.626
10
17342.107
20
3373.626
0
LWPOLYLINE
5
801C
100
AcDbEntity
8
Panels
100
AcDbPolyline
90
4
70
1
38
-25.296
10
17264.857
20
3335.158
10
17341.857
20
3335.158
10
17341.857
20
3373.626
10
17264.857
20
3373.626
0
LWPOLYLINE
5
801B
100
AcDbEntity
8
Panels
100
AcDbPolyline
90
4
70
1
38
-25.296
10
18269.107
20
3392.964
10
18346.107
20
3392.964
10
18346.107
20
3431.433
10
18269.107
20
3431.433
0
LWPOLYLINE
5
801A
100
AcDbEntity
8
Panels
100
AcDbPolyline
90
4
70
1
38
-25.296
10
18423.607
20
3392.964
10
18500.607
20
3392.964
10
18500.607
20
3431.433
10
18423.607
20
3431.433
0
LWPOLYLINE
5
8019
100
AcDbEntity
8
Panels
100
AcDbPolyline
90
4
70
1
38
-25.296
10
18191.857
20
3392.964
10
18268.857
20
3392.964
10
18268.857
20
3431.433
10
18191.857
20
3431.433
0
LWPOLYLINE
5
8018
100
AcDbEntity
8
Panels
100
AcDbPolyline
90
4
70
1
38
-25.296
10
18114.607
20
3392.964
10
18191.607
20
3392.964
10
18191.607
20
3431.433
10
18114.607
20
3431.433
0
LWPOLYLINE
5
8017
100
AcDbEntity
8
Panels
100
AcDbPolyline
90
4
70
1
38
-25.296
10
18037.357
20
3392.964
10
18114.357
20
3392.964
10
18114.357
20
3431.433
10
18037.357
20
3431.433
0
LWPOLYLINE
5
8016
100
AcDbEntity
8
Panels
100
AcDbPolyline
90
4
70
1
38
-25.296
10
17960.107
20
3392.964
10
18037.107
20
3392.964
10
18037.107
20
3431.433
10
17960.107
20
3431.433
0
LWPOLYLINE
5
8015
100
AcDbEntity
8
Panels
100
AcDbPolyline
90
4
70
1
38
-25.296
10
17882.857
20
3392.964
10
17959.857
20
3392.964
10
17959.857
20
3431.433
10
17882.857
20
3431.433
0
LWPOLYLINE
5
8014
100
AcDbEntity
8
Panels
100
AcDbPolyline
90
4
70
1
38
-25.296
10
17805.607
20
3392.964
10
17882.607
20
3392.964
10
17882.607
20
3431.433
10
17805.607
20
3431.433
0
LWPOLYLINE
5
8013
100
AcDbEntity
8
Panels
100
AcDbPolyline
90
4
70
1
38
-25.296
10
17728.357
20
3392.964
10
17805.357
20
3392.964
10
17805.357
20
3431.433
10
17728.357
20
3431.433
0
LWPOLYLINE
5
8012
100
AcDbEntity
8
Panels
100
AcDbPolyline
90
4
70
1
38
-25.296
10
17651.107
20
3392.964
10
17728.107
20
3392.964
10
17728.107
20
3431.433
10
17651.107
20
3431.433
0
LWPOLYLINE
5
8011
100
AcDbEntity
8
Panels
100
AcDbPolyline
90
4
70
1
38
-25.296
10
17573.857
20
3392.964
10
17650.857
20
3392.964
10
17650.857
20
3431.433
10
17573.857
20
3431.433
0
LWPOLYLINE
5
8010
100
AcDbEntity
8
Panels
100
AcDbPolyline
90
4
70
1
38
-25.296
10
17496.607
20
3392.964
10
17573.607
20
3392.964
10
17573.607
20
3431.433
10
17496.607
20
3431.433
0
LWPOLYLINE
5
800F
100
AcDbEntity
8
Panels
100
AcDbPolyline
90
4
70
1
38
-25.296
10
17419.357
20
3392.964
10
17496.357
20
3392.964
10
17496.357
20
3431.433
10
17419.357
20
3431.433
0
LWPOLYLINE
5
800E
100
AcDbEntity
8
Panels
100
AcDbPolyline
90
4
70
1
38
-25.296
10
17342.107
20
3392.964
10
17419.107
20
3392.964
10
17419.107
20
3431.433
10
17342.107
20
3431.433
0
LWPOLYLINE
5
800D
100
AcDbEntity
8
Panels
100
AcDbPolyline
90
4
70
1
38
-25.296
10
17264.857
20
3392.964
10
17341.857
20
3392.964
10
17341.857
20
3431.433
10
17264.857
20
3431.433
0
LWPOLYLINE
5
800C
100
AcDbEntity
8
Panels
100
AcDbPolyline
90
4
70
1
38
-25.296
10
18269.107
20
3450.771
10
18346.107
20
3450.771
10
18346.107
20
3489.24
10
18269.107
20
3489.24
0
LWPOLYLINE
5
800B
100
AcDbEntity
8
Panels
100
AcDbPolyline
90
4
70
1
38
-25.296
10
18423.607
20
3450.771
10
18500.607
20
3450.771
10
18500.607
20
3489.24
10
18423.607
20
3489.24
0
LWPOLYLINE
5
800A
100
AcDbEntity
8
Panels
100
AcDbPolyline
90
4
70
1
38
-25.296
10
18191.857
20
3450.771
10
18268.857
20
3450.771
10
18268.857
20
3489.24
10
18191.857
20
3489.24
0
LWPOLYLINE
5
8009
100
AcDbEntity
8
Panels
100
AcDbPolyline
90
4
70
1
38
-25.296
10
18114.607
20
3450.771
10
18191.607
20
3450.771
10
18191.607
20
3489.24
10
18114.607
20
3489.24
0
LWPOLYLINE
5
8008
100
AcDbEntity
8
Panels
100
AcDbPolyline
90
4
70
1
38
-25.296
10
18037.357
20
3450.771
10
18114.357
20
3450.771
10
18114.357
20
3489.24
10
18037.357
20
3489.24
0
LWPOLYLINE
5
8007
100
AcDbEntity
8
Panels
100
AcDbPolyline
90
4
70
1
38
-25.296
10
17960.107
20
3450.771
10
18037.107
20
3450.771
10
18037.107
20
3489.24
10
17960.107
20
3489.24
0
LWPOLYLINE
5
8006
100
AcDbEntity
8
Panels
100
AcDbPolyline
90
4
70
1
38
-25.296
10
17882.857
20
3450.771
10
17959.857
20
3450.771
10
17959.857
20
3489.24
10
17882.857
20
3489.24
0
LWPOLYLINE
5
8005
100
AcDbEntity
8
Panels
100
AcDbPolyline
90
4
70
1
38
-25.296
10
17805.607
20
3450.771
10
17882.607
20
3450.771
10
17882.607
20
3489.24
10
17805.607
20
3489.24
0
LWPOLYLINE
5
8004
100
AcDbEntity
8
Panels
100
AcDbPolyline
90
4
70
1
38
-25.296
10
17728.357
20
3450.771
10
17805.357
20
3450.771
10
17805.357
20
3489.24
10
17728.357
20
3489.24
0
LWPOLYLINE
5
8003
100
AcDbEntity
8
Panels
100
AcDbPolyline
90
4
70
1
38
-25.296
10
17651.107
20
3450.771
10
17728.107
20
3450.771
10
17728.107
20
3489.24
10
17651.107
20
3489.24
0
LWPOLYLINE
5
8002
100
AcDbEntity
8
Panels
100
AcDbPolyline
90
4
70
1
38
-25.296
10
17573.857
20
3450.771
10
17650.857
20
3450.771
10
17650.857
20
3489.24
10
17573.857
20
3489.24
0
LWPOLYLINE
5
8001
100
AcDbEntity
8
Panels
100
AcDbPolyline
90
4
70
1
38
-25.296
10
17496.607
20
3450.771
10
17573.607
20
3450.771
10
17573.607
20
3489.24
10
17496.607
20
3489.24
0
LWPOLYLINE
5
8000
100
AcDbEntity
8
Panels
100
AcDbPolyline
90
4
70
1
38
-25.296
10
17419.357
20
3450.771
10
17496.357
20
3450.771
10
17496.357
20
3489.24
10
17419.357
20
3489.24
0
LWPOLYLINE
5
7FFF
100
AcDbEntity
8
Panels
100
AcDbPolyline
90
4
70
1
38
-25.296
10
17342.107
20
3450.771
10
17419.107
20
3450.771
10
17419.107
20
3489.24
10
17342.107
20
3489.24
0
LWPOLYLINE
5
7FFE
100
AcDbEntity
8
Panels
100
AcDbPolyline
90
4
70
1
38
-25.296
10
17264.857
20
3450.771
10
17341.857
20
3450.771
10
17341.857
20
3489.24
10
17264.857
20
3489.24
0
LWPOLYLINE
5
7FFD
100
AcDbEntity
8
Panels
100
AcDbPolyline
90
4
70
1
38
-25.296
10
18269.107
20
3508.578
10
18346.107
20
3508.578
10
18346.107
20
3547.047
10
18269.107
20
3547.047
0
LWPOLYLINE
5
7FFC
100
AcDbEntity
8
Panels
100
AcDbPolyline
90
4
70
1
38
-25.296
10
18423.607
20
3508.578
10
18500.607
20
3508.578
10
18500.607
20
3547.047
10
18423.607
20
3547.047
0
LWPOLYLINE
5
7FFB
100
AcDbEntity
8
Panels
100
AcDbPolyline
90
4
70
1
38
-25.296
10
18191.857
20
3508.578
10
18268.857
20
3508.578
10
18268.857
20
3547.047
10
18191.857
20
3547.047
0
LWPOLYLINE
5
7FFA
100
AcDbEntity
8
Panels
100
AcDbPolyline
90
4
70
1
38
-25.296
10
18114.607
20
3508.578
10
18191.607
20
3508.578
10
18191.607
20
3547.047
10
18114.607
20
3547.047
0
LWPOLYLINE
5
7FF9
100
AcDbEntity
8
Panels
100
AcDbPolyline
90
4
70
1
38
-25.296
10
18037.357
20
3508.578
10
18114.357
20
3508.578
10
18114.357
20
3547.047
10
18037.357
20
3547.047
0
LWPOLYLINE
5
7FF8
100
AcDbEntity
8
Panels
100
AcDbPolyline
90
4
70
1
38
-25.296
10
17960.107
20
3508.578
10
18037.107
20
3508.578
10
18037.107
20
3547.047
10
17960.107
20
3547.047
0
LWPOLYLINE
5
7FF7
100
AcDbEntity
8
Panels
100
AcDbPolyline
90
4
70
1
38
-25.296
10
17882.857
20
3508.578
10
17959.857
20
3508.578
10
17959.857
20
3547.047
10
17882.857
20
3547.047
0
LWPOLYLINE
5
7FF6
100
AcDbEntity
8
Panels
100
AcDbPolyline
90
4
70
1
38
-25.296
10
17805.607
20
3508.578
10
17882.607
20
3508.578
10
17882.607
20
3547.047
10
17805.607
20
3547.047
0
LWPOLYLINE
5
7FF5
100
AcDbEntity
8
Panels
100
AcDbPolyline
90
4
70
1
38
-25.296
10
17728.357
20
3508.578
10
17805.357
20
3508.578
10
17805.357
20
3547.047
10
17728.357
20
3547.047
0
LWPOLYLINE
5
7FF4
100
AcDbEntity
8
Panels
100
AcDbPolyline
90
4
70
1
38
-25.296
10
17651.107
20
3508.578
10
17728.107
20
3508.578
10
17728.107
20
3547.047
10
17651.107
20
3547.047
0
LWPOLYLINE
5
7FF3
100
AcDbEntity
8
Panels
100
AcDbPolyline
90
4
70
1
38
-25.296
10
17419.357
20
3508.578
10
17496.357
20
3508.578
10
17496.357
20
3547.047
10
17419.357
20
3547.047
0
LWPOLYLINE
5
7FF2
100
AcDbEntity
8
Panels
100
AcDbPolyline
90
4
70
1
38
-25.296
10
17342.107
20
3508.578
10
17419.107
20
3508.578
10
17419.107
20
3547.047
10
17342.107
20
3547.047
0
LWPOLYLINE
5
7FF1
100
AcDbEntity
8
Panels
100
AcDbPolyline
90
4
70
1
38
-25.296
10
17264.857
20
3508.578
10
17341.857
20
3508.578
10
17341.857
20
3547.047
10
17264.857
20
3547.047
0
LWPOLYLINE
5
7FF0
100
AcDbEntity
8
Panels
100
AcDbPolyline
90
4
70
1
38
-25.296
10
18269.107
20
3566.385
10
18346.107
20
3566.385
10
18346.107
20
3604.854
10
18269.107
20
3604.854
0
LWPOLYLINE
5
7FEF
100
AcDbEntity
8
Panels
100
AcDbPolyline
90
4
70
1
38
-25.296
10
18423.607
20
3566.385
10
18500.607
20
3566.385
10
18500.607
20
3604.854
10
18423.607
20
3604.854
0
LWPOLYLINE
5
7FEE
100
AcDbEntity
8
Panels
100
AcDbPolyline
90
4
70
1
38
-25.296
10
18191.857
20
3566.385
10
18268.857
20
3566.385
10
18268.857
20
3604.854
10
18191.857
20
3604.854
0
LWPOLYLINE
5
7FED
100
AcDbEntity
8
Panels
100
AcDbPolyline
90
4
70
1
38
-25.296
10
18114.607
20
3566.385
10
18191.607
20
3566.385
10
18191.607
20
3604.854
10
18114.607
20
3604.854
0
LWPOLYLINE
5
7FEC
100
AcDbEntity
8
Panels
100
AcDbPolyline
90
4
70
1
38
-25.296
10
18037.357
20
3566.385
10
18114.357
20
3566.385
10
18114.357
20
3604.854
10
18037.357
20
3604.854
0
LWPOLYLINE
5
7FEB
100
AcDbEntity
8
Panels
100
AcDbPolyline
90
4
70
1
38
-25.296
10
17960.107
20
3566.385
10
18037.107
20
3566.385
10
18037.107
20
3604.854
10
17960.107
20
3604.854
0
LWPOLYLINE
5
7FEA
100
AcDbEntity
8
Panels
100
AcDbPolyline
90
4
70
1
38
-25.296
10
17882.857
20
3566.385
10
17959.857
20
3566.385
10
17959.857
20
3604.854
10
17882.857
20
3604.854
0
LWPOLYLINE
5
7FE9
100
AcDbEntity
8
Panels
100
AcDbPolyline
90
4
70
1
38
-25.296
10
17805.607
20
3566.385
10
17882.607
20
3566.385
10
17882.607
20
3604.854
10
17805.607
20
3604.854
0
LWPOLYLINE
5
7FE8
100
AcDbEntity
8
Panels
100
AcDbPolyline
90
4
70
1
38
-25.296
10
17728.357
20
3566.385
10
17805.357
20
3566.385
10
17805.357
20
3604.854
10
17728.357
20
3604.854
0
LWPOLYLINE
5
7FE7
100
AcDbEntity
8
Panels
100
AcDbPolyline
90
4
70
1
38
-25.296
10
17342.107
20
3566.385
10
17419.107
20
3566.385
10
17419.107
20
3604.854
10
17342.107
20
3604.854
0
LWPOLYLINE
5
7FE6
100
AcDbEntity
8
Panels
100
AcDbPolyline
90
4
70
1
38
-25.296
10
17264.857
20
3566.385
10
17341.857
20
3566.385
10
17341.857
20
3604.854
10
17264.857
20
3604.854
0
LWPOLYLINE
5
7FE5
100
AcDbEntity
8
Panels
100
AcDbPolyline
90
4
70
1
38
-25.296
10
18269.107
20
3624.192
10
18346.107
20
3624.192
10
18346.107
20
3662.66
10
18269.107
20
3662.66
0
LWPOLYLINE
5
7FE4
100
AcDbEntity
8
Panels
100
AcDbPolyline
90
4
70
1
38
-25.296
10
18423.607
20
3624.192
10
18500.607
20
3624.192
10
18500.607
20
3662.66
10
18423.607
20
3662.66
0
LWPOLYLINE
5
7FE3
100
AcDbEntity
8
Panels
100
AcDbPolyline
90
4
70
1
38
-25.296
10
18191.857
20
3624.192
10
18268.857
20
3624.192
10
18268.857
20
3662.66
10
18191.857
20
3662.66
0
LWPOLYLINE
5
7FE2
100
AcDbEntity
8
Panels
100
AcDbPolyline
90
4
70
1
38
-25.296
10
18114.607
20
3624.192
10
18191.607
20
3624.192
10
18191.607
20
3662.66
10
18114.607
20
3662.66
0
LWPOLYLINE
5
7FE1
100
AcDbEntity
8
Panels
100
AcDbPolyline
90
4
70
1
38
-25.296
10
18037.357
20
3624.192
10
18114.357
20
3624.192
10
18114.357
20
3662.66
10
18037.357
20
3662.66
0
LWPOLYLINE
5
7FE0
100
AcDbEntity
8
Panels
100
AcDbPolyline
90
4
70
1
38
-25.296
10
17960.107
20
3624.192
10
18037.107
20
3624.192
10
18037.107
20
3662.66
10
17960.107
20
3662.66
0
LWPOLYLINE
5
7FDF
100
AcDbEntity
8
Panels
100
AcDbPolyline
90
4
70
1
38
-25.296
10
17882.857
20
3624.192
10
17959.857
20
3624.192
10
17959.857
20
3662.66
10
17882.857
20
3662.66
0
LWPOLYLINE
5
7FDE
100
AcDbEntity
8
Panels
100
AcDbPolyline
90
4
70
1
38
-25.296
10
17805.607
20
3624.192
10
17882.607
20
3624.192
10
17882.607
20
3662.66
10
17805.607
20
3662.66
0
LWPOLYLINE
5
7FDD
100
AcDbEntity
8
Panels
100
AcDbPolyline
90
4
70
1
38
-25.296
10
17728.357
20
3624.192
10
17805.357
20
3624.192
10
17805.357
20
3662.66
10
17728.357
20
3662.66
0
LWPOLYLINE
5
7FDC
100
AcDbEntity
8
Panels
100
AcDbPolyline
90
4
70
1
38
-25.296
10
17342.107
20
3624.192
10
17419.107
20
3624.192
10
17419.107
20
3662.66
10
17342.107
20
3662.66
0
LWPOLYLINE
5
7FDB
100
AcDbEntity
8
Panels
100
AcDbPolyline
90
4
70
1
38
-25.296
10
17264.857
20
3624.192
10
17341.857
20
3624.192
10
17341.857
20
3662.66
10
17264.857
20
3662.66
0
LWPOLYLINE
5
7FDA
100
AcDbEntity
8
Panels
100
AcDbPolyline
90
4
70
1
38
-25.296
10
18191.857
20
3681.998
10
18268.857
20
3681.998
10
18268.857
20
3720.467
10
18191.857
20
3720.467
0
LWPOLYLINE
5
7FD9
100
AcDbEntity
8
Panels
100
AcDbPolyline
90
4
70
1
38
-25.296
10
18114.607
20
3681.998
10
18191.607
20
3681.998
10
18191.607
20
3720.467
10
18114.607
20
3720.467
0
LWPOLYLINE
5
7FD8
100
AcDbEntity
8
Panels
100
AcDbPolyline
90
4
70
1
38
-25.296
10
18037.357
20
3681.998
10
18114.357
20
3681.998
10
18114.357
20
3720.467
10
18037.357
20
3720.467
0
LWPOLYLINE
5
7FD7
100
AcDbEntity
8
Panels
100
AcDbPolyline
90
4
70
1
38
-25.296
10
17960.107
20
3681.998
10
18037.107
20
3681.998
10
18037.107
20
3720.467
10
17960.107
20
3720.467
0
LWPOLYLINE
5
7FD6
100
AcDbEntity
8
Panels
100
AcDbPolyline
90
4
70
1
38
-25.296
10
17882.857
20
3681.998
10
17959.857
20
3681.998
10
17959.857
20
3720.467
10
17882.857
20
3720.467
0
LWPOLYLINE
5
7FD5
100
AcDbEntity
8
Panels
100
AcDbPolyline
90
4
70
1
38
-25.296
10
17805.607
20
3681.998
10
17882.607
20
3681.998
10
17882.607
20
3720.467
10
17805.607
20
3720.467
0
LWPOLYLINE
5
7FD4
100
AcDbEntity
8
Panels
100
AcDbPolyline
90
4
70
1
38
-25.296
10
17728.357
20
3681.998
10
17805.357
20
3681.998
10
17805.357
20
3720.467
10
17728.357
20
3720.467
0
LWPOLYLINE
5
7FD3
100
AcDbEntity
8
Panels
100
AcDbPolyline
90
4
70
1
38
-25.296
10
18191.857
20
3739.805
10
18268.857
20
3739.805
10
18268.857
20
3778.274
10
18191.857
20
3778.274
0
LWPOLYLINE
5
7FD2
100
AcDbEntity
8
Panels
100
AcDbPolyline
90
4
70
1
38
-25.296
10
18114.607
20
3739.805
10
18191.607
20
3739.805
10
18191.607
20
3778.274
10
18114.607
20
3778.274
0
LWPOLYLINE
5
7FD1
100
AcDbEntity
8
Panels
100
AcDbPolyline
90
4
70
1
38
-25.296
10
18037.357
20
3739.805
10
18114.357
20
3739.805
10
18114.357
20
3778.274
10
18037.357
20
3778.274
0
LWPOLYLINE
5
7FD0
100
AcDbEntity
8
Panels
100
AcDbPolyline
90
4
70
1
38
-25.296
10
17960.107
20
3739.805
10
18037.107
20
3739.805
10
18037.107
20
3778.274
10
17960.107
20
3778.274
0
LWPOLYLINE
5
7FCF
100
AcDbEntity
8
Panels
100
AcDbPolyline
90
4
70
1
38
-25.296
10
17882.857
20
3739.805
10
17959.857
20
3739.805
10
17959.857
20
3778.274
10
17882.857
20
3778.274
0
LWPOLYLINE
5
7FCE
100
AcDbEntity
8
Panels
100
AcDbPolyline
90
4
70
1
38
-25.296
10
17805.607
20
3739.805
10
17882.607
20
3739.805
10
17882.607
20
3778.274
10
17805.607
20
3778.274
0
LWPOLYLINE
5
7FCD
100
AcDbEntity
8
Panels
100
AcDbPolyline
90
4
70
1
38
-25.296
10
17728.357
20
3739.805
10
17805.357
20
3739.805
10
17805.357
20
3778.274
10
17728.357
20
3778.274
0
LWPOLYLINE
5
7FCC
100
AcDbEntity
8
Panels
100
AcDbPolyline
90
4
70
1
38
-25.296
10
17651.107
20
3739.805
10
17728.107
20
3739.805
10
17728.107
20
3778.274
10
17651.107
20
3778.274
0
LWPOLYLINE
5
7FCB
100
AcDbEntity
8
Panels
100
AcDbPolyline
90
4
70
1
38
-25.296
10
17419.357
20
3739.805
10
17496.357
20
3739.805
10
17496.357
20
3778.274
10
17419.357
20
3778.274
0
LWPOLYLINE
5
7FCA
100
AcDbEntity
8
Panels
100
AcDbPolyline
90
4
70
1
38
-25.296
10
17342.107
20
3739.805
10
17419.107
20
3739.805
10
17419.107
20
3778.274
10
17342.107
20
3778.274
0
LWPOLYLINE
5
7FC9
100
AcDbEntity
8
Panels
100
AcDbPolyline
90
4
70
1
38
-25.296
10
18191.857
20
3797.612
10
18268.857
20
3797.612
10
18268.857
20
3836.081
10
18191.857
20
3836.081
0
LWPOLYLINE
5
7FC8
100
AcDbEntity
8
Panels
100
AcDbPolyline
90
4
70
1
38
-25.296
10
18114.607
20
3797.612
10
18191.607
20
3797.612
10
18191.607
20
3836.081
10
18114.607
20
3836.081
0
LWPOLYLINE
5
7FC7
100
AcDbEntity
8
Panels
100
AcDbPolyline
90
4
70
1
38
-25.296
10
18037.357
20
3797.612
10
18114.357
20
3797.612
10
18114.357
20
3836.081
10
18037.357
20
3836.081
0
LWPOLYLINE
5
7FC6
100
AcDbEntity
8
Panels
100
AcDbPolyline
90
4
70
1
38
-25.296
10
17960.107
20
3797.612
10
18037.107
20
3797.612
10
18037.107
20
3836.081
10
17960.107
20
3836.081
0
LWPOLYLINE
5
7FC5
100
AcDbEntity
8
Panels
100
AcDbPolyline
90
4
70
1
38
-25.296
10
17882.857
20
3797.612
10
17959.857
20
3797.612
10
17959.857
20
3836.081
10
17882.857
20
3836.081
0
LWPOLYLINE
5
7FC4
100
AcDbEntity
8
Panels
100
AcDbPolyline
90
4
70
1
38
-25.296
10
17805.607
20
3797.612
10
17882.607
20
3797.612
10
17882.607
20
3836.081
10
17805.607
20
3836.081
0
LWPOLYLINE
5
7FC3
100
AcDbEntity
8
Panels
100
AcDbPolyline
90
4
70
1
38
-25.296
10
17728.357
20
3797.612
10
17805.357
20
3797.612
10
17805.357
20
3836.081
10
17728.357
20
3836.081
0
LWPOLYLINE
5
7FC2
100
AcDbEntity
8
Panels
100
AcDbPolyline
90
4
70
1
38
-25.296
10
17651.107
20
3797.612
10
17728.107
20
3797.612
10
17728.107
20
3836.081
10
17651.107
20
3836.081
0
LWPOLYLINE
5
7FC1
100
AcDbEntity
8
Panels
100
AcDbPolyline
90
4
70
1
38
-25.296
10
17573.857
20
3797.612
10
17650.857
20
3797.612
10
17650.857
20
3836.081
10
17573.857
20
3836.081
0
LWPOLYLINE
5
7FC0
100
AcDbEntity
8
Panels
100
AcDbPolyline
90
4
70
1
38
-25.296
10
17496.607
20
3797.612
10
17573.607
20
3797.612
10
17573.607
20
3836.081
10
17496.607
20
3836.081
0
LWPOLYLINE
5
7FBF
100
AcDbEntity
8
Panels
100
AcDbPolyline
90
4
70
1
38
-25.296
10
17419.357
20
3797.612
10
17496.357
20
3797.612
10
17496.357
20
3836.081
10
17419.357
20
3836.081
0
LWPOLYLINE
5
7FBE
100
AcDbEntity
8
Panels
100
AcDbPolyline
90
4
70
1
38
-25.296
10
17342.107
20
3797.612
10
17419.107
20
3797.612
10
17419.107
20
3836.081
10
17342.107
20
3836.081
0
LWPOLYLINE
5
7FBD
100
AcDbEntity
8
Panels
100
AcDbPolyline
90
4
70
1
38
-25.296
10
18191.857
20
3855.419
10
18268.857
20
3855.419
10
18268.857
20
3893.887
10
18191.857
20
3893.887
0
LWPOLYLINE
5
7FBC
100
AcDbEntity
8
Panels
100
AcDbPolyline
90
4
70
1
38
-25.296
10
18114.607
20
3855.419
10
18191.607
20
3855.419
10
18191.607
20
3893.887
10
18114.607
20
3893.887
0
LWPOLYLINE
5
7FBB
100
AcDbEntity
8
Panels
100
AcDbPolyline
90
4
70
1
38
-25.296
10
18037.357
20
3855.419
10
18114.357
20
3855.419
10
18114.357
20
3893.887
10
18037.357
20
3893.887
0
LWPOLYLINE
5
7FBA
100
AcDbEntity
8
Panels
100
AcDbPolyline
90
4
70
1
38
-25.296
10
17960.107
20
3855.419
10
18037.107
20
3855.419
10
18037.107
20
3893.887
10
17960.107
20
3893.887
0
LWPOLYLINE
5
7FB9
100
AcDbEntity
8
Panels
100
AcDbPolyline
90
4
70
1
38
-25.296
10
17882.857
20
3855.419
10
17959.857
20
3855.419
10
17959.857
20
3893.887
10
17882.857
20
3893.887
0
LWPOLYLINE
5
7FB8
100
AcDbEntity
8
Panels
100
AcDbPolyline
90
4
70
1
38
-25.296
10
17805.607
20
3855.419
10
17882.607
20
3855.419
10
17882.607
20
3893.887
10
17805.607
20
3893.887
0
LWPOLYLINE
5
7FB7
100
AcDbEntity
8
Panels
100
AcDbPolyline
90
4
70
1
38
-25.296
10
17728.357
20
3855.419
10
17805.357
20
3855.419
10
17805.357
20
3893.887
10
17728.357
20
3893.887
0
LWPOLYLINE
5
7FB6
100
AcDbEntity
8
Panels
100
AcDbPolyline
90
4
70
1
38
-25.296
10
17651.107
20
3855.419
10
17728.107
20
3855.419
10
17728.107
20
3893.887
10
17651.107
20
3893.887
0
LWPOLYLINE
5
7FB5
100
AcDbEntity
8
Panels
100
AcDbPolyline
90
4
70
1
38
-25.296
10
17573.857
20
3855.419
10
17650.857
20
3855.419
10
17650.857
20
3893.887
10
17573.857
20
3893.887
0
LWPOLYLINE
5
7FB4
100
AcDbEntity
8
Panels
100
AcDbPolyline
90
4
70
1
38
-25.296
10
17496.607
20
3855.419
10
17573.607
20
3855.419
10
17573.607
20
3893.887
10
17496.607
20
3893.887
0
LWPOLYLINE
5
7FB3
100
AcDbEntity
8
Panels
100
AcDbPolyline
90
4
70
1
38
-25.296
10
17419.357
20
3855.419
10
17496.357
20
3855.419
10
17496.357
20
3893.887
10
17419.357
20
3893.887
0
LWPOLYLINE
5
7FB2
100
AcDbEntity
8
Panels
100
AcDbPolyline
90
4
70
1
38
-25.296
10
17342.107
20
3855.419
10
17419.107
20
3855.419
10
17419.107
20
3893.887
10
17342.107
20
3893.887
0
LWPOLYLINE
5
7FB1
100
AcDbEntity
8
Panels
100
AcDbPolyline
90
4
70
1
38
-25.296
10
18269.107
20
3971.032
10
18346.107
20
3971.032
10
18346.107
20
4009.501
10
18269.107
20
4009.501
0
LWPOLYLINE
5
7FB0
100
AcDbEntity
8
Panels
100
AcDbPolyline
90
4
70
1
38
-25.296
10
18423.607
20
3971.032
10
18500.607
20
3971.032
10
18500.607
20
4009.501
10
18423.607
20
4009.501
0
LWPOLYLINE
5
7FAF
100
AcDbEntity
8
Panels
100
AcDbPolyline
90
4
70
1
38
-25.296
10
18191.857
20
3971.032
10
18268.857
20
3971.032
10
18268.857
20
4009.501
10
18191.857
20
4009.501
0
LWPOLYLINE
5
7FAE
100
AcDbEntity
8
Panels
100
AcDbPolyline
90
4
70
1
38
-25.296
10
18114.607
20
3971.032
10
18191.607
20
3971.032
10
18191.607
20
4009.501
10
18114.607
20
4009.501
0
LWPOLYLINE
5
7FAD
100
AcDbEntity
8
Panels
100
AcDbPolyline
90
4
70
1
38
-25.296
10
18037.357
20
3971.032
10
18114.357
20
3971.032
10
18114.357
20
4009.501
10
18037.357
20
4009.501
0
LWPOLYLINE
5
7FAC
100
AcDbEntity
8
Panels
100
AcDbPolyline
90
4
70
1
38
-25.296
10
17960.107
20
3971.032
10
18037.107
20
3971.032
10
18037.107
20
4009.501
10
17960.107
20
4009.501
0
LWPOLYLINE
5
7FAB
100
AcDbEntity
8
Panels
100
AcDbPolyline
90
4
70
1
38
-25.296
10
17882.857
20
3971.032
10
17959.857
20
3971.032
10
17959.857
20
4009.501
10
17882.857
20
4009.501
0
LWPOLYLINE
5
7FAA
100
AcDbEntity
8
Panels
100
AcDbPolyline
90
4
70
1
38
-25.296
10
17805.607
20
3971.032
10
17882.607
20
3971.032
10
17882.607
20
4009.501
10
17805.607
20
4009.501
0
LWPOLYLINE
5
7FA9
100
AcDbEntity
8
Panels
100
AcDbPolyline
90
4
70
1
38
-25.296
10
17728.357
20
3971.032
10
17805.357
20
3971.032
10
17805.357
20
4009.501
10
17728.357
20
4009.501
0
LWPOLYLINE
5
7FA8
100
AcDbEntity
8
Panels
100
AcDbPolyline
90
4
70
1
38
-25.296
10
17651.107
20
3971.032
10
17728.107
20
3971.032
10
17728.107
20
4009.501
10
17651.107
20
4009.501
0
LWPOLYLINE
5
7FA7
100
AcDbEntity
8
Panels
100
AcDbPolyline
90
4
70
1
38
-25.296
10
17573.857
20
3971.032
10
17650.857
20
3971.032
10
17650.857
20
4009.501
10
17573.857
20
4009.501
0
LWPOLYLINE
5
7FA6
100
AcDbEntity
8
Panels
100
AcDbPolyline
90
4
70
1
38
-25.296
10
17496.607
20
3971.032
10
17573.607
20
3971.032
10
17573.607
20
4009.501
10
17496.607
20
4009.501
0
LWPOLYLINE
5
7FA5
100
AcDbEntity
8
Panels
100
AcDbPolyline
90
4
70
1
38
-25.296
10
17419.357
20
3971.032
10
17496.357
20
3971.032
10
17496.357
20
4009.501
10
17419.357
20
4009.501
0
LWPOLYLINE
5
7FA4
100
AcDbEntity
8
Panels
100
AcDbPolyline
90
4
70
1
38
-25.296
10
17342.107
20
3971.032
10
17419.107
20
3971.032
10
17419.107
20
4009.501
10
17342.107
20
4009.501
0
LWPOLYLINE
5
7FA3
100
AcDbEntity
8
Panels
100
AcDbPolyline
90
4
70
1
38
-25.296
10
17264.857
20
3971.032
10
17341.857
20
3971.032
10
17341.857
20
4009.501
10
17264.857
20
4009.501
0
ENDSEC
0
EOF
